"../../../Engine/Content/EditorResources/S_Actor.ubulk" 0
"../../../Engine/Content/EditorResources/S_Actor.uasset" 1
"../../../Engine/Content/EditorResources/S_Actor.uexp" 2
"../../../Engine/Content/EditorResources/S_BoxReflectionCapture.uasset" 3
"../../../Engine/Content/EditorResources/S_BoxReflectionCapture.uexp" 4
"../../../Engine/Content/EngineResources/DefaultTexture.ubulk" 5
"../../../Engine/Content/EngineResources/DefaultTexture.uasset" 6
"../../../Engine/Content/EngineResources/DefaultTexture.uexp" 7
"../../../Engine/Content/EngineResources/DefaultTextureCube.uasset" 8
"../../../Engine/Content/EngineResources/DefaultTextureCube.uexp" 9
"../../../Engine/Content/EngineResources/DefaultVolumeTexture2D.uasset" 10
"../../../Engine/Content/EngineResources/DefaultVolumeTexture2D.uexp" 11
"../../../Engine/Content/EngineResources/DefaultVolumeTexture.uasset" 12
"../../../Engine/Content/EngineResources/DefaultVolumeTexture.uexp" 13
"../../../Engine/Content/EditorResources/S_Trigger.ubulk" 14
"../../../Engine/Content/EditorResources/S_Trigger.uasset" 15
"../../../Engine/Content/EditorResources/S_Trigger.uexp" 16
"../../../Engine/Content/EditorResources/S_TriggerBox.uasset" 17
"../../../Engine/Content/EditorResources/S_TriggerBox.uexp" 18
"../../../Engine/Content/EditorResources/S_TriggerCapsule.uasset" 19
"../../../Engine/Content/EditorResources/S_TriggerCapsule.uexp" 20
"../../../Engine/Content/EditorResources/S_TriggerSphere.uasset" 21
"../../../Engine/Content/EditorResources/S_TriggerSphere.uexp" 22
"../../../Engine/Content/EngineMeshes/Sphere.ubulk" 23
"../../../Engine/Content/EngineMeshes/Sphere.uasset" 24
"../../../Engine/Content/EngineMeshes/Sphere.uexp" 25
"../../../Engine/Content/EngineResources/GradientTexture0.uasset" 26
"../../../Engine/Content/EngineResources/GradientTexture0.uexp" 27
"../../../Engine/Content/EngineResources/Black.uasset" 28
"../../../Engine/Content/EngineResources/Black.uexp" 29
"../../../Engine/Content/VREditor/LaserPointer/VR_LaserPower_01.ubulk" 30
"../../../Engine/Content/VREditor/LaserPointer/VR_LaserPower_01.uasset" 31
"../../../Engine/Content/VREditor/LaserPointer/VR_LaserPower_01.uexp" 32
"../../../Engine/Content/VREditor/TransformGizmo/TransformGizmoMaterial.uasset" 33
"../../../Engine/Content/VREditor/TransformGizmo/TransformGizmoMaterial.uexp" 34
"../../../Engine/Content/VREditor/TransformGizmo/TranslucentTransformGizmoMaterial.uasset" 35
"../../../Engine/Content/VREditor/TransformGizmo/TranslucentTransformGizmoMaterial.uexp" 36
"../../../Engine/Content/VREditor/TransformGizmo/BoundingBoxCorner.ubulk" 37
"../../../Engine/Content/VREditor/TransformGizmo/BoundingBoxCorner.uasset" 38
"../../../Engine/Content/VREditor/TransformGizmo/BoundingBoxCorner.uexp" 39
"../../../Engine/Content/VREditor/TransformGizmo/BoundingBoxEdge.ubulk" 40
"../../../Engine/Content/VREditor/TransformGizmo/BoundingBoxEdge.uasset" 41
"../../../Engine/Content/VREditor/TransformGizmo/BoundingBoxEdge.uexp" 42
"../../../Engine/Content/VREditor/TransformGizmo/Main.uasset" 43
"../../../Engine/Content/VREditor/TransformGizmo/Main.uexp" 44
"../../../Engine/Content/VREditor/TransformGizmo/Xray.uasset" 45
"../../../Engine/Content/VREditor/TransformGizmo/Xray.uexp" 46
"../../../Engine/Content/VREditor/TransformGizmo/SM_Sequencer_Node.ubulk" 47
"../../../Engine/Content/VREditor/TransformGizmo/SM_Sequencer_Node.uasset" 48
"../../../Engine/Content/VREditor/TransformGizmo/SM_Sequencer_Node.uexp" 49
"../../../Engine/Content/EditorResources/S_Solver.ubulk" 50
"../../../Engine/Content/EditorResources/S_Solver.uasset" 51
"../../../Engine/Content/EditorResources/S_Solver.uexp" 52
"../../../Engine/Content/EditorMaterials/Camera/CineMat.uasset" 53
"../../../Engine/Content/EditorMaterials/Camera/CineMat.uexp" 54
"../../../Engine/Content/EditorMaterials/Camera/MI_CineMat_Rig.uasset" 55
"../../../Engine/Content/EditorMaterials/Camera/MI_CineMat_Rig.uexp" 56
"../../../Engine/Content/EditorMeshes/Camera/SM_CraneRig_Base.ubulk" 57
"../../../Engine/Content/EditorMeshes/Camera/SM_CraneRig_Base.uasset" 58
"../../../Engine/Content/EditorMeshes/Camera/SM_CraneRig_Base.uexp" 59
"../../../Engine/Content/EditorMeshes/Camera/SM_CraneRig_Arm.ubulk" 60
"../../../Engine/Content/EditorMeshes/Camera/SM_CraneRig_Arm.uasset" 61
"../../../Engine/Content/EditorMeshes/Camera/SM_CraneRig_Arm.uexp" 62
"../../../Engine/Content/EditorMeshes/Camera/SM_CraneRig_Mount.ubulk" 63
"../../../Engine/Content/EditorMeshes/Camera/SM_CraneRig_Mount.uasset" 64
"../../../Engine/Content/EditorMeshes/Camera/SM_CraneRig_Mount.uexp" 65
"../../../Engine/Content/EditorMeshes/Camera/SM_CraneRig_Body.ubulk" 66
"../../../Engine/Content/EditorMeshes/Camera/SM_CraneRig_Body.uasset" 67
"../../../Engine/Content/EditorMeshes/Camera/SM_CraneRig_Body.uexp" 68
"../../../Engine/Content/EditorMeshes/Camera/SM_RailRig_Track.ubulk" 69
"../../../Engine/Content/EditorMeshes/Camera/SM_RailRig_Track.uasset" 70
"../../../Engine/Content/EditorMeshes/Camera/SM_RailRig_Track.uexp" 71
"../../../Engine/Content/EditorMeshes/Camera/SM_RailRig_Mount.ubulk" 72
"../../../Engine/Content/EditorMeshes/Camera/SM_RailRig_Mount.uasset" 73
"../../../Engine/Content/EditorMeshes/Camera/SM_RailRig_Mount.uexp" 74
"../../../Engine/Content/EngineMaterials/T_Default_Material_Grid_M.ubulk" 75
"../../../Engine/Content/EngineMaterials/T_Default_Material_Grid_M.uasset" 76
"../../../Engine/Content/EngineMaterials/T_Default_Material_Grid_M.uexp" 77
"../../../Engine/Content/EngineMaterials/T_Default_Material_Grid_N.ubulk" 78
"../../../Engine/Content/EngineMaterials/T_Default_Material_Grid_N.uasset" 79
"../../../Engine/Content/EngineMaterials/T_Default_Material_Grid_N.uexp" 80
"../../../Engine/Content/Functions/Engine_MaterialFunctions01/Opacity/CameraDepthFade.uasset" 81
"../../../Engine/Content/Functions/Engine_MaterialFunctions01/Opacity/CameraDepthFade.uexp" 82
"../../../Engine/Content/EngineMaterials/WorldGridMaterial.uasset" 83
"../../../Engine/Content/EngineMaterials/WorldGridMaterial.uexp" 84
"../../../Engine/Content/ArtTools/RenderToTexture/Meshes/S_1_Unit_Plane.ubulk" 85
"../../../Engine/Content/ArtTools/RenderToTexture/Meshes/S_1_Unit_Plane.uasset" 86
"../../../Engine/Content/ArtTools/RenderToTexture/Meshes/S_1_Unit_Plane.uexp" 87
"../../../Engine/Content/EditorMaterials/ParticleSystems/PSysThumbnail_NoImage.ubulk" 88
"../../../Engine/Content/EditorMaterials/ParticleSystems/PSysThumbnail_NoImage.uasset" 89
"../../../Engine/Content/EditorMaterials/ParticleSystems/PSysThumbnail_NoImage.uexp" 90
"../../../Engine/Content/EditorMaterials/ParticleSystems/PSysThumbnail_OOD.ubulk" 91
"../../../Engine/Content/EditorMaterials/ParticleSystems/PSysThumbnail_OOD.uasset" 92
"../../../Engine/Content/EditorMaterials/ParticleSystems/PSysThumbnail_OOD.uexp" 93
"../../../Engine/Content/EditorLandscapeResources/SplineEditorMeshMat.uasset" 94
"../../../Engine/Content/EditorLandscapeResources/SplineEditorMeshMat.uexp" 95
"../../../Engine/Content/EditorLandscapeResources/SplineEditorMesh.ubulk" 96
"../../../Engine/Content/EditorLandscapeResources/SplineEditorMesh.uasset" 97
"../../../Engine/Content/EditorLandscapeResources/SplineEditorMesh.uexp" 98
"../../../Engine/Plugins/Media/MediaPlate/Content/SM_MediaPlateScreen.ubulk" 99
"../../../Engine/Plugins/Media/MediaPlate/Content/SM_MediaPlateScreen.uasset" 100
"../../../Engine/Plugins/Media/MediaPlate/Content/SM_MediaPlateScreen.uexp" 101
"../../../Engine/Content/EngineMaterials/DefaultBokeh.uasset" 102
"../../../Engine/Content/EngineMaterials/DefaultBokeh.uexp" 103
"../../../Engine/Content/EngineMaterials/MiniFont.uasset" 104
"../../../Engine/Content/EngineMaterials/MiniFont.uexp" 105
"../../../Engine/Content/EngineMaterials/WeightMapPlaceholderTexture.uasset" 106
"../../../Engine/Content/EngineMaterials/WeightMapPlaceholderTexture.uexp" 107
"../../../Engine/Content/EngineMaterials/WeightMapArrayPlaceholderTexture.uasset" 108
"../../../Engine/Content/EngineMaterials/WeightMapArrayPlaceholderTexture.uexp" 109
"../../../Engine/Content/EngineMaterials/DefaultWhiteGrid.ubulk" 110
"../../../Engine/Content/EngineMaterials/DefaultWhiteGrid.uasset" 111
"../../../Engine/Content/EngineMaterials/DefaultWhiteGrid.uexp" 112
"../../../Engine/Content/EngineMaterials/PreintegratedSkinBRDF.uasset" 113
"../../../Engine/Content/EngineMaterials/PreintegratedSkinBRDF.uexp" 114
"../../../Engine/Plugins/Runtime/MeshModelingToolset/Content/Materials/M_DynamicMeshComponentVtxColor.uasset" 115
"../../../Engine/Plugins/Runtime/MeshModelingToolset/Content/Materials/M_DynamicMeshComponentVtxColor.uexp" 116
"../../../Engine/Plugins/Runtime/CommonUI/Content/DefaultMediaTexture.uasset" 117
"../../../Engine/Plugins/Runtime/CommonUI/Content/DefaultMediaTexture.uexp" 118
"../../../Engine/Plugins/Runtime/CommonUI/Content/VideoPlayerMaterial.uasset" 119
"../../../Engine/Plugins/Runtime/CommonUI/Content/VideoPlayerMaterial.uexp" 120
"../../../Engine/Plugins/Interchange/Runtime/Content/Pipelines/DefaultTexturePipeline.uasset" 121
"../../../Engine/Plugins/Interchange/Runtime/Content/Pipelines/DefaultTexturePipeline.uexp" 122
"../../../Engine/Plugins/Interchange/Runtime/Content/Pipelines/DefaultSceneLevelPipeline.uasset" 123
"../../../Engine/Plugins/Interchange/Runtime/Content/Pipelines/DefaultSceneLevelPipeline.uexp" 124
"../../../Engine/Plugins/Interchange/Runtime/Content/Pipelines/DefaultSceneAssetsPipeline.uasset" 125
"../../../Engine/Plugins/Interchange/Runtime/Content/Pipelines/DefaultSceneAssetsPipeline.uexp" 126
"../../../Engine/Plugins/Interchange/Runtime/Content/Pipelines/DefaultMaterialXPipeline.uasset" 127
"../../../Engine/Plugins/Interchange/Runtime/Content/Pipelines/DefaultMaterialXPipeline.uexp" 128
"../../../Engine/Plugins/Interchange/Runtime/Content/Pipelines/DefaultMaterialPipeline.uasset" 129
"../../../Engine/Plugins/Interchange/Runtime/Content/Pipelines/DefaultMaterialPipeline.uexp" 130
"../../../Engine/Plugins/Interchange/Runtime/Content/Pipelines/DefaultGLTFSceneAssetsPipeline.uasset" 131
"../../../Engine/Plugins/Interchange/Runtime/Content/Pipelines/DefaultGLTFSceneAssetsPipeline.uexp" 132
"../../../Engine/Plugins/Interchange/Runtime/Content/Pipelines/DefaultGLTFPipeline.uasset" 133
"../../../Engine/Plugins/Interchange/Runtime/Content/Pipelines/DefaultGLTFPipeline.uexp" 134
"../../../Engine/Plugins/Interchange/Runtime/Content/Pipelines/DefaultGLTFAssetsPipeline.uasset" 135
"../../../Engine/Plugins/Interchange/Runtime/Content/Pipelines/DefaultGLTFAssetsPipeline.uexp" 136
"../../../Engine/Plugins/Interchange/Runtime/Content/Pipelines/DefaultAssetsPipeline.uasset" 137
"../../../Engine/Plugins/Interchange/Runtime/Content/Pipelines/DefaultAssetsPipeline.uexp" 138
"../../../Engine/Plugins/Interchange/Runtime/Content/Functions/MX_UsdPreviewSurface.uasset" 139
"../../../Engine/Plugins/Interchange/Runtime/Content/Functions/MX_UsdPreviewSurface.uexp" 140
"../../../Engine/Plugins/Interchange/Runtime/Content/Functions/MX_UniformEDF.uasset" 141
"../../../Engine/Plugins/Interchange/Runtime/Content/Functions/MX_UniformEDF.uexp" 142
"../../../Engine/Plugins/Interchange/Runtime/Content/Functions/MX_TranslucentBSDF.uasset" 143
"../../../Engine/Plugins/Interchange/Runtime/Content/Functions/MX_TranslucentBSDF.uexp" 144
"../../../Engine/Plugins/Interchange/Runtime/Content/Functions/MX_ThinFilmBSDF.uasset" 145
"../../../Engine/Plugins/Interchange/Runtime/Content/Functions/MX_ThinFilmBSDF.uexp" 146
"../../../Engine/Plugins/Interchange/Runtime/Content/Functions/MX_SurfaceUnlit.uasset" 147
"../../../Engine/Plugins/Interchange/Runtime/Content/Functions/MX_SurfaceUnlit.uexp" 148
"../../../Engine/Plugins/Interchange/Runtime/Content/Functions/MX_Surface.uasset" 149
"../../../Engine/Plugins/Interchange/Runtime/Content/Functions/MX_Surface.uexp" 150
"../../../Engine/Plugins/Interchange/Runtime/Content/Functions/MX_SubsurfaceBSDF.uasset" 151
"../../../Engine/Plugins/Interchange/Runtime/Content/Functions/MX_SubsurfaceBSDF.uexp" 152
"../../../Engine/Plugins/Interchange/Runtime/Content/Functions/MX_SheenBSDF.uasset" 153
"../../../Engine/Plugins/Interchange/Runtime/Content/Functions/MX_SheenBSDF.uexp" 154
"../../../Engine/Plugins/Interchange/Runtime/Content/Functions/MX_OrenNayarBSDF.uasset" 155
"../../../Engine/Plugins/Interchange/Runtime/Content/Functions/MX_OrenNayarBSDF.uexp" 156
"../../../Engine/Content/Functions/Engine_MaterialFunctions02/Utility/CameraDirectionVector.uasset" 157
"../../../Engine/Content/Functions/Engine_MaterialFunctions02/Utility/CameraDirectionVector.uexp" 158
"../../../Engine/Content/Functions/Engine_MaterialFunctions01/Volumetrics/BeersLaw.uasset" 159
"../../../Engine/Content/Functions/Engine_MaterialFunctions01/Volumetrics/BeersLaw.uexp" 160
"../../../Engine/Content/EngineMaterials/Good64x64TilingNoiseHighFreq.uasset" 161
"../../../Engine/Content/EngineMaterials/Good64x64TilingNoiseHighFreq.uexp" 162
"../../../Engine/Content/Functions/Engine_MaterialFunctions02/Texturing/ScreenAlignedPixelToPixelUVs.uasset" 163
"../../../Engine/Content/Functions/Engine_MaterialFunctions02/Texturing/ScreenAlignedPixelToPixelUVs.uexp" 164
"../../../Engine/Plugins/Interchange/Runtime/Content/gltf/MaterialFunctions/MF_Temporal_Blur.uasset" 165
"../../../Engine/Plugins/Interchange/Runtime/Content/gltf/MaterialFunctions/MF_Temporal_Blur.uexp" 166
"../../../Engine/Plugins/Interchange/Runtime/Content/gltf/MaterialFunctions/MF_Fresnel_DS.uasset" 167
"../../../Engine/Plugins/Interchange/Runtime/Content/gltf/MaterialFunctions/MF_Fresnel_DS.uexp" 168
"../../../Engine/Content/Functions/Engine_MaterialFunctions02/Utility/BreakOutFloat3Components.uasset" 169
"../../../Engine/Content/Functions/Engine_MaterialFunctions02/Utility/BreakOutFloat3Components.uexp" 170
"../../../Engine/Plugins/Interchange/Runtime/Content/Functions/MX_Transmission.uasset" 171
"../../../Engine/Plugins/Interchange/Runtime/Content/Functions/MX_Transmission.uexp" 172
"../../../Engine/Plugins/Interchange/Runtime/Content/Functions/MF_OrenNayerView.uasset" 173
"../../../Engine/Plugins/Interchange/Runtime/Content/Functions/MF_OrenNayerView.uexp" 174
"../../../Engine/Plugins/Interchange/Runtime/Content/Functions/MF_SchlickApprox.uasset" 175
"../../../Engine/Plugins/Interchange/Runtime/Content/Functions/MF_SchlickApprox.uexp" 176
"../../../Engine/Plugins/Interchange/Runtime/Content/Utilities/New_LUT.uasset" 177
"../../../Engine/Plugins/Interchange/Runtime/Content/Utilities/New_LUT.uexp" 178
"../../../Engine/Content/Functions/Engine_MaterialFunctions03/Math/RemapValueRange.uasset" 179
"../../../Engine/Content/Functions/Engine_MaterialFunctions03/Math/RemapValueRange.uexp" 180
"../../../Engine/Plugins/Interchange/Runtime/Content/Functions/MF_Iridescence.uasset" 181
"../../../Engine/Plugins/Interchange/Runtime/Content/Functions/MF_Iridescence.uexp" 182
"../../../Engine/Plugins/Interchange/Runtime/Content/Functions/MX_StandardSurface.uasset" 183
"../../../Engine/Plugins/Interchange/Runtime/Content/Functions/MX_StandardSurface.uexp" 184
"../../../Engine/Plugins/Interchange/Runtime/Content/Functions/MX_TransmissionSurface.uasset" 185
"../../../Engine/Plugins/Interchange/Runtime/Content/Functions/MX_TransmissionSurface.uexp" 186
"../../../Engine/Plugins/Interchange/Runtime/Content/Functions/MX_OpenPBR_Translucent.uasset" 187
"../../../Engine/Plugins/Interchange/Runtime/Content/Functions/MX_OpenPBR_Translucent.uexp" 188
"../../../Engine/Plugins/Interchange/Runtime/Content/Functions/MX_OpenPBR_Opaque.uasset" 189
"../../../Engine/Plugins/Interchange/Runtime/Content/Functions/MX_OpenPBR_Opaque.uexp" 190
"../../../Engine/Plugins/Interchange/Runtime/Content/Functions/MX_MeasuredEDF.uasset" 191
"../../../Engine/Plugins/Interchange/Runtime/Content/Functions/MX_MeasuredEDF.uexp" 192
"../../../Engine/Plugins/Interchange/Runtime/Content/Functions/MX_GeneralizedSchlickBSDF.uasset" 193
"../../../Engine/Plugins/Interchange/Runtime/Content/Functions/MX_GeneralizedSchlickBSDF.uexp" 194
"../../../Engine/Plugins/Interchange/Runtime/Content/Functions/MX_DielectricBSDF.uasset" 195
"../../../Engine/Plugins/Interchange/Runtime/Content/Functions/MX_DielectricBSDF.uexp" 196
"../../../Engine/Plugins/Interchange/Runtime/Content/Functions/MX_ConicalEDF.uasset" 197
"../../../Engine/Plugins/Interchange/Runtime/Content/Functions/MX_ConicalEDF.uexp" 198
"../../../Engine/Plugins/Interchange/Runtime/Content/Functions/MX_ConductorBSDF.uasset" 199
"../../../Engine/Plugins/Interchange/Runtime/Content/Functions/MX_ConductorBSDF.uexp" 200
"../../../Engine/Plugins/Interchange/Runtime/Content/Functions/MX_BurleyDiffuseBSDF.uasset" 201
"../../../Engine/Plugins/Interchange/Runtime/Content/Functions/MX_BurleyDiffuseBSDF.uexp" 202
"../../../Engine/Plugins/Interchange/Runtime/Content/Functions/MX_AnisotropicVDF.uasset" 203
"../../../Engine/Plugins/Interchange/Runtime/Content/Functions/MX_AnisotropicVDF.uexp" 204
"../../../Engine/Plugins/Interchange/Runtime/Content/Functions/MX_AbsorptionVDF.uasset" 205
"../../../Engine/Plugins/Interchange/Runtime/Content/Functions/MX_AbsorptionVDF.uexp" 206
"../../../Engine/Plugins/Editor/SpeedTreeImporter/Content/SpeedTree9/game_wind_noise.ubulk" 207
"../../../Engine/Plugins/Editor/SpeedTreeImporter/Content/SpeedTree9/game_wind_noise.uasset" 208
"../../../Engine/Plugins/Editor/SpeedTreeImporter/Content/SpeedTree9/game_wind_noise.uexp" 209
"../../../Engine/Plugins/Editor/SpeedTreeImporter/Content/SpeedTree9/UnpackDirection.uasset" 210
"../../../Engine/Plugins/Editor/SpeedTreeImporter/Content/SpeedTree9/UnpackDirection.uexp" 211
"../../../Engine/Content/Functions/Engine_MaterialFunctions02/ObjectLocalBounds.uasset" 212
"../../../Engine/Content/Functions/Engine_MaterialFunctions02/ObjectLocalBounds.uexp" 213
"../../../Engine/Content/Functions/Engine_MaterialFunctions02/UVs/BoundingBoxBased_0-1_UVW.uasset" 214
"../../../Engine/Content/Functions/Engine_MaterialFunctions02/UVs/BoundingBoxBased_0-1_UVW.uexp" 215
"../../../Engine/Content/Functions/Engine_MaterialFunctions02/Utility/VectorLength.uasset" 216
"../../../Engine/Content/Functions/Engine_MaterialFunctions02/Utility/VectorLength.uexp" 217
"../../../Engine/Plugins/Editor/SpeedTreeImporter/Content/SpeedTree9/UnpackInteger3.uasset" 218
"../../../Engine/Plugins/Editor/SpeedTreeImporter/Content/SpeedTree9/UnpackInteger3.uexp" 219
"../../../Engine/Plugins/Editor/SpeedTreeImporter/Content/SpeedTree9/SpeedTreeCameraFacing.uasset" 220
"../../../Engine/Plugins/Editor/SpeedTreeImporter/Content/SpeedTree9/SpeedTreeCameraFacing.uexp" 221
"../../../Engine/Content/Functions/Engine_MaterialFunctions02/WorldPositionOffset/ObjectScale.uasset" 222
"../../../Engine/Content/Functions/Engine_MaterialFunctions02/WorldPositionOffset/ObjectScale.uexp" 223
"../../../Engine/Content/Functions/Engine_MaterialFunctions02/SafeNormalize.uasset" 224
"../../../Engine/Content/Functions/Engine_MaterialFunctions02/SafeNormalize.uexp" 225
"../../../Engine/Plugins/Editor/SpeedTreeImporter/Content/SpeedTree9/SpeedTreeWindMotion.uasset" 226
"../../../Engine/Plugins/Editor/SpeedTreeImporter/Content/SpeedTree9/SpeedTreeWindMotion.uexp" 227
"../../../Engine/Plugins/Editor/SpeedTreeImporter/Content/SpeedTree9/SpeedTreeBranchMotion.uasset" 228
"../../../Engine/Plugins/Editor/SpeedTreeImporter/Content/SpeedTree9/SpeedTreeBranchMotion.uexp" 229
"../../../Engine/Plugins/Editor/SpeedTreeImporter/Content/SpeedTree9/SpeedTreeWind.uasset" 230
"../../../Engine/Plugins/Editor/SpeedTreeImporter/Content/SpeedTree9/SpeedTreeWind.uexp" 231
"../../../Engine/Plugins/Editor/SpeedTreeImporter/Content/SpeedTree9/EmptyNormal.uasset" 232
"../../../Engine/Plugins/Editor/SpeedTreeImporter/Content/SpeedTree9/EmptyNormal.uexp" 233
"../../../Engine/Plugins/Editor/SpeedTreeImporter/Content/SpeedTree9/Empty.uasset" 234
"../../../Engine/Plugins/Editor/SpeedTreeImporter/Content/SpeedTree9/Empty.uexp" 235
"../../../Engine/Plugins/Editor/SpeedTreeImporter/Content/SpeedTree9/SpeedTreeMaster.uasset" 236
"../../../Engine/Plugins/Editor/SpeedTreeImporter/Content/SpeedTree9/SpeedTreeMaster.uexp" 237
"../../../Engine/Plugins/Editor/SpeedTreeImporter/Content/SpeedTree9/SpeedTreeBillboard.uasset" 238
"../../../Engine/Plugins/Editor/SpeedTreeImporter/Content/SpeedTree9/SpeedTreeBillboard.uexp" 239
"../../../Engine/Plugins/Editor/SpeedTreeImporter/Content/SpeedTree9/SpeedTreeBillboardMaster.uasset" 240
"../../../Engine/Plugins/Editor/SpeedTreeImporter/Content/SpeedTree9/SpeedTreeBillboardMaster.uexp" 241
"../../../Engine/Content/Functions/Engine_MaterialFunctions02/WorldPositionOffset/CameraOffset.uasset" 242
"../../../Engine/Content/Functions/Engine_MaterialFunctions02/WorldPositionOffset/CameraOffset.uexp" 243
"../../../Engine/Plugins/Animation/ControlRig/Content/M_Manip.uasset" 244
"../../../Engine/Plugins/Animation/ControlRig/Content/M_Manip.uexp" 245
"../../../Engine/Plugins/Animation/ControlRig/Content/Controls/ControlRigXRayMaterial.uasset" 246
"../../../Engine/Plugins/Animation/ControlRig/Content/Controls/ControlRigXRayMaterial.uexp" 247
"../../../Engine/Plugins/Animation/ControlRig/Content/Controls/ControlRigGizmoMaterial.uasset" 248
"../../../Engine/Plugins/Animation/ControlRig/Content/Controls/ControlRigGizmoMaterial.uexp" 249
"../../../Engine/Plugins/Animation/ControlRig/Content/Controls/ControlRig_Wedge_solid.ubulk" 250
"../../../Engine/Plugins/Animation/ControlRig/Content/Controls/ControlRig_Wedge_solid.uasset" 251
"../../../Engine/Plugins/Animation/ControlRig/Content/Controls/ControlRig_Wedge_solid.uexp" 252
"../../../Engine/Plugins/Animation/ControlRig/Content/Controls/ControlRig_Wedge_3mm.ubulk" 253
"../../../Engine/Plugins/Animation/ControlRig/Content/Controls/ControlRig_Wedge_3mm.uasset" 254
"../../../Engine/Plugins/Animation/ControlRig/Content/Controls/ControlRig_Wedge_3mm.uexp" 255
"../../../Engine/Plugins/Animation/ControlRig/Content/Controls/ControlRig_Wedge_1mm.ubulk" 256
"../../../Engine/Plugins/Animation/ControlRig/Content/Controls/ControlRig_Wedge_1mm.uasset" 257
"../../../Engine/Plugins/Animation/ControlRig/Content/Controls/ControlRig_Wedge_1mm.uexp" 258
"../../../Engine/Plugins/Animation/ControlRig/Content/Controls/ControlRig_Triangle_solid.ubulk" 259
"../../../Engine/Plugins/Animation/ControlRig/Content/Controls/ControlRig_Triangle_solid.uasset" 260
"../../../Engine/Plugins/Animation/ControlRig/Content/Controls/ControlRig_Triangle_solid.uexp" 261
"../../../Engine/Plugins/Animation/ControlRig/Content/Controls/ControlRig_Triangle_3mm.ubulk" 262
"../../../Engine/Plugins/Animation/ControlRig/Content/Controls/ControlRig_Triangle_3mm.uasset" 263
"../../../Engine/Plugins/Animation/ControlRig/Content/Controls/ControlRig_Triangle_3mm.uexp" 264
"../../../Engine/Plugins/Animation/ControlRig/Content/Controls/ControlRig_Triangle_1mm.ubulk" 265
"../../../Engine/Plugins/Animation/ControlRig/Content/Controls/ControlRig_Triangle_1mm.uasset" 266
"../../../Engine/Plugins/Animation/ControlRig/Content/Controls/ControlRig_Triangle_1mm.uexp" 267
"../../../Engine/Plugins/Animation/ControlRig/Content/Controls/ControlRig_Star4_solid.ubulk" 268
"../../../Engine/Plugins/Animation/ControlRig/Content/Controls/ControlRig_Star4_solid.uasset" 269
"../../../Engine/Plugins/Animation/ControlRig/Content/Controls/ControlRig_Star4_solid.uexp" 270
"../../../Engine/Plugins/Animation/ControlRig/Content/Controls/ControlRig_Star4_3mm.ubulk" 271
"../../../Engine/Plugins/Animation/ControlRig/Content/Controls/ControlRig_Star4_3mm.uasset" 272
"../../../Engine/Plugins/Animation/ControlRig/Content/Controls/ControlRig_Star4_3mm.uexp" 273
"../../../Engine/Plugins/Animation/ControlRig/Content/Controls/ControlRig_Star4_1mm.ubulk" 274
"../../../Engine/Plugins/Animation/ControlRig/Content/Controls/ControlRig_Star4_1mm.uasset" 275
"../../../Engine/Plugins/Animation/ControlRig/Content/Controls/ControlRig_Star4_1mm.uexp" 276
"../../../Engine/Plugins/Animation/ControlRig/Content/Controls/ControlRig_Square_solid.ubulk" 277
"../../../Engine/Plugins/Animation/ControlRig/Content/Controls/ControlRig_Square_solid.uasset" 278
"../../../Engine/Plugins/Animation/ControlRig/Content/Controls/ControlRig_Square_solid.uexp" 279
"../../../Engine/Plugins/Animation/ControlRig/Content/Controls/ControlRig_Square_3mm.ubulk" 280
"../../../Engine/Plugins/Animation/ControlRig/Content/Controls/ControlRig_Square_3mm.uasset" 281
"../../../Engine/Plugins/Animation/ControlRig/Content/Controls/ControlRig_Square_3mm.uexp" 282
"../../../Engine/Plugins/Animation/ControlRig/Content/Controls/ControlRig_Square_1mm.ubulk" 283
"../../../Engine/Plugins/Animation/ControlRig/Content/Controls/ControlRig_Square_1mm.uasset" 284
"../../../Engine/Plugins/Animation/ControlRig/Content/Controls/ControlRig_Square_1mm.uexp" 285
"../../../Engine/Plugins/Animation/ControlRig/Content/Controls/ControlRig_Sphere_solid.ubulk" 286
"../../../Engine/Plugins/Animation/ControlRig/Content/Controls/ControlRig_Sphere_solid.uasset" 287
"../../../Engine/Plugins/Animation/ControlRig/Content/Controls/ControlRig_Sphere_solid.uexp" 288
"../../../Engine/Plugins/Animation/ControlRig/Content/Controls/ControlRig_Sphere_3mm.ubulk" 289
"../../../Engine/Plugins/Animation/ControlRig/Content/Controls/ControlRig_Sphere_3mm.uasset" 290
"../../../Engine/Plugins/Animation/ControlRig/Content/Controls/ControlRig_Sphere_3mm.uexp" 291
"../../../Engine/Plugins/Animation/ControlRig/Content/Controls/ControlRig_Sphere_1mm.ubulk" 292
"../../../Engine/Plugins/Animation/ControlRig/Content/Controls/ControlRig_Sphere_1mm.uasset" 293
"../../../Engine/Plugins/Animation/ControlRig/Content/Controls/ControlRig_Sphere_1mm.uexp" 294
"../../../Engine/Plugins/Animation/ControlRig/Content/Controls/ControlRig_RoundedTriangle_solid.ubulk" 295
"../../../Engine/Plugins/Animation/ControlRig/Content/Controls/ControlRig_RoundedTriangle_solid.uasset" 296
"../../../Engine/Plugins/Animation/ControlRig/Content/Controls/ControlRig_RoundedTriangle_solid.uexp" 297
"../../../Engine/Plugins/Animation/ControlRig/Content/Controls/ControlRig_RoundedTriangle_3mm.ubulk" 298
"../../../Engine/Plugins/Animation/ControlRig/Content/Controls/ControlRig_RoundedTriangle_3mm.uasset" 299
"../../../Engine/Plugins/Animation/ControlRig/Content/Controls/ControlRig_RoundedTriangle_3mm.uexp" 300
"../../../Engine/Plugins/Animation/ControlRig/Content/Controls/ControlRig_RoundedTriangle_1mm.ubulk" 301
"../../../Engine/Plugins/Animation/ControlRig/Content/Controls/ControlRig_RoundedTriangle_1mm.uasset" 302
"../../../Engine/Plugins/Animation/ControlRig/Content/Controls/ControlRig_RoundedTriangle_1mm.uexp" 303
"../../../Engine/Plugins/Animation/ControlRig/Content/Controls/ControlRig_RoundedSquare_solid.ubulk" 304
"../../../Engine/Plugins/Animation/ControlRig/Content/Controls/ControlRig_RoundedSquare_solid.uasset" 305
"../../../Engine/Plugins/Animation/ControlRig/Content/Controls/ControlRig_RoundedSquare_solid.uexp" 306
"../../../Engine/Plugins/Animation/ControlRig/Content/Controls/ControlRig_RoundedSquare_3mm.ubulk" 307
"../../../Engine/Plugins/Animation/ControlRig/Content/Controls/ControlRig_RoundedSquare_3mm.uasset" 308
"../../../Engine/Plugins/Animation/ControlRig/Content/Controls/ControlRig_RoundedSquare_3mm.uexp" 309
"../../../Engine/Plugins/Animation/ControlRig/Content/Controls/ControlRig_RoundedSquare_1mm.ubulk" 310
"../../../Engine/Plugins/Animation/ControlRig/Content/Controls/ControlRig_RoundedSquare_1mm.uasset" 311
"../../../Engine/Plugins/Animation/ControlRig/Content/Controls/ControlRig_RoundedSquare_1mm.uexp" 312
"../../../Engine/Plugins/Animation/ControlRig/Content/Controls/ControlRig_QuarterCircle_solid.ubulk" 313
"../../../Engine/Plugins/Animation/ControlRig/Content/Controls/ControlRig_QuarterCircle_solid.uasset" 314
"../../../Engine/Plugins/Animation/ControlRig/Content/Controls/ControlRig_QuarterCircle_solid.uexp" 315
"../../../Engine/Plugins/Animation/ControlRig/Content/Controls/ControlRig_QuarterCircle_3mm.ubulk" 316
"../../../Engine/Plugins/Animation/ControlRig/Content/Controls/ControlRig_QuarterCircle_3mm.uasset" 317
"../../../Engine/Plugins/Animation/ControlRig/Content/Controls/ControlRig_QuarterCircle_3mm.uexp" 318
"../../../Engine/Plugins/Animation/ControlRig/Content/Controls/ControlRig_QuarterCircle_1mm.ubulk" 319
"../../../Engine/Plugins/Animation/ControlRig/Content/Controls/ControlRig_QuarterCircle_1mm.uasset" 320
"../../../Engine/Plugins/Animation/ControlRig/Content/Controls/ControlRig_QuarterCircle_1mm.uexp" 321
"../../../Engine/Plugins/Animation/ControlRig/Content/Controls/ControlRig_Pyramid_solid.ubulk" 322
"../../../Engine/Plugins/Animation/ControlRig/Content/Controls/ControlRig_Pyramid_solid.uasset" 323
"../../../Engine/Plugins/Animation/ControlRig/Content/Controls/ControlRig_Pyramid_solid.uexp" 324
"../../../Engine/Plugins/Animation/ControlRig/Content/Controls/ControlRig_Pyramid_3mm.ubulk" 325
"../../../Engine/Plugins/Animation/ControlRig/Content/Controls/ControlRig_Pyramid_3mm.uasset" 326
"../../../Engine/Plugins/Animation/ControlRig/Content/Controls/ControlRig_Pyramid_3mm.uexp" 327
"../../../Engine/Plugins/Animation/ControlRig/Content/Controls/ControlRig_Pyramid_1mm.ubulk" 328
"../../../Engine/Plugins/Animation/ControlRig/Content/Controls/ControlRig_Pyramid_1mm.uasset" 329
"../../../Engine/Plugins/Animation/ControlRig/Content/Controls/ControlRig_Pyramid_1mm.uexp" 330
"../../../Engine/Plugins/Animation/ControlRig/Content/Controls/ControlRig_Octagon_solid.ubulk" 331
"../../../Engine/Plugins/Animation/ControlRig/Content/Controls/ControlRig_Octagon_solid.uasset" 332
"../../../Engine/Plugins/Animation/ControlRig/Content/Controls/ControlRig_Octagon_solid.uexp" 333
"../../../Engine/Plugins/Animation/ControlRig/Content/Controls/ControlRig_Octagon_3mm.ubulk" 334
"../../../Engine/Plugins/Animation/ControlRig/Content/Controls/ControlRig_Octagon_3mm.uasset" 335
"../../../Engine/Plugins/Animation/ControlRig/Content/Controls/ControlRig_Octagon_3mm.uexp" 336
"../../../Engine/Plugins/Animation/ControlRig/Content/Controls/ControlRig_Octagon_1mm.ubulk" 337
"../../../Engine/Plugins/Animation/ControlRig/Content/Controls/ControlRig_Octagon_1mm.uasset" 338
"../../../Engine/Plugins/Animation/ControlRig/Content/Controls/ControlRig_Octagon_1mm.uexp" 339
"../../../Engine/Plugins/Animation/ControlRig/Content/Controls/ControlRig_Hexagon_solid.ubulk" 340
"../../../Engine/Plugins/Animation/ControlRig/Content/Controls/ControlRig_Hexagon_solid.uasset" 341
"../../../Engine/Plugins/Animation/ControlRig/Content/Controls/ControlRig_Hexagon_solid.uexp" 342
"../../../Engine/Plugins/Animation/ControlRig/Content/Controls/ControlRig_Hexagon_3mm.ubulk" 343
"../../../Engine/Plugins/Animation/ControlRig/Content/Controls/ControlRig_Hexagon_3mm.uasset" 344
"../../../Engine/Plugins/Animation/ControlRig/Content/Controls/ControlRig_Hexagon_3mm.uexp" 345
"../../../Engine/Plugins/Animation/ControlRig/Content/Controls/ControlRig_Hexagon_1mm.ubulk" 346
"../../../Engine/Plugins/Animation/ControlRig/Content/Controls/ControlRig_Hexagon_1mm.uasset" 347
"../../../Engine/Plugins/Animation/ControlRig/Content/Controls/ControlRig_Hexagon_1mm.uexp" 348
"../../../Engine/Plugins/Animation/ControlRig/Content/Controls/ControlRig_HalfCircle_solid.ubulk" 349
"../../../Engine/Plugins/Animation/ControlRig/Content/Controls/ControlRig_HalfCircle_solid.uasset" 350
"../../../Engine/Plugins/Animation/ControlRig/Content/Controls/ControlRig_HalfCircle_solid.uexp" 351
"../../../Engine/Plugins/Animation/ControlRig/Content/Controls/ControlRig_HalfCircle_3mm.ubulk" 352
"../../../Engine/Plugins/Animation/ControlRig/Content/Controls/ControlRig_HalfCircle_3mm.uasset" 353
"../../../Engine/Plugins/Animation/ControlRig/Content/Controls/ControlRig_HalfCircle_3mm.uexp" 354
"../../../Engine/Plugins/Animation/ControlRig/Content/Controls/ControlRig_HalfCircle_1mm.ubulk" 355
"../../../Engine/Plugins/Animation/ControlRig/Content/Controls/ControlRig_HalfCircle_1mm.uasset" 356
"../../../Engine/Plugins/Animation/ControlRig/Content/Controls/ControlRig_HalfCircle_1mm.uexp" 357
"../../../Engine/Plugins/Animation/ControlRig/Content/Controls/ControlRig_Diamond_solid.ubulk" 358
"../../../Engine/Plugins/Animation/ControlRig/Content/Controls/ControlRig_Diamond_solid.uasset" 359
"../../../Engine/Plugins/Animation/ControlRig/Content/Controls/ControlRig_Diamond_solid.uexp" 360
"../../../Engine/Plugins/Animation/ControlRig/Content/Controls/ControlRig_Diamond_3mm.ubulk" 361
"../../../Engine/Plugins/Animation/ControlRig/Content/Controls/ControlRig_Diamond_3mm.uasset" 362
"../../../Engine/Plugins/Animation/ControlRig/Content/Controls/ControlRig_Diamond_3mm.uexp" 363
"../../../Engine/Plugins/Animation/ControlRig/Content/Controls/ControlRig_Diamond_1mm.ubulk" 364
"../../../Engine/Plugins/Animation/ControlRig/Content/Controls/ControlRig_Diamond_1mm.uasset" 365
"../../../Engine/Plugins/Animation/ControlRig/Content/Controls/ControlRig_Diamond_1mm.uexp" 366
"../../../Engine/Plugins/Animation/ControlRig/Content/Controls/ControlRig_Circle_solid.ubulk" 367
"../../../Engine/Plugins/Animation/ControlRig/Content/Controls/ControlRig_Circle_solid.uasset" 368
"../../../Engine/Plugins/Animation/ControlRig/Content/Controls/ControlRig_Circle_solid.uexp" 369
"../../../Engine/Plugins/Animation/ControlRig/Content/Controls/ControlRig_Circle_3mm.ubulk" 370
"../../../Engine/Plugins/Animation/ControlRig/Content/Controls/ControlRig_Circle_3mm.uasset" 371
"../../../Engine/Plugins/Animation/ControlRig/Content/Controls/ControlRig_Circle_3mm.uexp" 372
"../../../Engine/Plugins/Animation/ControlRig/Content/Controls/ControlRig_Circle_1mm.ubulk" 373
"../../../Engine/Plugins/Animation/ControlRig/Content/Controls/ControlRig_Circle_1mm.uasset" 374
"../../../Engine/Plugins/Animation/ControlRig/Content/Controls/ControlRig_Circle_1mm.uexp" 375
"../../../Engine/Plugins/Animation/ControlRig/Content/Controls/ControlRig_Box_solid.ubulk" 376
"../../../Engine/Plugins/Animation/ControlRig/Content/Controls/ControlRig_Box_solid.uasset" 377
"../../../Engine/Plugins/Animation/ControlRig/Content/Controls/ControlRig_Box_solid.uexp" 378
"../../../Engine/Plugins/Animation/ControlRig/Content/Controls/ControlRig_Box_3mm.ubulk" 379
"../../../Engine/Plugins/Animation/ControlRig/Content/Controls/ControlRig_Box_3mm.uasset" 380
"../../../Engine/Plugins/Animation/ControlRig/Content/Controls/ControlRig_Box_3mm.uexp" 381
"../../../Engine/Plugins/Animation/ControlRig/Content/Controls/ControlRig_Box_1mm.ubulk" 382
"../../../Engine/Plugins/Animation/ControlRig/Content/Controls/ControlRig_Box_1mm.uasset" 383
"../../../Engine/Plugins/Animation/ControlRig/Content/Controls/ControlRig_Box_1mm.uexp" 384
"../../../Engine/Plugins/Animation/ControlRig/Content/Controls/ControlRig_Arrow_solid.ubulk" 385
"../../../Engine/Plugins/Animation/ControlRig/Content/Controls/ControlRig_Arrow_solid.uasset" 386
"../../../Engine/Plugins/Animation/ControlRig/Content/Controls/ControlRig_Arrow_solid.uexp" 387
"../../../Engine/Plugins/Animation/ControlRig/Content/Controls/ControlRig_Arrow_3mm.ubulk" 388
"../../../Engine/Plugins/Animation/ControlRig/Content/Controls/ControlRig_Arrow_3mm.uasset" 389
"../../../Engine/Plugins/Animation/ControlRig/Content/Controls/ControlRig_Arrow_3mm.uexp" 390
"../../../Engine/Plugins/Animation/ControlRig/Content/Controls/ControlRig_Arrow_1mm.ubulk" 391
"../../../Engine/Plugins/Animation/ControlRig/Content/Controls/ControlRig_Arrow_1mm.uasset" 392
"../../../Engine/Plugins/Animation/ControlRig/Content/Controls/ControlRig_Arrow_1mm.uexp" 393
"../../../Engine/Plugins/Animation/ControlRig/Content/Controls/ControlRig_Arrow4_solid.ubulk" 394
"../../../Engine/Plugins/Animation/ControlRig/Content/Controls/ControlRig_Arrow4_solid.uasset" 395
"../../../Engine/Plugins/Animation/ControlRig/Content/Controls/ControlRig_Arrow4_solid.uexp" 396
"../../../Engine/Plugins/Animation/ControlRig/Content/Controls/ControlRig_Arrow4_3mm.ubulk" 397
"../../../Engine/Plugins/Animation/ControlRig/Content/Controls/ControlRig_Arrow4_3mm.uasset" 398
"../../../Engine/Plugins/Animation/ControlRig/Content/Controls/ControlRig_Arrow4_3mm.uexp" 399
"../../../Engine/Plugins/Animation/ControlRig/Content/Controls/ControlRig_Arrow4_1mm.ubulk" 400
"../../../Engine/Plugins/Animation/ControlRig/Content/Controls/ControlRig_Arrow4_1mm.uasset" 401
"../../../Engine/Plugins/Animation/ControlRig/Content/Controls/ControlRig_Arrow4_1mm.uexp" 402
"../../../Engine/Plugins/Animation/ControlRig/Content/Controls/ControlRig_Arrow2_solid.ubulk" 403
"../../../Engine/Plugins/Animation/ControlRig/Content/Controls/ControlRig_Arrow2_solid.uasset" 404
"../../../Engine/Plugins/Animation/ControlRig/Content/Controls/ControlRig_Arrow2_solid.uexp" 405
"../../../Engine/Plugins/Animation/ControlRig/Content/Controls/ControlRig_Arrow2_3mm.ubulk" 406
"../../../Engine/Plugins/Animation/ControlRig/Content/Controls/ControlRig_Arrow2_3mm.uasset" 407
"../../../Engine/Plugins/Animation/ControlRig/Content/Controls/ControlRig_Arrow2_3mm.uexp" 408
"../../../Engine/Plugins/Animation/ControlRig/Content/Controls/ControlRig_Arrow2_1mm.ubulk" 409
"../../../Engine/Plugins/Animation/ControlRig/Content/Controls/ControlRig_Arrow2_1mm.uasset" 410
"../../../Engine/Plugins/Animation/ControlRig/Content/Controls/ControlRig_Arrow2_1mm.uexp" 411
"../../../Engine/Plugins/Animation/ACLPlugin/Content/ACLAnimCurveCompressionSettings.uasset" 412
"../../../Engine/Plugins/Animation/ACLPlugin/Content/ACLAnimCurveCompressionSettings.uexp" 413
"../../../Engine/Plugins/Animation/ACLPlugin/Content/ACLAnimBoneCompressionSettings.uasset" 414
"../../../Engine/Plugins/Animation/ACLPlugin/Content/ACLAnimBoneCompressionSettings.uexp" 415
"../../../Engine/Plugins/2D/Paper2D/Content/PlaceholderTextures/DummySpriteTexture.ubulk" 416
"../../../Engine/Plugins/2D/Paper2D/Content/PlaceholderTextures/DummySpriteTexture.uasset" 417
"../../../Engine/Plugins/2D/Paper2D/Content/PlaceholderTextures/DummySpriteTexture.uexp" 418
"../../../Engine/Plugins/2D/Paper2D/Content/DefaultSpriteMaterial.uasset" 419
"../../../Engine/Plugins/2D/Paper2D/Content/DefaultSpriteMaterial.uexp" 420
"../../../Engine/Plugins/2D/Paper2D/Content/OpaqueUnlitSpriteMaterial.uasset" 421
"../../../Engine/Plugins/2D/Paper2D/Content/OpaqueUnlitSpriteMaterial.uexp" 422
"../../../Engine/Plugins/2D/Paper2D/Content/MaskedUnlitSpriteMaterial.uasset" 423
"../../../Engine/Plugins/2D/Paper2D/Content/MaskedUnlitSpriteMaterial.uexp" 424
"../../../Engine/Plugins/2D/Paper2D/Content/DummySprite.uasset" 425
"../../../Engine/Plugins/2D/Paper2D/Content/DummySprite.uexp" 426
"../../../Engine/Plugins/2D/Paper2D/Content/DefaultPaperTerrainMaterial.uasset" 427
"../../../Engine/Plugins/2D/Paper2D/Content/DefaultPaperTerrainMaterial.uexp" 428
"../../../Engine/Content/VREditor/TransformGizmo/StartRotationHandleIndicator.ubulk" 429
"../../../Engine/Content/VREditor/TransformGizmo/StartRotationHandleIndicator.uasset" 430
"../../../Engine/Content/VREditor/TransformGizmo/StartRotationHandleIndicator.uexp" 431
"../../../Engine/Content/VREditor/Sounds/UI/Drop_Item_From_ContentBrowser.ubulk" 432
"../../../Engine/Content/VREditor/Sounds/UI/Drop_Item_From_ContentBrowser.uasset" 433
"../../../Engine/Content/VREditor/Sounds/UI/Drop_Item_From_ContentBrowser.uexp" 434
"../../../Engine/Content/VREditor/TransformGizmo/PlaneTranslationHandle.ubulk" 435
"../../../Engine/Content/VREditor/TransformGizmo/PlaneTranslationHandle.uasset" 436
"../../../Engine/Content/VREditor/TransformGizmo/PlaneTranslationHandle.uexp" 437
"../../../Engine/Content/VREditor/Sounds/UI/Object_Snaps_To_Grid.ubulk" 438
"../../../Engine/Content/VREditor/Sounds/UI/Object_Snaps_To_Grid.uasset" 439
"../../../Engine/Content/VREditor/Sounds/UI/Object_Snaps_To_Grid.uexp" 440
"../../../Engine/Content/VREditor/Sounds/UI/Selection_Changes.ubulk" 441
"../../../Engine/Content/VREditor/Sounds/UI/Selection_Changes.uasset" 442
"../../../Engine/Content/VREditor/Sounds/UI/Selection_Changes.uexp" 443
"../../../Engine/Content/VREditor/Sounds/UI/Object_Snaps_To_Another_Actor.ubulk" 444
"../../../Engine/Content/VREditor/Sounds/UI/Object_Snaps_To_Another_Actor.uasset" 445
"../../../Engine/Content/VREditor/Sounds/UI/Object_Snaps_To_Another_Actor.uexp" 446
"../../../Engine/Content/VREditor/TransformGizmo/TranslucentTransformGizmoMaterial_Inst.uasset" 447
"../../../Engine/Content/VREditor/TransformGizmo/TranslucentTransformGizmoMaterial_Inst.uexp" 448
"../../../Engine/Content/VREditor/TransformGizmo/TransformGizmoFreeRotation.ubulk" 449
"../../../Engine/Content/VREditor/TransformGizmo/TransformGizmoFreeRotation.uasset" 450
"../../../Engine/Content/VREditor/TransformGizmo/TransformGizmoFreeRotation.uexp" 451
"../../../Engine/Content/VREditor/Sounds/UI/Scaling_Down.ubulk" 452
"../../../Engine/Content/VREditor/Sounds/UI/Scaling_Down.uasset" 453
"../../../Engine/Content/VREditor/Sounds/UI/Scaling_Down.uexp" 454
"../../../Engine/Content/Functions/Engine_MaterialFunctions02/Math/Transform3x3Matrix.uasset" 455
"../../../Engine/Content/Functions/Engine_MaterialFunctions02/Math/Transform3x3Matrix.uexp" 456
"../../../Engine/Content/Functions/Engine_MaterialFunctions02/SplitComponents.uasset" 457
"../../../Engine/Content/Functions/Engine_MaterialFunctions02/SplitComponents.uexp" 458
"../../../Engine/Content/Functions/Engine_MaterialFunctions02/Utility/MakeFloat3.uasset" 459
"../../../Engine/Content/Functions/Engine_MaterialFunctions02/Utility/MakeFloat3.uexp" 460
"../../../Engine/Content/VREditor/SnapGrid/SnapGridMaterial.uasset" 461
"../../../Engine/Content/VREditor/SnapGrid/SnapGridMaterial.uexp" 462
"../../../Engine/Content/VREditor/SnapGrid/SnapGridPlaneMesh.ubulk" 463
"../../../Engine/Content/VREditor/SnapGrid/SnapGridPlaneMesh.uasset" 464
"../../../Engine/Content/VREditor/SnapGrid/SnapGridPlaneMesh.uexp" 465
"../../../Engine/Content/VREditor/Sounds/UI/Scaling_Up.ubulk" 466
"../../../Engine/Content/VREditor/Sounds/UI/Scaling_Up.uasset" 467
"../../../Engine/Content/VREditor/Sounds/UI/Scaling_Up.uexp" 468
"../../../Engine/Content/VREditor/TransformGizmo/TransformGizmoMaterial_Inst.uasset" 469
"../../../Engine/Content/VREditor/TransformGizmo/TransformGizmoMaterial_Inst.uexp" 470
"../../../Engine/Content/VREditor/Sounds/UI/Gizmo_Handle_Clicked.ubulk" 471
"../../../Engine/Content/VREditor/Sounds/UI/Gizmo_Handle_Clicked.uasset" 472
"../../../Engine/Content/VREditor/Sounds/UI/Gizmo_Handle_Clicked.uexp" 473
"../../../Engine/Content/VREditor/TransformGizmo/RotationHandleQuarter.ubulk" 474
"../../../Engine/Content/VREditor/TransformGizmo/RotationHandleQuarter.uasset" 475
"../../../Engine/Content/VREditor/TransformGizmo/RotationHandleQuarter.uexp" 476
"../../../Engine/Content/VREditor/TransformGizmo/TranslateArrowHandle.ubulk" 477
"../../../Engine/Content/VREditor/TransformGizmo/TranslateArrowHandle.uasset" 478
"../../../Engine/Content/VREditor/TransformGizmo/TranslateArrowHandle.uexp" 479
"../../../Engine/Content/VREditor/TransformGizmo/RotationHandleIndicator.ubulk" 480
"../../../Engine/Content/VREditor/TransformGizmo/RotationHandleIndicator.uasset" 481
"../../../Engine/Content/VREditor/TransformGizmo/RotationHandleIndicator.uexp" 482
"../../../Engine/Content/VREditor/TransformGizmo/UniformScaleHandle.ubulk" 483
"../../../Engine/Content/VREditor/TransformGizmo/UniformScaleHandle.uasset" 484
"../../../Engine/Content/VREditor/TransformGizmo/UniformScaleHandle.uexp" 485
"../../../Engine/Content/VREditor/TransformGizmo/RotationHandleFull.ubulk" 486
"../../../Engine/Content/VREditor/TransformGizmo/RotationHandleFull.uasset" 487
"../../../Engine/Content/VREditor/TransformGizmo/RotationHandleFull.uexp" 488
"../../../Engine/Content/VREditor/Sounds/UI/Object_PickUp.ubulk" 489
"../../../Engine/Content/VREditor/Sounds/UI/Object_PickUp.uasset" 490
"../../../Engine/Content/VREditor/Sounds/UI/Object_PickUp.uexp" 491
"../../../Engine/Content/EngineSounds/Master.uasset" 492
"../../../Engine/Content/EngineSounds/Master.uexp" 493
"../../../Engine/Content/EngineResources/WhiteSquareTexture.uasset" 494
"../../../Engine/Content/EngineResources/WhiteSquareTexture.uexp" 495
"../../../Engine/Content/EngineMaterials/Widget3DPassThrough.uasset" 496
"../../../Engine/Content/EngineMaterials/Widget3DPassThrough.uexp" 497
"../../../Engine/Content/EngineMaterials/Widget3DPassThrough_Translucent.uasset" 498
"../../../Engine/Content/EngineMaterials/Widget3DPassThrough_Translucent.uexp" 499
"../../../Engine/Content/EngineMaterials/Widget3DPassThrough_Translucent_OneSided.uasset" 500
"../../../Engine/Content/EngineMaterials/Widget3DPassThrough_Translucent_OneSided.uexp" 501
"../../../Engine/Content/EngineMaterials/Widget3DPassThrough_Opaque.uasset" 502
"../../../Engine/Content/EngineMaterials/Widget3DPassThrough_Opaque.uexp" 503
"../../../Engine/Content/EngineMaterials/Widget3DPassThrough_Opaque_OneSided.uasset" 504
"../../../Engine/Content/EngineMaterials/Widget3DPassThrough_Opaque_OneSided.uexp" 505
"../../../Engine/Content/EngineMaterials/Widget3DPassThrough_Masked_OneSided.uasset" 506
"../../../Engine/Content/EngineMaterials/Widget3DPassThrough_Masked_OneSided.uexp" 507
"../../../Engine/Content/EngineMaterials/Widget3DPassThrough_Masked.uasset" 508
"../../../Engine/Content/EngineMaterials/Widget3DPassThrough_Masked.uexp" 509
"../../../Engine/Content/EngineMaterials/STBlueNoise_vec2_128x128x64.uasset" 510
"../../../Engine/Content/EngineMaterials/STBlueNoise_vec2_128x128x64.uexp" 511
"../../../Engine/Content/EngineMaterials/STBlueNoise_scalar_128x128x64.uasset" 512
"../../../Engine/Content/EngineMaterials/STBlueNoise_scalar_128x128x64.uexp" 513
"../../../Engine/Content/EngineMaterials/RemoveSurfaceMaterial.uasset" 514
"../../../Engine/Content/EngineMaterials/RemoveSurfaceMaterial.uexp" 515
"../../../Engine/Content/EngineMaterials/DefaultCalibrationGrayscale.uasset" 516
"../../../Engine/Content/EngineMaterials/DefaultCalibrationGrayscale.uexp" 517
"../../../Engine/Content/EngineMaterials/PPM_DefaultCalibrationGrayscale.uasset" 518
"../../../Engine/Content/EngineMaterials/PPM_DefaultCalibrationGrayscale.uexp" 519
"../../../Engine/Content/EngineMaterials/DefaultCalibrationColor.uasset" 520
"../../../Engine/Content/EngineMaterials/DefaultCalibrationColor.uexp" 521
"../../../Engine/Content/EngineMaterials/PPM_DefaultCalibrationColor.uasset" 522
"../../../Engine/Content/EngineMaterials/PPM_DefaultCalibrationColor.uexp" 523
"../../../Engine/Content/EngineMaterials/PhAT_JointLimitMaterial.uasset" 524
"../../../Engine/Content/EngineMaterials/PhAT_JointLimitMaterial.uexp" 525
"../../../Engine/Content/EngineMaterials/NaniteHiddenSectionMaterial.uasset" 526
"../../../Engine/Content/EngineMaterials/NaniteHiddenSectionMaterial.uexp" 527
"../../../Engine/Content/EngineMaterials/InvalidLightmapSettings.ubulk" 528
"../../../Engine/Content/EngineMaterials/InvalidLightmapSettings.uasset" 529
"../../../Engine/Content/EngineMaterials/InvalidLightmapSettings.uexp" 530
"../../../Engine/Content/EngineMaterials/M_InvalidLightmapSettings.uasset" 531
"../../../Engine/Content/EngineMaterials/M_InvalidLightmapSettings.uexp" 532
"../../../Engine/Content/EngineMaterials/GizmoMaterial.uasset" 533
"../../../Engine/Content/EngineMaterials/GizmoMaterial.uexp" 534
"../../../Engine/Content/EngineMaterials/BaseFlattenEmissiveMap_VT.uasset" 535
"../../../Engine/Content/EngineMaterials/BaseFlattenEmissiveMap_VT.uexp" 536
"../../../Engine/Content/EngineMaterials/BaseFlattenGrayscaleMap_VT.uasset" 537
"../../../Engine/Content/EngineMaterials/BaseFlattenGrayscaleMap_VT.uexp" 538
"../../../Engine/Content/EngineMaterials/BaseFlattenLinearColor_VT.uasset" 539
"../../../Engine/Content/EngineMaterials/BaseFlattenLinearColor_VT.uexp" 540
"../../../Engine/Content/EngineMaterials/Black_1x1_EXR_Texture_VT.uasset" 541
"../../../Engine/Content/EngineMaterials/Black_1x1_EXR_Texture_VT.uexp" 542
"../../../Engine/Content/EngineMaterials/BaseFlattenDiffuseMap_VT.uasset" 543
"../../../Engine/Content/EngineMaterials/BaseFlattenDiffuseMap_VT.uexp" 544
"../../../Engine/Content/EngineMaterials/BaseFlattenNormalMap_VT.uasset" 545
"../../../Engine/Content/EngineMaterials/BaseFlattenNormalMap_VT.uexp" 546
"../../../Engine/Content/EngineMaterials/FlattenMaterial_WS_Normal_VT.uasset" 547
"../../../Engine/Content/EngineMaterials/FlattenMaterial_WS_Normal_VT.uexp" 548
"../../../Engine/Content/EngineMaterials/FlattenMaterial_VT.uasset" 549
"../../../Engine/Content/EngineMaterials/FlattenMaterial_VT.uexp" 550
"../../../Engine/Content/EngineMaterials/BaseFlattenNormalMap.uasset" 551
"../../../Engine/Content/EngineMaterials/BaseFlattenNormalMap.uexp" 552
"../../../Engine/Content/EngineMaterials/BaseFlattenGrayscaleMap.uasset" 553
"../../../Engine/Content/EngineMaterials/BaseFlattenGrayscaleMap.uexp" 554
"../../../Engine/Content/EngineMaterials/BaseFlattenDiffuseMap.uasset" 555
"../../../Engine/Content/EngineMaterials/BaseFlattenDiffuseMap.uexp" 556
"../../../Engine/Content/Functions/Engine_MaterialFunctions02/PivotPainter2/Black_1x1_EXR_Texture.uasset" 557
"../../../Engine/Content/Functions/Engine_MaterialFunctions02/PivotPainter2/Black_1x1_EXR_Texture.uexp" 558
"../../../Engine/Content/EngineMaterials/BaseFlattenEmissiveMap.uasset" 559
"../../../Engine/Content/EngineMaterials/BaseFlattenEmissiveMap.uexp" 560
"../../../Engine/Content/EngineMaterials/BaseFlattenLinearColor.uasset" 561
"../../../Engine/Content/EngineMaterials/BaseFlattenLinearColor.uexp" 562
"../../../Engine/Content/EngineMaterials/FlattenMaterial.uasset" 563
"../../../Engine/Content/EngineMaterials/FlattenMaterial.uexp" 564
"../../../Engine/Content/EngineMaterials/DefaultWhiteGrid_Low.uasset" 565
"../../../Engine/Content/EngineMaterials/DefaultWhiteGrid_Low.uexp" 566
"../../../Engine/Content/EngineMaterials/EmissiveMeshMaterial.uasset" 567
"../../../Engine/Content/EngineMaterials/EmissiveMeshMaterial.uexp" 568
"../../../Engine/Content/EngineFonts/RobotoDistanceField.uasset" 569
"../../../Engine/Content/EngineFonts/RobotoDistanceField.uexp" 570
"../../../Engine/Content/EngineMaterials/DefaultTextMaterialOpaque.uasset" 571
"../../../Engine/Content/EngineMaterials/DefaultTextMaterialOpaque.uexp" 572
"../../../Engine/Content/EngineMaterials/DefaultDiffuse.ubulk" 573
"../../../Engine/Content/EngineMaterials/DefaultDiffuse.uasset" 574
"../../../Engine/Content/EngineMaterials/DefaultDiffuse.uexp" 575
"../../../Engine/Content/Functions/Engine_MaterialFunctions02/Utility/BreakOutFloat2Components.uasset" 576
"../../../Engine/Content/Functions/Engine_MaterialFunctions02/Utility/BreakOutFloat2Components.uexp" 577
"../../../Engine/Content/EngineMaterials/DefaultPostProcessMaterial.uasset" 578
"../../../Engine/Content/EngineMaterials/DefaultPostProcessMaterial.uexp" 579
"../../../Engine/Content/EngineMaterials/DefaultPhysicalMaterial.uasset" 580
"../../../Engine/Content/EngineMaterials/DefaultPhysicalMaterial.uexp" 581
"../../../Engine/Content/EngineMaterials/DefaultLightFunctionMaterial.uasset" 582
"../../../Engine/Content/EngineMaterials/DefaultLightFunctionMaterial.uexp" 583
"../../../Engine/Content/EngineMaterials/DefaultDestructiblePhysicalMaterial.uasset" 584
"../../../Engine/Content/EngineMaterials/DefaultDestructiblePhysicalMaterial.uexp" 585
"../../../Engine/Content/EngineMaterials/DefaultDeferredDecalMaterial.uasset" 586
"../../../Engine/Content/EngineMaterials/DefaultDeferredDecalMaterial.uexp" 587
"../../../Engine/Content/EngineMaterials/DefaultBloomKernel.uasset" 588
"../../../Engine/Content/EngineMaterials/DefaultBloomKernel.uexp" 589
"../../../Engine/Content/EngineDebugMaterials/VolumeToRender.uasset" 590
"../../../Engine/Content/EngineDebugMaterials/VolumeToRender.uexp" 591
"../../../Engine/Content/EngineDebugMaterials/M_VolumeRenderSphereTracePP.uasset" 592
"../../../Engine/Content/EngineDebugMaterials/M_VolumeRenderSphereTracePP.uexp" 593
"../../../Engine/Content/EngineDebugMaterials/M_SimpleUnlitTranslucent.uasset" 594
"../../../Engine/Content/EngineDebugMaterials/M_SimpleUnlitTranslucent.uexp" 595
"../../../Engine/Content/EngineDebugMaterials/DebugMeshMaterial.uasset" 596
"../../../Engine/Content/EngineDebugMaterials/DebugMeshMaterial.uexp" 597
"../../../Engine/Content/EngineDebugMaterials/DebugEditorMaterial.uasset" 598
"../../../Engine/Content/EngineDebugMaterials/DebugEditorMaterial.uexp" 599
"../../../Engine/Content/EngineDamageTypes/DmgTypeBP_Environmental.uasset" 600
"../../../Engine/Content/EngineDamageTypes/DmgTypeBP_Environmental.uexp" 601
"../../../Engine/Content/EditorResources/S_Terrain.ubulk" 602
"../../../Engine/Content/EditorResources/S_Terrain.uasset" 603
"../../../Engine/Content/EditorResources/S_Terrain.uexp" 604
"../../../Engine/Content/EditorResources/EmptyActor.uasset" 605
"../../../Engine/Content/EditorResources/EmptyActor.uexp" 606
"../../../Engine/Content/EditorResources/BSPVertex.uasset" 607
"../../../Engine/Content/EditorResources/BSPVertex.uexp" 608
"../../../Engine/Content/EditorMaterials/PreviewShadowIndicator.ubulk" 609
"../../../Engine/Content/EditorMaterials/PreviewShadowIndicator.uasset" 610
"../../../Engine/Content/EditorMaterials/PreviewShadowIndicator.uexp" 611
"../../../Engine/Content/EditorMaterials/PreviewShadowIndicatorMaterial.uasset" 612
"../../../Engine/Content/EditorMaterials/PreviewShadowIndicatorMaterial.uexp" 613
"../../../Engine/Content/EditorMaterials/PhAT_UnselectedMaterial.uasset" 614
"../../../Engine/Content/EditorMaterials/PhAT_UnselectedMaterial.uexp" 615
"../../../Engine/Content/EditorMaterials/PhAT_NoCollisionMaterial.uasset" 616
"../../../Engine/Content/EditorMaterials/PhAT_NoCollisionMaterial.uexp" 617
"../../../Engine/Content/EditorLandscapeResources/DefaultAlphaTexture.uasset" 618
"../../../Engine/Content/EditorLandscapeResources/DefaultAlphaTexture.uexp" 619
"../../../Engine/Content/EditorLandscapeResources/DataLayer.uasset" 620
"../../../Engine/Content/EditorLandscapeResources/DataLayer.uexp" 621
"../../../Engine/Content/BasicShapes/Plane.ubulk" 622
"../../../Engine/Content/BasicShapes/Plane.uasset" 623
"../../../Engine/Content/BasicShapes/Plane.uexp" 624
"../../../Engine/Content/EngineMaterials/DefaultMaterial.uasset" 625
"../../../Engine/Content/EngineMaterials/DefaultMaterial.uexp" 626
"../../../Engine/Content/BasicShapes/Cylinder.ubulk" 627
"../../../Engine/Content/BasicShapes/Cylinder.uasset" 628
"../../../Engine/Content/BasicShapes/Cylinder.uexp" 629
"C:/Users/fury8/OneDrive/Documents/Unreal Projects/EchoOfTheLamb/Content/Menus/Picture/kenney_input-prompts/PlayStation_Series/Default/controller_playstation1.uasset" 630
"C:/Users/fury8/OneDrive/Documents/Unreal Projects/EchoOfTheLamb/Content/Menus/Picture/kenney_input-prompts/PlayStation_Series/Default/controller_playstation1.uexp" 631
"C:/Users/fury8/OneDrive/Documents/Unreal Projects/EchoOfTheLamb/Content/Menus/IDT_CommonUiIcone.uasset" 632
"C:/Users/fury8/OneDrive/Documents/Unreal Projects/EchoOfTheLamb/Content/Menus/IDT_CommonUiIcone.uexp" 633
"C:/Users/fury8/OneDrive/Documents/Unreal Projects/EchoOfTheLamb/Content/Menus/SoundManager/SCM_MusicVolume.uasset" 634
"C:/Users/fury8/OneDrive/Documents/Unreal Projects/EchoOfTheLamb/Content/Menus/SoundManager/SCM_MusicVolume.uexp" 635
"C:/Users/fury8/OneDrive/Documents/Unreal Projects/EchoOfTheLamb/Content/Menus/SoundManager/SC_Music.uasset" 636
"C:/Users/fury8/OneDrive/Documents/Unreal Projects/EchoOfTheLamb/Content/Menus/SoundManager/SC_Music.uexp" 637
"C:/Users/fury8/OneDrive/Documents/Unreal Projects/EchoOfTheLamb/Content/Menus/SoundManager/SCM_MasterVolume.uasset" 638
"C:/Users/fury8/OneDrive/Documents/Unreal Projects/EchoOfTheLamb/Content/Menus/SoundManager/SCM_MasterVolume.uexp" 639
"C:/Users/fury8/OneDrive/Documents/Unreal Projects/EchoOfTheLamb/Content/Menus/SoundManager/SC_Master.uasset" 640
"C:/Users/fury8/OneDrive/Documents/Unreal Projects/EchoOfTheLamb/Content/Menus/SoundManager/SC_Master.uexp" 641
"C:/Users/fury8/OneDrive/Documents/Unreal Projects/EchoOfTheLamb/Content/Menus/SoundManager/SC_SFX.uasset" 642
"C:/Users/fury8/OneDrive/Documents/Unreal Projects/EchoOfTheLamb/Content/Menus/SoundManager/SC_SFX.uexp" 643
"C:/Users/fury8/OneDrive/Documents/Unreal Projects/EchoOfTheLamb/Content/Menus/SoundManager/SCM_SfxVolume.uasset" 644
"C:/Users/fury8/OneDrive/Documents/Unreal Projects/EchoOfTheLamb/Content/Menus/SoundManager/SCM_SfxVolume.uexp" 645
"C:/Users/fury8/OneDrive/Documents/Unreal Projects/EchoOfTheLamb/Content/Menus/SoundManager/SC_Narrator.uasset" 646
"C:/Users/fury8/OneDrive/Documents/Unreal Projects/EchoOfTheLamb/Content/Menus/SoundManager/SC_Narrator.uexp" 647
"C:/Users/fury8/OneDrive/Documents/Unreal Projects/EchoOfTheLamb/Content/Menus/Narrator/QuitGame.ubulk" 648
"C:/Users/fury8/OneDrive/Documents/Unreal Projects/EchoOfTheLamb/Content/Menus/Narrator/QuitGame.uasset" 649
"C:/Users/fury8/OneDrive/Documents/Unreal Projects/EchoOfTheLamb/Content/Menus/Narrator/QuitGame.uexp" 650
"C:/Users/fury8/OneDrive/Documents/Unreal Projects/EchoOfTheLamb/Content/Menus/SaveSystem/BP_SaveSetting.uasset" 651
"C:/Users/fury8/OneDrive/Documents/Unreal Projects/EchoOfTheLamb/Content/Menus/SaveSystem/BP_SaveSetting.uexp" 652
"C:/Users/fury8/OneDrive/Documents/Unreal Projects/EchoOfTheLamb/Content/Menus/Narrator/Settings.ubulk" 653
"C:/Users/fury8/OneDrive/Documents/Unreal Projects/EchoOfTheLamb/Content/Menus/Narrator/Settings.uasset" 654
"C:/Users/fury8/OneDrive/Documents/Unreal Projects/EchoOfTheLamb/Content/Menus/Narrator/Settings.uexp" 655
"C:/Users/fury8/OneDrive/Documents/Unreal Projects/EchoOfTheLamb/Content/Menus/Narrator/MainMenu.ubulk" 656
"C:/Users/fury8/OneDrive/Documents/Unreal Projects/EchoOfTheLamb/Content/Menus/Narrator/MainMenu.uasset" 657
"C:/Users/fury8/OneDrive/Documents/Unreal Projects/EchoOfTheLamb/Content/Menus/Narrator/MainMenu.uexp" 658
"C:/Users/fury8/OneDrive/Documents/Unreal Projects/EchoOfTheLamb/Content/Menus/Narrator/Resume.ubulk" 659
"C:/Users/fury8/OneDrive/Documents/Unreal Projects/EchoOfTheLamb/Content/Menus/Narrator/Resume.uasset" 660
"C:/Users/fury8/OneDrive/Documents/Unreal Projects/EchoOfTheLamb/Content/Menus/Narrator/Resume.uexp" 661
"C:/Users/fury8/OneDrive/Documents/Unreal Projects/EchoOfTheLamb/Content/Menus/Narrator/VisualEffects.ubulk" 662
"C:/Users/fury8/OneDrive/Documents/Unreal Projects/EchoOfTheLamb/Content/Menus/Narrator/VisualEffects.uasset" 663
"C:/Users/fury8/OneDrive/Documents/Unreal Projects/EchoOfTheLamb/Content/Menus/Narrator/VisualEffects.uexp" 664
"C:/Users/fury8/OneDrive/Documents/Unreal Projects/EchoOfTheLamb/Content/Menus/Narrator/ResetAllControls.ubulk" 665
"C:/Users/fury8/OneDrive/Documents/Unreal Projects/EchoOfTheLamb/Content/Menus/Narrator/ResetAllControls.uasset" 666
"C:/Users/fury8/OneDrive/Documents/Unreal Projects/EchoOfTheLamb/Content/Menus/Narrator/ResetAllControls.uexp" 667
"C:/Users/fury8/OneDrive/Documents/Unreal Projects/EchoOfTheLamb/Content/Menus/Narrator/Textures.ubulk" 668
"C:/Users/fury8/OneDrive/Documents/Unreal Projects/EchoOfTheLamb/Content/Menus/Narrator/Textures.uasset" 669
"C:/Users/fury8/OneDrive/Documents/Unreal Projects/EchoOfTheLamb/Content/Menus/Narrator/Textures.uexp" 670
"C:/Users/fury8/OneDrive/Documents/Unreal Projects/EchoOfTheLamb/Content/Menus/Narrator/Audio.ubulk" 671
"C:/Users/fury8/OneDrive/Documents/Unreal Projects/EchoOfTheLamb/Content/Menus/Narrator/Audio.uasset" 672
"C:/Users/fury8/OneDrive/Documents/Unreal Projects/EchoOfTheLamb/Content/Menus/Narrator/Audio.uexp" 673
"C:/Users/fury8/OneDrive/Documents/Unreal Projects/EchoOfTheLamb/Content/Menus/Narrator/VerticalSynchronization.ubulk" 674
"C:/Users/fury8/OneDrive/Documents/Unreal Projects/EchoOfTheLamb/Content/Menus/Narrator/VerticalSynchronization.uasset" 675
"C:/Users/fury8/OneDrive/Documents/Unreal Projects/EchoOfTheLamb/Content/Menus/Narrator/VerticalSynchronization.uexp" 676
"C:/Users/fury8/OneDrive/Documents/Unreal Projects/EchoOfTheLamb/Content/Menus/Narrator/GoBack.ubulk" 677
"C:/Users/fury8/OneDrive/Documents/Unreal Projects/EchoOfTheLamb/Content/Menus/Narrator/GoBack.uasset" 678
"C:/Users/fury8/OneDrive/Documents/Unreal Projects/EchoOfTheLamb/Content/Menus/Narrator/GoBack.uexp" 679
"C:/Users/fury8/OneDrive/Documents/Unreal Projects/EchoOfTheLamb/Content/Menus/Narrator/Reflections.ubulk" 680
"C:/Users/fury8/OneDrive/Documents/Unreal Projects/EchoOfTheLamb/Content/Menus/Narrator/Reflections.uasset" 681
"C:/Users/fury8/OneDrive/Documents/Unreal Projects/EchoOfTheLamb/Content/Menus/Narrator/Reflections.uexp" 682
"C:/Users/fury8/OneDrive/Documents/Unreal Projects/EchoOfTheLamb/Content/Menus/Narrator/Gamepad.ubulk" 683
"C:/Users/fury8/OneDrive/Documents/Unreal Projects/EchoOfTheLamb/Content/Menus/Narrator/Gamepad.uasset" 684
"C:/Users/fury8/OneDrive/Documents/Unreal Projects/EchoOfTheLamb/Content/Menus/Narrator/Gamepad.uexp" 685
"C:/Users/fury8/OneDrive/Documents/Unreal Projects/EchoOfTheLamb/Content/Menus/Narrator/Keyboard.ubulk" 686
"C:/Users/fury8/OneDrive/Documents/Unreal Projects/EchoOfTheLamb/Content/Menus/Narrator/Keyboard.uasset" 687
"C:/Users/fury8/OneDrive/Documents/Unreal Projects/EchoOfTheLamb/Content/Menus/Narrator/Keyboard.uexp" 688
"C:/Users/fury8/OneDrive/Documents/Unreal Projects/EchoOfTheLamb/Content/Menus/Narrator/Graphics.ubulk" 689
"C:/Users/fury8/OneDrive/Documents/Unreal Projects/EchoOfTheLamb/Content/Menus/Narrator/Graphics.uasset" 690
"C:/Users/fury8/OneDrive/Documents/Unreal Projects/EchoOfTheLamb/Content/Menus/Narrator/Graphics.uexp" 691
"../../../Engine/Content/EngineFonts/Faces/RobotoLight.uexp" 692
"../../../Engine/Content/EngineFonts/Faces/RobotoLight.uasset" 693
"../../../Engine/Content/EngineFonts/Faces/RobotoLight.ufont" 694
"../../../Engine/Content/EngineFonts/Faces/RobotoBold.uexp" 695
"../../../Engine/Content/EngineFonts/Faces/RobotoBold.uasset" 696
"../../../Engine/Content/EngineFonts/Faces/RobotoBold.ufont" 697
"../../../Engine/Content/EngineFonts/Faces/RobotoRegular.uexp" 698
"../../../Engine/Content/EngineFonts/Faces/RobotoRegular.uasset" 699
"../../../Engine/Content/EngineFonts/Faces/RobotoRegular.ufont" 700
"../../../Engine/Content/EngineFonts/Faces/DroidSansFallback.uexp" 701
"../../../Engine/Content/EngineFonts/Faces/DroidSansFallback.uasset" 702
"../../../Engine/Content/EngineFonts/Faces/DroidSansFallback.ufont" 703
"../../../Engine/Content/EngineFonts/Faces/RobotoItalic.uexp" 704
"../../../Engine/Content/EngineFonts/Faces/RobotoItalic.uasset" 705
"../../../Engine/Content/EngineFonts/Faces/RobotoItalic.ufont" 706
"../../../Engine/Content/EngineFonts/Faces/RobotoBoldItalic.uexp" 707
"../../../Engine/Content/EngineFonts/Faces/RobotoBoldItalic.uasset" 708
"../../../Engine/Content/EngineFonts/Faces/RobotoBoldItalic.ufont" 709
"../../../Engine/Content/EngineFonts/Roboto.uasset" 710
"../../../Engine/Content/EngineFonts/Roboto.uexp" 711
"C:/Users/fury8/OneDrive/Documents/Unreal Projects/EchoOfTheLamb/Content/Menus/NewFont/OutOfMyLeague.uexp" 712
"C:/Users/fury8/OneDrive/Documents/Unreal Projects/EchoOfTheLamb/Content/Menus/NewFont/OutOfMyLeague.uasset" 713
"C:/Users/fury8/OneDrive/Documents/Unreal Projects/EchoOfTheLamb/Content/Menus/NewFont/OutOfMyLeague.ufont" 714
"C:/Users/fury8/OneDrive/Documents/Unreal Projects/EchoOfTheLamb/Content/Menus/NewFont/OutOfMyLeague_Font.uasset" 715
"C:/Users/fury8/OneDrive/Documents/Unreal Projects/EchoOfTheLamb/Content/Menus/NewFont/OutOfMyLeague_Font.uexp" 716
"C:/Users/fury8/OneDrive/Documents/Unreal Projects/EchoOfTheLamb/Content/Menus/Narrator/MoveDown.ubulk" 717
"C:/Users/fury8/OneDrive/Documents/Unreal Projects/EchoOfTheLamb/Content/Menus/Narrator/MoveDown.uasset" 718
"C:/Users/fury8/OneDrive/Documents/Unreal Projects/EchoOfTheLamb/Content/Menus/Narrator/MoveDown.uexp" 719
"C:/Users/fury8/OneDrive/Documents/Unreal Projects/EchoOfTheLamb/Content/Menus/Narrator/GlobalQuality.ubulk" 720
"C:/Users/fury8/OneDrive/Documents/Unreal Projects/EchoOfTheLamb/Content/Menus/Narrator/GlobalQuality.uasset" 721
"C:/Users/fury8/OneDrive/Documents/Unreal Projects/EchoOfTheLamb/Content/Menus/Narrator/GlobalQuality.uexp" 722
"C:/Users/fury8/OneDrive/Documents/Unreal Projects/EchoOfTheLamb/Content/Menus/Narrator/Anti-Aliasing.ubulk" 723
"C:/Users/fury8/OneDrive/Documents/Unreal Projects/EchoOfTheLamb/Content/Menus/Narrator/Anti-Aliasing.uasset" 724
"C:/Users/fury8/OneDrive/Documents/Unreal Projects/EchoOfTheLamb/Content/Menus/Narrator/Anti-Aliasing.uexp" 725
"C:/Users/fury8/OneDrive/Documents/Unreal Projects/EchoOfTheLamb/Content/Menus/Narrator/Reset.ubulk" 726
"C:/Users/fury8/OneDrive/Documents/Unreal Projects/EchoOfTheLamb/Content/Menus/Narrator/Reset.uasset" 727
"C:/Users/fury8/OneDrive/Documents/Unreal Projects/EchoOfTheLamb/Content/Menus/Narrator/Reset.uexp" 728
"C:/Users/fury8/OneDrive/Documents/Unreal Projects/EchoOfTheLamb/Content/Menus/Narrator/Apply.ubulk" 729
"C:/Users/fury8/OneDrive/Documents/Unreal Projects/EchoOfTheLamb/Content/Menus/Narrator/Apply.uasset" 730
"C:/Users/fury8/OneDrive/Documents/Unreal Projects/EchoOfTheLamb/Content/Menus/Narrator/Apply.uexp" 731
"C:/Users/fury8/OneDrive/Documents/Unreal Projects/EchoOfTheLamb/Content/Menus/NewFont/Empire.uexp" 732
"C:/Users/fury8/OneDrive/Documents/Unreal Projects/EchoOfTheLamb/Content/Menus/NewFont/Empire.uasset" 733
"C:/Users/fury8/OneDrive/Documents/Unreal Projects/EchoOfTheLamb/Content/Menus/NewFont/Empire.ufont" 734
"C:/Users/fury8/OneDrive/Documents/Unreal Projects/EchoOfTheLamb/Content/Menus/NewFont/Empire_Font.uasset" 735
"C:/Users/fury8/OneDrive/Documents/Unreal Projects/EchoOfTheLamb/Content/Menus/NewFont/Empire_Font.uexp" 736
"C:/Users/fury8/OneDrive/Documents/Unreal Projects/EchoOfTheLamb/Content/Menus/Narrator/Dash.ubulk" 737
"C:/Users/fury8/OneDrive/Documents/Unreal Projects/EchoOfTheLamb/Content/Menus/Narrator/Dash.uasset" 738
"C:/Users/fury8/OneDrive/Documents/Unreal Projects/EchoOfTheLamb/Content/Menus/Narrator/Dash.uexp" 739
"C:/Users/fury8/OneDrive/Documents/Unreal Projects/EchoOfTheLamb/Content/Menus/Narrator/MoveRight.ubulk" 740
"C:/Users/fury8/OneDrive/Documents/Unreal Projects/EchoOfTheLamb/Content/Menus/Narrator/MoveRight.uasset" 741
"C:/Users/fury8/OneDrive/Documents/Unreal Projects/EchoOfTheLamb/Content/Menus/Narrator/MoveRight.uexp" 742
"C:/Users/fury8/OneDrive/Documents/Unreal Projects/EchoOfTheLamb/Content/Menus/Narrator/MoveUp.ubulk" 743
"C:/Users/fury8/OneDrive/Documents/Unreal Projects/EchoOfTheLamb/Content/Menus/Narrator/MoveUp.uasset" 744
"C:/Users/fury8/OneDrive/Documents/Unreal Projects/EchoOfTheLamb/Content/Menus/Narrator/MoveUp.uexp" 745
"C:/Users/fury8/OneDrive/Documents/Unreal Projects/EchoOfTheLamb/Content/Menus/Narrator/EnableTheNarrator.ubulk" 746
"C:/Users/fury8/OneDrive/Documents/Unreal Projects/EchoOfTheLamb/Content/Menus/Narrator/EnableTheNarrator.uasset" 747
"C:/Users/fury8/OneDrive/Documents/Unreal Projects/EchoOfTheLamb/Content/Menus/Narrator/EnableTheNarrator.uexp" 748
"C:/Users/fury8/OneDrive/Documents/Unreal Projects/EchoOfTheLamb/Content/Menus/Narrator/WindowMode.ubulk" 749
"C:/Users/fury8/OneDrive/Documents/Unreal Projects/EchoOfTheLamb/Content/Menus/Narrator/WindowMode.uasset" 750
"C:/Users/fury8/OneDrive/Documents/Unreal Projects/EchoOfTheLamb/Content/Menus/Narrator/WindowMode.uexp" 751
"C:/Users/fury8/OneDrive/Documents/Unreal Projects/EchoOfTheLamb/Content/Menus/Narrator/ViewDistance.ubulk" 752
"C:/Users/fury8/OneDrive/Documents/Unreal Projects/EchoOfTheLamb/Content/Menus/Narrator/ViewDistance.uasset" 753
"C:/Users/fury8/OneDrive/Documents/Unreal Projects/EchoOfTheLamb/Content/Menus/Narrator/ViewDistance.uexp" 754
"C:/Users/fury8/OneDrive/Documents/Unreal Projects/EchoOfTheLamb/Content/Menus/Narrator/Resolution.ubulk" 755
"C:/Users/fury8/OneDrive/Documents/Unreal Projects/EchoOfTheLamb/Content/Menus/Narrator/Resolution.uasset" 756
"C:/Users/fury8/OneDrive/Documents/Unreal Projects/EchoOfTheLamb/Content/Menus/Narrator/Resolution.uexp" 757
"C:/Users/fury8/OneDrive/Documents/Unreal Projects/EchoOfTheLamb/Content/Menus/Narrator/Controls.ubulk" 758
"C:/Users/fury8/OneDrive/Documents/Unreal Projects/EchoOfTheLamb/Content/Menus/Narrator/Controls.uasset" 759
"C:/Users/fury8/OneDrive/Documents/Unreal Projects/EchoOfTheLamb/Content/Menus/Narrator/Controls.uexp" 760
"C:/Users/fury8/OneDrive/Documents/Unreal Projects/EchoOfTheLamb/Content/Menus/Narrator/MoveLeft.ubulk" 761
"C:/Users/fury8/OneDrive/Documents/Unreal Projects/EchoOfTheLamb/Content/Menus/Narrator/MoveLeft.uasset" 762
"C:/Users/fury8/OneDrive/Documents/Unreal Projects/EchoOfTheLamb/Content/Menus/Narrator/MoveLeft.uexp" 763
"C:/Users/fury8/OneDrive/Documents/Unreal Projects/EchoOfTheLamb/Content/Menus/SoundManager/SCM_NarratorVolume.uasset" 764
"C:/Users/fury8/OneDrive/Documents/Unreal Projects/EchoOfTheLamb/Content/Menus/SoundManager/SCM_NarratorVolume.uexp" 765
"C:/Users/fury8/OneDrive/Documents/Unreal Projects/EchoOfTheLamb/Content/Menus/Viewport/BP_Settings.uasset" 766
"C:/Users/fury8/OneDrive/Documents/Unreal Projects/EchoOfTheLamb/Content/Menus/Viewport/BP_Settings.uexp" 767
"C:/Users/fury8/OneDrive/Documents/Unreal Projects/EchoOfTheLamb/Content/Menus/Viewport/BP_PauseMenu.uasset" 768
"C:/Users/fury8/OneDrive/Documents/Unreal Projects/EchoOfTheLamb/Content/Menus/Viewport/BP_PauseMenu.uexp" 769
"C:/Users/fury8/OneDrive/Documents/Unreal Projects/EchoOfTheLamb/Content/Menus/BP_PlayerForTestMenu.uasset" 770
"C:/Users/fury8/OneDrive/Documents/Unreal Projects/EchoOfTheLamb/Content/Menus/BP_PlayerForTestMenu.uexp" 771
"../../../Engine/Plugins/2D/Paper2D/Content/TranslucentUnlitSpriteMaterial.uasset" 772
"../../../Engine/Plugins/2D/Paper2D/Content/TranslucentUnlitSpriteMaterial.uexp" 773
"C:/Users/fury8/OneDrive/Documents/Unreal Projects/EchoOfTheLamb/Content/MapSystem/TRT/T_RollOfFate.uasset" 774
"C:/Users/fury8/OneDrive/Documents/Unreal Projects/EchoOfTheLamb/Content/MapSystem/TRT/T_RollOfFate.uexp" 775
"C:/Users/fury8/OneDrive/Documents/Unreal Projects/EchoOfTheLamb/Content/MapSystem/TRT/S_RollOfFate.uasset" 776
"C:/Users/fury8/OneDrive/Documents/Unreal Projects/EchoOfTheLamb/Content/MapSystem/TRT/S_RollOfFate.uexp" 777
"C:/Users/fury8/OneDrive/Documents/Unreal Projects/EchoOfTheLamb/Content/MapSystem/BP_Test.uasset" 778
"C:/Users/fury8/OneDrive/Documents/Unreal Projects/EchoOfTheLamb/Content/MapSystem/BP_Test.uexp" 779
"C:/Users/fury8/OneDrive/Documents/Unreal Projects/EchoOfTheLamb/Content/MapSystem/BP_Icone.uasset" 780
"C:/Users/fury8/OneDrive/Documents/Unreal Projects/EchoOfTheLamb/Content/MapSystem/BP_Icone.uexp" 781
"C:/Users/fury8/OneDrive/Documents/Unreal Projects/EchoOfTheLamb/Content/Maps/ThirdPersonMap_BuiltData.ubulk" 782
"C:/Users/fury8/OneDrive/Documents/Unreal Projects/EchoOfTheLamb/Content/Maps/ThirdPersonMap_BuiltData.uasset" 783
"C:/Users/fury8/OneDrive/Documents/Unreal Projects/EchoOfTheLamb/Content/Maps/ThirdPersonMap_BuiltData.uexp" 784
"../../../Engine/Plugins/Interchange/Runtime/Content/gltf/MaterialFunctions/MF_RotateV2.uasset" 785
"../../../Engine/Plugins/Interchange/Runtime/Content/gltf/MaterialFunctions/MF_RotateV2.uexp" 786
"../../../Engine/Plugins/Interchange/Runtime/Content/gltf/MaterialFunctions/MF_TransformUVs.uasset" 787
"../../../Engine/Plugins/Interchange/Runtime/Content/gltf/MaterialFunctions/MF_TransformUVs.uexp" 788
"../../../Engine/Plugins/Interchange/Runtime/Content/gltf/Textures/T_White_srgb.uasset" 789
"../../../Engine/Plugins/Interchange/Runtime/Content/gltf/Textures/T_White_srgb.uexp" 790
"../../../Engine/Plugins/Interchange/Runtime/Content/gltf/MaterialFunctions/MF_BaseColor.uasset" 791
"../../../Engine/Plugins/Interchange/Runtime/Content/gltf/MaterialFunctions/MF_BaseColor.uexp" 792
"../../../Engine/Plugins/Interchange/Runtime/Content/gltf/MaterialBodies/MF_Unlit_Body.uasset" 793
"../../../Engine/Plugins/Interchange/Runtime/Content/gltf/MaterialBodies/MF_Unlit_Body.uexp" 794
"../../../Engine/Plugins/Interchange/Runtime/Content/gltf/M_Unlit.uasset" 795
"../../../Engine/Plugins/Interchange/Runtime/Content/gltf/M_Unlit.uexp" 796
"../../../Engine/Plugins/Interchange/Runtime/Content/gltf/MaterialInstances/MI_Unlit_Opaque_DS.uasset" 797
"../../../Engine/Plugins/Interchange/Runtime/Content/gltf/MaterialInstances/MI_Unlit_Opaque_DS.uexp" 798
"../../../Engine/Plugins/Interchange/Runtime/Content/gltf/MaterialInstances/MI_Unlit_Opaque.uasset" 799
"../../../Engine/Plugins/Interchange/Runtime/Content/gltf/MaterialInstances/MI_Unlit_Opaque.uexp" 800
"../../../Engine/Plugins/Interchange/Runtime/Content/gltf/MaterialInstances/MI_Unlit_Mask_DS.uasset" 801
"../../../Engine/Plugins/Interchange/Runtime/Content/gltf/MaterialInstances/MI_Unlit_Mask_DS.uexp" 802
"../../../Engine/Plugins/Interchange/Runtime/Content/gltf/MaterialInstances/MI_Unlit_Mask.uasset" 803
"../../../Engine/Plugins/Interchange/Runtime/Content/gltf/MaterialInstances/MI_Unlit_Mask.uexp" 804
"../../../Engine/Plugins/Interchange/Runtime/Content/gltf/MaterialInstances/MI_Unlit_Blend_DS.uasset" 805
"../../../Engine/Plugins/Interchange/Runtime/Content/gltf/MaterialInstances/MI_Unlit_Blend_DS.uexp" 806
"../../../Engine/Plugins/Interchange/Runtime/Content/gltf/MaterialInstances/MI_Unlit_Blend.uasset" 807
"../../../Engine/Plugins/Interchange/Runtime/Content/gltf/MaterialInstances/MI_Unlit_Blend.uexp" 808
"../../../Engine/Plugins/Interchange/Runtime/Content/gltf/MaterialFunctions/MF_Iridescence.uasset" 809
"../../../Engine/Plugins/Interchange/Runtime/Content/gltf/MaterialFunctions/MF_Iridescence.uexp" 810
"../../../Engine/Plugins/Interchange/Runtime/Content/gltf/Textures/T_White_Linear.uasset" 811
"../../../Engine/Plugins/Interchange/Runtime/Content/gltf/Textures/T_White_Linear.uexp" 812
"../../../Engine/Plugins/Interchange/Runtime/Content/gltf/MaterialFunctions/MF_MetallicRoughness.uasset" 813
"../../../Engine/Plugins/Interchange/Runtime/Content/gltf/MaterialFunctions/MF_MetallicRoughness.uexp" 814
"../../../Engine/Plugins/Interchange/Runtime/Content/gltf/MaterialFunctions/MF_Transmission.uasset" 815
"../../../Engine/Plugins/Interchange/Runtime/Content/gltf/MaterialFunctions/MF_Transmission.uexp" 816
"../../../Engine/Plugins/Interchange/Runtime/Content/gltf/MaterialFunctions/MF_Occlusion.uasset" 817
"../../../Engine/Plugins/Interchange/Runtime/Content/gltf/MaterialFunctions/MF_Occlusion.uexp" 818
"../../../Engine/Plugins/Interchange/Runtime/Content/gltf/MaterialFunctions/MF_Specular.uasset" 819
"../../../Engine/Plugins/Interchange/Runtime/Content/gltf/MaterialFunctions/MF_Specular.uexp" 820
"../../../Engine/Plugins/Interchange/Runtime/Content/gltf/MaterialFunctions/MF_IOR.uasset" 821
"../../../Engine/Plugins/Interchange/Runtime/Content/gltf/MaterialFunctions/MF_IOR.uexp" 822
"../../../Engine/Plugins/Interchange/Runtime/Content/gltf/MaterialFunctions/MF_RotateNormals_TS.uasset" 823
"../../../Engine/Plugins/Interchange/Runtime/Content/gltf/MaterialFunctions/MF_RotateNormals_TS.uexp" 824
"../../../Engine/Plugins/Interchange/Runtime/Content/gltf/Textures/T_Generic_N.uasset" 825
"../../../Engine/Plugins/Interchange/Runtime/Content/gltf/Textures/T_Generic_N.uexp" 826
"../../../Engine/Plugins/Interchange/Runtime/Content/gltf/MaterialFunctions/MF_Normals.uasset" 827
"../../../Engine/Plugins/Interchange/Runtime/Content/gltf/MaterialFunctions/MF_Normals.uexp" 828
"../../../Engine/Plugins/Interchange/Runtime/Content/gltf/MaterialBodies/MF_Transmission_Body.uasset" 829
"../../../Engine/Plugins/Interchange/Runtime/Content/gltf/MaterialBodies/MF_Transmission_Body.uexp" 830
"../../../Engine/Plugins/Interchange/Runtime/Content/gltf/M_Transmission.uasset" 831
"../../../Engine/Plugins/Interchange/Runtime/Content/gltf/M_Transmission.uexp" 832
"../../../Engine/Plugins/Interchange/Runtime/Content/gltf/MaterialInstances/MI_Transmission_DS.uasset" 833
"../../../Engine/Plugins/Interchange/Runtime/Content/gltf/MaterialInstances/MI_Transmission_DS.uexp" 834
"../../../Engine/Plugins/Interchange/Runtime/Content/gltf/MaterialInstances/MI_Transmission.uasset" 835
"../../../Engine/Plugins/Interchange/Runtime/Content/gltf/MaterialInstances/MI_Transmission.uexp" 836
"../../../Engine/Plugins/Interchange/Runtime/Content/gltf/MaterialFunctions/MF_DiffuseSpecGloss.uasset" 837
"../../../Engine/Plugins/Interchange/Runtime/Content/gltf/MaterialFunctions/MF_DiffuseSpecGloss.uexp" 838
"../../../Engine/Content/Functions/Engine_MaterialFunctions02/Math/AddComponents.uasset" 839
"../../../Engine/Content/Functions/Engine_MaterialFunctions02/Math/AddComponents.uexp" 840
"../../../Engine/Plugins/Interchange/Runtime/Content/gltf/MaterialFunctions/MF_PerceivedBrightness.uasset" 841
"../../../Engine/Plugins/Interchange/Runtime/Content/gltf/MaterialFunctions/MF_PerceivedBrightness.uexp" 842
"../../../Engine/Plugins/Interchange/Runtime/Content/gltf/MaterialFunctions/MF_Emissive.uasset" 843
"../../../Engine/Plugins/Interchange/Runtime/Content/gltf/MaterialFunctions/MF_Emissive.uexp" 844
"../../../Engine/Plugins/Interchange/Runtime/Content/gltf/MaterialFunctions/MF_SpecGlossToMetalRoughness.uasset" 845
"../../../Engine/Plugins/Interchange/Runtime/Content/gltf/MaterialFunctions/MF_SpecGlossToMetalRoughness.uexp" 846
"../../../Engine/Plugins/Interchange/Runtime/Content/gltf/MaterialBodies/MF_SpecularGlossiness_Body.uasset" 847
"../../../Engine/Plugins/Interchange/Runtime/Content/gltf/MaterialBodies/MF_SpecularGlossiness_Body.uexp" 848
"../../../Engine/Plugins/Interchange/Runtime/Content/gltf/M_SpecularGlossiness.uasset" 849
"../../../Engine/Plugins/Interchange/Runtime/Content/gltf/M_SpecularGlossiness.uexp" 850
"../../../Engine/Plugins/Interchange/Runtime/Content/gltf/MaterialInstances/MI_SpecularGlossiness_Opaque_DS.uasset" 851
"../../../Engine/Plugins/Interchange/Runtime/Content/gltf/MaterialInstances/MI_SpecularGlossiness_Opaque_DS.uexp" 852
"../../../Engine/Plugins/Interchange/Runtime/Content/gltf/MaterialInstances/MI_SpecularGlossiness_Opaque.uasset" 853
"../../../Engine/Plugins/Interchange/Runtime/Content/gltf/MaterialInstances/MI_SpecularGlossiness_Opaque.uexp" 854
"../../../Engine/Plugins/Interchange/Runtime/Content/gltf/MaterialInstances/MI_SpecularGlossiness_Mask_DS.uasset" 855
"../../../Engine/Plugins/Interchange/Runtime/Content/gltf/MaterialInstances/MI_SpecularGlossiness_Mask_DS.uexp" 856
"../../../Engine/Plugins/Interchange/Runtime/Content/gltf/MaterialInstances/MI_SpecularGlossiness_Mask.uasset" 857
"../../../Engine/Plugins/Interchange/Runtime/Content/gltf/MaterialInstances/MI_SpecularGlossiness_Mask.uexp" 858
"../../../Engine/Plugins/Interchange/Runtime/Content/gltf/MaterialInstances/MI_SpecularGlossiness_Blend_DS.uasset" 859
"../../../Engine/Plugins/Interchange/Runtime/Content/gltf/MaterialInstances/MI_SpecularGlossiness_Blend_DS.uexp" 860
"../../../Engine/Plugins/Interchange/Runtime/Content/gltf/MaterialInstances/MI_SpecularGlossiness_Blend.uasset" 861
"../../../Engine/Plugins/Interchange/Runtime/Content/gltf/MaterialInstances/MI_SpecularGlossiness_Blend.uexp" 862
"../../../Engine/Plugins/Interchange/Runtime/Content/gltf/MaterialFunctions/MF_Sheen.uasset" 863
"../../../Engine/Plugins/Interchange/Runtime/Content/gltf/MaterialFunctions/MF_Sheen.uexp" 864
"../../../Engine/Plugins/Interchange/Runtime/Content/gltf/MaterialBodies/MF_Sheen_Body.uasset" 865
"../../../Engine/Plugins/Interchange/Runtime/Content/gltf/MaterialBodies/MF_Sheen_Body.uexp" 866
"../../../Engine/Plugins/Interchange/Runtime/Content/gltf/M_Sheen.uasset" 867
"../../../Engine/Plugins/Interchange/Runtime/Content/gltf/M_Sheen.uexp" 868
"../../../Engine/Plugins/Interchange/Runtime/Content/gltf/MaterialInstances/MI_Sheen_Opaque_DS.uasset" 869
"../../../Engine/Plugins/Interchange/Runtime/Content/gltf/MaterialInstances/MI_Sheen_Opaque_DS.uexp" 870
"../../../Engine/Plugins/Interchange/Runtime/Content/gltf/MaterialInstances/MI_Sheen_Opaque.uasset" 871
"../../../Engine/Plugins/Interchange/Runtime/Content/gltf/MaterialInstances/MI_Sheen_Opaque.uexp" 872
"../../../Engine/Plugins/Interchange/Runtime/Content/gltf/MaterialInstances/MI_Sheen_Mask_DS.uasset" 873
"../../../Engine/Plugins/Interchange/Runtime/Content/gltf/MaterialInstances/MI_Sheen_Mask_DS.uexp" 874
"../../../Engine/Plugins/Interchange/Runtime/Content/gltf/MaterialInstances/MI_Sheen_Mask.uasset" 875
"../../../Engine/Plugins/Interchange/Runtime/Content/gltf/MaterialInstances/MI_Sheen_Mask.uexp" 876
"../../../Engine/Plugins/Interchange/Runtime/Content/gltf/MaterialInstances/MI_Sheen_Blend_DS.uasset" 877
"../../../Engine/Plugins/Interchange/Runtime/Content/gltf/MaterialInstances/MI_Sheen_Blend_DS.uexp" 878
"../../../Engine/Plugins/Interchange/Runtime/Content/gltf/MaterialInstances/MI_Sheen_Blend.uasset" 879
"../../../Engine/Plugins/Interchange/Runtime/Content/gltf/MaterialInstances/MI_Sheen_Blend.uexp" 880
"../../../Engine/Plugins/Interchange/Runtime/Content/gltf/MaterialBodies/MF_Default_Body.uasset" 881
"../../../Engine/Plugins/Interchange/Runtime/Content/gltf/MaterialBodies/MF_Default_Body.uexp" 882
"../../../Engine/Plugins/Interchange/Runtime/Content/gltf/M_Default.uasset" 883
"../../../Engine/Plugins/Interchange/Runtime/Content/gltf/M_Default.uexp" 884
"../../../Engine/Plugins/Interchange/Runtime/Content/gltf/MaterialInstances/MI_Default_Opaque_DS.uasset" 885
"../../../Engine/Plugins/Interchange/Runtime/Content/gltf/MaterialInstances/MI_Default_Opaque_DS.uexp" 886
"../../../Engine/Plugins/Interchange/Runtime/Content/gltf/MaterialInstances/MI_Default_Opaque.uasset" 887
"../../../Engine/Plugins/Interchange/Runtime/Content/gltf/MaterialInstances/MI_Default_Opaque.uexp" 888
"../../../Engine/Plugins/Interchange/Runtime/Content/gltf/MaterialInstances/MI_Default_Mask_DS.uasset" 889
"../../../Engine/Plugins/Interchange/Runtime/Content/gltf/MaterialInstances/MI_Default_Mask_DS.uexp" 890
"../../../Engine/Plugins/Interchange/Runtime/Content/gltf/MaterialInstances/MI_Default_Mask.uasset" 891
"../../../Engine/Plugins/Interchange/Runtime/Content/gltf/MaterialInstances/MI_Default_Mask.uexp" 892
"../../../Engine/Plugins/Interchange/Runtime/Content/gltf/MaterialInstances/MI_Default_Blend_DS.uasset" 893
"../../../Engine/Plugins/Interchange/Runtime/Content/gltf/MaterialInstances/MI_Default_Blend_DS.uexp" 894
"../../../Engine/Plugins/Interchange/Runtime/Content/gltf/MaterialInstances/MI_Default_Blend.uasset" 895
"../../../Engine/Plugins/Interchange/Runtime/Content/gltf/MaterialInstances/MI_Default_Blend.uexp" 896
"../../../Engine/Content/Functions/Engine_MaterialFunctions01/Texturing/FlattenNormal.uasset" 897
"../../../Engine/Content/Functions/Engine_MaterialFunctions01/Texturing/FlattenNormal.uexp" 898
"../../../Engine/Plugins/Interchange/Runtime/Content/gltf/MaterialFunctions/MF_Clearcoat.uasset" 899
"../../../Engine/Plugins/Interchange/Runtime/Content/gltf/MaterialFunctions/MF_Clearcoat.uexp" 900
"../../../Engine/Plugins/Interchange/Runtime/Content/gltf/MaterialBodies/MF_ClearCoat_Body.uasset" 901
"../../../Engine/Plugins/Interchange/Runtime/Content/gltf/MaterialBodies/MF_ClearCoat_Body.uexp" 902
"../../../Engine/Plugins/Interchange/Runtime/Content/gltf/M_ClearCoat.uasset" 903
"../../../Engine/Plugins/Interchange/Runtime/Content/gltf/M_ClearCoat.uexp" 904
"../../../Engine/Plugins/Interchange/Runtime/Content/gltf/MaterialInstances/MI_ClearCoat_Opaque_DS.uasset" 905
"../../../Engine/Plugins/Interchange/Runtime/Content/gltf/MaterialInstances/MI_ClearCoat_Opaque_DS.uexp" 906
"../../../Engine/Plugins/Interchange/Runtime/Content/gltf/MaterialInstances/MI_ClearCoat_Opaque.uasset" 907
"../../../Engine/Plugins/Interchange/Runtime/Content/gltf/MaterialInstances/MI_ClearCoat_Opaque.uexp" 908
"../../../Engine/Plugins/Interchange/Runtime/Content/gltf/MaterialInstances/MI_ClearCoat_Mask_DS.uasset" 909
"../../../Engine/Plugins/Interchange/Runtime/Content/gltf/MaterialInstances/MI_ClearCoat_Mask_DS.uexp" 910
"../../../Engine/Plugins/Interchange/Runtime/Content/gltf/MaterialInstances/MI_ClearCoat_Mask.uasset" 911
"../../../Engine/Plugins/Interchange/Runtime/Content/gltf/MaterialInstances/MI_ClearCoat_Mask.uexp" 912
"../../../Engine/Plugins/Interchange/Runtime/Content/gltf/MaterialInstances/MI_ClearCoat_Blend_DS.uasset" 913
"../../../Engine/Plugins/Interchange/Runtime/Content/gltf/MaterialInstances/MI_ClearCoat_Blend_DS.uexp" 914
"../../../Engine/Plugins/Interchange/Runtime/Content/gltf/MaterialInstances/MI_ClearCoat_Blend.uasset" 915
"../../../Engine/Plugins/Interchange/Runtime/Content/gltf/MaterialInstances/MI_ClearCoat_Blend.uexp" 916
"../../../Engine/Content/MobileResources/HUD/VirtualJoystick_Background.uasset" 917
"../../../Engine/Content/MobileResources/HUD/VirtualJoystick_Background.uexp" 918
"../../../Engine/Content/MobileResources/HUD/VirtualJoystick_Thumb.uasset" 919
"../../../Engine/Content/MobileResources/HUD/VirtualJoystick_Thumb.uexp" 920
"../../../Engine/Content/MobileResources/HUD/DefaultVirtualJoysticks.uasset" 921
"../../../Engine/Content/MobileResources/HUD/DefaultVirtualJoysticks.uexp" 922
"../../../Engine/Content/EngineSky/VolumetricClouds/CloudWeatherTexture.uasset" 923
"../../../Engine/Content/EngineSky/VolumetricClouds/CloudWeatherTexture.uexp" 924
"../../../Engine/Content/Functions/Engine_MaterialFunctions02/Utility/MakeFloat2.uasset" 925
"../../../Engine/Content/Functions/Engine_MaterialFunctions02/Utility/MakeFloat2.uexp" 926
"../../../Engine/Content/EngineSky/VolumetricClouds/CloudGradientTexture.uasset" 927
"../../../Engine/Content/EngineSky/VolumetricClouds/CloudGradientTexture.uexp" 928
"../../../Engine/Content/EngineSky/VolumetricClouds/T_NoiseShape64.ubulk" 929
"../../../Engine/Content/EngineSky/VolumetricClouds/T_NoiseShape64.uasset" 930
"../../../Engine/Content/EngineSky/VolumetricClouds/T_NoiseShape64.uexp" 931
"../../../Engine/Content/EngineSky/VolumetricClouds/T_VolumeNoiseShape64.uasset" 932
"../../../Engine/Content/EngineSky/VolumetricClouds/T_VolumeNoiseShape64.uexp" 933
"../../../Engine/Content/EngineSky/VolumetricClouds/T_NoiseErosion.ubulk" 934
"../../../Engine/Content/EngineSky/VolumetricClouds/T_NoiseErosion.uasset" 935
"../../../Engine/Content/EngineSky/VolumetricClouds/T_NoiseErosion.uexp" 936
"../../../Engine/Content/EngineSky/VolumetricClouds/T_VolumeNoiseErosion32.uasset" 937
"../../../Engine/Content/EngineSky/VolumetricClouds/T_VolumeNoiseErosion32.uexp" 938
"../../../Engine/Content/EngineSky/VolumetricClouds/m_SimpleVolumetricCloud.uasset" 939
"../../../Engine/Content/EngineSky/VolumetricClouds/m_SimpleVolumetricCloud.uexp" 940
"../../../Engine/Content/EngineSky/VolumetricClouds/m_SimpleVolumetricCloud_Inst.uasset" 941
"../../../Engine/Content/EngineSky/VolumetricClouds/m_SimpleVolumetricCloud_Inst.uexp" 942
"../../../Engine/Content/EngineResources/FilmGrains/Marcie_Grain_v3_128_M2_000.uasset" 943
"../../../Engine/Content/EngineResources/FilmGrains/Marcie_Grain_v3_128_M2_000.uexp" 944
"../../../Engine/Content/EditorResources/SequenceRecorder/RecordingIndicator.uasset" 945
"../../../Engine/Content/EditorResources/SequenceRecorder/RecordingIndicator.uexp" 946
"../../../Engine/Content/EditorResources/SequenceRecorder/Countdown.uasset" 947
"../../../Engine/Content/EditorResources/SequenceRecorder/Countdown.uexp" 948
"../../../Engine/Content/EditorMaterials/Dataflow/DataflowVertexMaterial.uasset" 949
"../../../Engine/Content/EditorMaterials/Dataflow/DataflowVertexMaterial.uexp" 950
"C:/Users/fury8/OneDrive/Documents/Unreal Projects/EchoOfTheLamb/Content/StarterContent/Materials/M_Basic_Wall.uasset" 951
"C:/Users/fury8/OneDrive/Documents/Unreal Projects/EchoOfTheLamb/Content/StarterContent/Materials/M_Basic_Wall.uexp" 952
"C:/Users/fury8/OneDrive/Documents/Unreal Projects/EchoOfTheLamb/Content/StarterContent/Shapes/Shape_WideCapsule.ubulk" 953
"C:/Users/fury8/OneDrive/Documents/Unreal Projects/EchoOfTheLamb/Content/StarterContent/Shapes/Shape_WideCapsule.uasset" 954
"C:/Users/fury8/OneDrive/Documents/Unreal Projects/EchoOfTheLamb/Content/StarterContent/Shapes/Shape_WideCapsule.uexp" 955
"C:/Users/fury8/OneDrive/Documents/Unreal Projects/EchoOfTheLamb/Content/StarterContent/Shapes/Shape_Wedge_B.ubulk" 956
"C:/Users/fury8/OneDrive/Documents/Unreal Projects/EchoOfTheLamb/Content/StarterContent/Shapes/Shape_Wedge_B.uasset" 957
"C:/Users/fury8/OneDrive/Documents/Unreal Projects/EchoOfTheLamb/Content/StarterContent/Shapes/Shape_Wedge_B.uexp" 958
"C:/Users/fury8/OneDrive/Documents/Unreal Projects/EchoOfTheLamb/Content/StarterContent/Shapes/Shape_Wedge_A.ubulk" 959
"C:/Users/fury8/OneDrive/Documents/Unreal Projects/EchoOfTheLamb/Content/StarterContent/Shapes/Shape_Wedge_A.uasset" 960
"C:/Users/fury8/OneDrive/Documents/Unreal Projects/EchoOfTheLamb/Content/StarterContent/Shapes/Shape_Wedge_A.uexp" 961
"C:/Users/fury8/OneDrive/Documents/Unreal Projects/EchoOfTheLamb/Content/StarterContent/Shapes/Shape_Tube.ubulk" 962
"C:/Users/fury8/OneDrive/Documents/Unreal Projects/EchoOfTheLamb/Content/StarterContent/Shapes/Shape_Tube.uasset" 963
"C:/Users/fury8/OneDrive/Documents/Unreal Projects/EchoOfTheLamb/Content/StarterContent/Shapes/Shape_Tube.uexp" 964
"C:/Users/fury8/OneDrive/Documents/Unreal Projects/EchoOfTheLamb/Content/StarterContent/Shapes/Shape_TriPyramid.ubulk" 965
"C:/Users/fury8/OneDrive/Documents/Unreal Projects/EchoOfTheLamb/Content/StarterContent/Shapes/Shape_TriPyramid.uasset" 966
"C:/Users/fury8/OneDrive/Documents/Unreal Projects/EchoOfTheLamb/Content/StarterContent/Shapes/Shape_TriPyramid.uexp" 967
"C:/Users/fury8/OneDrive/Documents/Unreal Projects/EchoOfTheLamb/Content/StarterContent/Shapes/Shape_Trim_90_Out.ubulk" 968
"C:/Users/fury8/OneDrive/Documents/Unreal Projects/EchoOfTheLamb/Content/StarterContent/Shapes/Shape_Trim_90_Out.uasset" 969
"C:/Users/fury8/OneDrive/Documents/Unreal Projects/EchoOfTheLamb/Content/StarterContent/Shapes/Shape_Trim_90_Out.uexp" 970
"C:/Users/fury8/OneDrive/Documents/Unreal Projects/EchoOfTheLamb/Content/StarterContent/Shapes/Shape_Trim_90_In.ubulk" 971
"C:/Users/fury8/OneDrive/Documents/Unreal Projects/EchoOfTheLamb/Content/StarterContent/Shapes/Shape_Trim_90_In.uasset" 972
"C:/Users/fury8/OneDrive/Documents/Unreal Projects/EchoOfTheLamb/Content/StarterContent/Shapes/Shape_Trim_90_In.uexp" 973
"C:/Users/fury8/OneDrive/Documents/Unreal Projects/EchoOfTheLamb/Content/StarterContent/Shapes/Shape_Trim.ubulk" 974
"C:/Users/fury8/OneDrive/Documents/Unreal Projects/EchoOfTheLamb/Content/StarterContent/Shapes/Shape_Trim.uasset" 975
"C:/Users/fury8/OneDrive/Documents/Unreal Projects/EchoOfTheLamb/Content/StarterContent/Shapes/Shape_Trim.uexp" 976
"C:/Users/fury8/OneDrive/Documents/Unreal Projects/EchoOfTheLamb/Content/StarterContent/Shapes/Shape_Torus.ubulk" 977
"C:/Users/fury8/OneDrive/Documents/Unreal Projects/EchoOfTheLamb/Content/StarterContent/Shapes/Shape_Torus.uasset" 978
"C:/Users/fury8/OneDrive/Documents/Unreal Projects/EchoOfTheLamb/Content/StarterContent/Shapes/Shape_Torus.uexp" 979
"C:/Users/fury8/OneDrive/Documents/Unreal Projects/EchoOfTheLamb/Content/StarterContent/Shapes/Shape_Plane.ubulk" 980
"C:/Users/fury8/OneDrive/Documents/Unreal Projects/EchoOfTheLamb/Content/StarterContent/Shapes/Shape_Plane.uasset" 981
"C:/Users/fury8/OneDrive/Documents/Unreal Projects/EchoOfTheLamb/Content/StarterContent/Shapes/Shape_Plane.uexp" 982
"C:/Users/fury8/OneDrive/Documents/Unreal Projects/EchoOfTheLamb/Content/StarterContent/Shapes/Shape_Pipe_90.ubulk" 983
"C:/Users/fury8/OneDrive/Documents/Unreal Projects/EchoOfTheLamb/Content/StarterContent/Shapes/Shape_Pipe_90.uasset" 984
"C:/Users/fury8/OneDrive/Documents/Unreal Projects/EchoOfTheLamb/Content/StarterContent/Shapes/Shape_Pipe_90.uexp" 985
"C:/Users/fury8/OneDrive/Documents/Unreal Projects/EchoOfTheLamb/Content/StarterContent/Shapes/Shape_Pipe_180.ubulk" 986
"C:/Users/fury8/OneDrive/Documents/Unreal Projects/EchoOfTheLamb/Content/StarterContent/Shapes/Shape_Pipe_180.uasset" 987
"C:/Users/fury8/OneDrive/Documents/Unreal Projects/EchoOfTheLamb/Content/StarterContent/Shapes/Shape_Pipe_180.uexp" 988
"C:/Users/fury8/OneDrive/Documents/Unreal Projects/EchoOfTheLamb/Content/StarterContent/Shapes/Shape_Pipe.ubulk" 989
"C:/Users/fury8/OneDrive/Documents/Unreal Projects/EchoOfTheLamb/Content/StarterContent/Shapes/Shape_Pipe.uasset" 990
"C:/Users/fury8/OneDrive/Documents/Unreal Projects/EchoOfTheLamb/Content/StarterContent/Shapes/Shape_Pipe.uexp" 991
"C:/Users/fury8/OneDrive/Documents/Unreal Projects/EchoOfTheLamb/Content/StarterContent/Shapes/Shape_NarrowCapsule.ubulk" 992
"C:/Users/fury8/OneDrive/Documents/Unreal Projects/EchoOfTheLamb/Content/StarterContent/Shapes/Shape_NarrowCapsule.uasset" 993
"C:/Users/fury8/OneDrive/Documents/Unreal Projects/EchoOfTheLamb/Content/StarterContent/Shapes/Shape_NarrowCapsule.uexp" 994
"C:/Users/fury8/OneDrive/Documents/Unreal Projects/EchoOfTheLamb/Content/StarterContent/Shapes/Shape_Cone.ubulk" 995
"C:/Users/fury8/OneDrive/Documents/Unreal Projects/EchoOfTheLamb/Content/StarterContent/Shapes/Shape_Cone.uasset" 996
"C:/Users/fury8/OneDrive/Documents/Unreal Projects/EchoOfTheLamb/Content/StarterContent/Shapes/Shape_Cone.uexp" 997
"C:/Users/fury8/OneDrive/Documents/Unreal Projects/EchoOfTheLamb/Content/StarterContent/Materials/M_Basic_Floor.uasset" 998
"C:/Users/fury8/OneDrive/Documents/Unreal Projects/EchoOfTheLamb/Content/StarterContent/Materials/M_Basic_Floor.uexp" 999
"C:/Users/fury8/OneDrive/Documents/Unreal Projects/EchoOfTheLamb/Content/StarterContent/Props/SM_Stairs.ubulk" 1000
"C:/Users/fury8/OneDrive/Documents/Unreal Projects/EchoOfTheLamb/Content/StarterContent/Props/SM_Stairs.uasset" 1001
"C:/Users/fury8/OneDrive/Documents/Unreal Projects/EchoOfTheLamb/Content/StarterContent/Props/SM_Stairs.uexp" 1002
"C:/Users/fury8/OneDrive/Documents/Unreal Projects/EchoOfTheLamb/Content/StarterContent/Textures/T_Shelf_N.ubulk" 1003
"C:/Users/fury8/OneDrive/Documents/Unreal Projects/EchoOfTheLamb/Content/StarterContent/Textures/T_Shelf_N.uasset" 1004
"C:/Users/fury8/OneDrive/Documents/Unreal Projects/EchoOfTheLamb/Content/StarterContent/Textures/T_Shelf_N.uexp" 1005
"C:/Users/fury8/OneDrive/Documents/Unreal Projects/EchoOfTheLamb/Content/StarterContent/Textures/T_Shelf_M.ubulk" 1006
"C:/Users/fury8/OneDrive/Documents/Unreal Projects/EchoOfTheLamb/Content/StarterContent/Textures/T_Shelf_M.uasset" 1007
"C:/Users/fury8/OneDrive/Documents/Unreal Projects/EchoOfTheLamb/Content/StarterContent/Textures/T_Shelf_M.uexp" 1008
"C:/Users/fury8/OneDrive/Documents/Unreal Projects/EchoOfTheLamb/Content/StarterContent/Props/Materials/M_Shelf.uasset" 1009
"C:/Users/fury8/OneDrive/Documents/Unreal Projects/EchoOfTheLamb/Content/StarterContent/Props/Materials/M_Shelf.uexp" 1010
"C:/Users/fury8/OneDrive/Documents/Unreal Projects/EchoOfTheLamb/Content/StarterContent/Props/SM_Shelf.ubulk" 1011
"C:/Users/fury8/OneDrive/Documents/Unreal Projects/EchoOfTheLamb/Content/StarterContent/Props/SM_Shelf.uasset" 1012
"C:/Users/fury8/OneDrive/Documents/Unreal Projects/EchoOfTheLamb/Content/StarterContent/Props/SM_Shelf.uexp" 1013
"../../../Engine/Content/Functions/Engine_MaterialFunctions02/Utility/BlendAngleCorrectedNormals.uasset" 1014
"../../../Engine/Content/Functions/Engine_MaterialFunctions02/Utility/BlendAngleCorrectedNormals.uexp" 1015
"C:/Users/fury8/OneDrive/Documents/Unreal Projects/EchoOfTheLamb/Content/StarterContent/Textures/T_Detail_Rocky_N.ubulk" 1016
"C:/Users/fury8/OneDrive/Documents/Unreal Projects/EchoOfTheLamb/Content/StarterContent/Textures/T_Detail_Rocky_N.uasset" 1017
"C:/Users/fury8/OneDrive/Documents/Unreal Projects/EchoOfTheLamb/Content/StarterContent/Textures/T_Detail_Rocky_N.uexp" 1018
"C:/Users/fury8/OneDrive/Documents/Unreal Projects/EchoOfTheLamb/Content/StarterContent/Textures/T_Rock_Basalt_D.ubulk" 1019
"C:/Users/fury8/OneDrive/Documents/Unreal Projects/EchoOfTheLamb/Content/StarterContent/Textures/T_Rock_Basalt_D.uasset" 1020
"C:/Users/fury8/OneDrive/Documents/Unreal Projects/EchoOfTheLamb/Content/StarterContent/Textures/T_Rock_Basalt_D.uexp" 1021
"C:/Users/fury8/OneDrive/Documents/Unreal Projects/EchoOfTheLamb/Content/StarterContent/Textures/T_RockMesh_N.ubulk" 1022
"C:/Users/fury8/OneDrive/Documents/Unreal Projects/EchoOfTheLamb/Content/StarterContent/Textures/T_RockMesh_N.uasset" 1023
"C:/Users/fury8/OneDrive/Documents/Unreal Projects/EchoOfTheLamb/Content/StarterContent/Textures/T_RockMesh_N.uexp" 1024
"C:/Users/fury8/OneDrive/Documents/Unreal Projects/EchoOfTheLamb/Content/StarterContent/Textures/T_RockMesh_M.ubulk" 1025
"C:/Users/fury8/OneDrive/Documents/Unreal Projects/EchoOfTheLamb/Content/StarterContent/Textures/T_RockMesh_M.uasset" 1026
"C:/Users/fury8/OneDrive/Documents/Unreal Projects/EchoOfTheLamb/Content/StarterContent/Textures/T_RockMesh_M.uexp" 1027
"C:/Users/fury8/OneDrive/Documents/Unreal Projects/EchoOfTheLamb/Content/StarterContent/Props/Materials/M_Rock.uasset" 1028
"C:/Users/fury8/OneDrive/Documents/Unreal Projects/EchoOfTheLamb/Content/StarterContent/Props/Materials/M_Rock.uexp" 1029
"C:/Users/fury8/OneDrive/Documents/Unreal Projects/EchoOfTheLamb/Content/StarterContent/Props/SM_Rock.ubulk" 1030
"C:/Users/fury8/OneDrive/Documents/Unreal Projects/EchoOfTheLamb/Content/StarterContent/Props/SM_Rock.uasset" 1031
"C:/Users/fury8/OneDrive/Documents/Unreal Projects/EchoOfTheLamb/Content/StarterContent/Props/SM_Rock.uexp" 1032
"C:/Users/fury8/OneDrive/Documents/Unreal Projects/EchoOfTheLamb/Content/StarterContent/Materials/M_Glass.uasset" 1033
"C:/Users/fury8/OneDrive/Documents/Unreal Projects/EchoOfTheLamb/Content/StarterContent/Materials/M_Glass.uexp" 1034
"C:/Users/fury8/OneDrive/Documents/Unreal Projects/EchoOfTheLamb/Content/StarterContent/Textures/T_Door_N.ubulk" 1035
"C:/Users/fury8/OneDrive/Documents/Unreal Projects/EchoOfTheLamb/Content/StarterContent/Textures/T_Door_N.uasset" 1036
"C:/Users/fury8/OneDrive/Documents/Unreal Projects/EchoOfTheLamb/Content/StarterContent/Textures/T_Door_N.uexp" 1037
"C:/Users/fury8/OneDrive/Documents/Unreal Projects/EchoOfTheLamb/Content/StarterContent/Textures/T_Door_M.ubulk" 1038
"C:/Users/fury8/OneDrive/Documents/Unreal Projects/EchoOfTheLamb/Content/StarterContent/Textures/T_Door_M.uasset" 1039
"C:/Users/fury8/OneDrive/Documents/Unreal Projects/EchoOfTheLamb/Content/StarterContent/Textures/T_Door_M.uexp" 1040
"C:/Users/fury8/OneDrive/Documents/Unreal Projects/EchoOfTheLamb/Content/StarterContent/Props/Materials/M_Door.uasset" 1041
"C:/Users/fury8/OneDrive/Documents/Unreal Projects/EchoOfTheLamb/Content/StarterContent/Props/Materials/M_Door.uexp" 1042
"C:/Users/fury8/OneDrive/Documents/Unreal Projects/EchoOfTheLamb/Content/StarterContent/Props/SM_Door.ubulk" 1043
"C:/Users/fury8/OneDrive/Documents/Unreal Projects/EchoOfTheLamb/Content/StarterContent/Props/SM_Door.uasset" 1044
"C:/Users/fury8/OneDrive/Documents/Unreal Projects/EchoOfTheLamb/Content/StarterContent/Props/SM_Door.uexp" 1045
"C:/Users/fury8/OneDrive/Documents/Unreal Projects/EchoOfTheLamb/Content/StarterContent/Textures/T_Chair_N.ubulk" 1046
"C:/Users/fury8/OneDrive/Documents/Unreal Projects/EchoOfTheLamb/Content/StarterContent/Textures/T_Chair_N.uasset" 1047
"C:/Users/fury8/OneDrive/Documents/Unreal Projects/EchoOfTheLamb/Content/StarterContent/Textures/T_Chair_N.uexp" 1048
"C:/Users/fury8/OneDrive/Documents/Unreal Projects/EchoOfTheLamb/Content/StarterContent/Textures/T_Chair_M.ubulk" 1049
"C:/Users/fury8/OneDrive/Documents/Unreal Projects/EchoOfTheLamb/Content/StarterContent/Textures/T_Chair_M.uasset" 1050
"C:/Users/fury8/OneDrive/Documents/Unreal Projects/EchoOfTheLamb/Content/StarterContent/Textures/T_Chair_M.uexp" 1051
"C:/Users/fury8/OneDrive/Documents/Unreal Projects/EchoOfTheLamb/Content/StarterContent/Props/Materials/M_Chair.uasset" 1052
"C:/Users/fury8/OneDrive/Documents/Unreal Projects/EchoOfTheLamb/Content/StarterContent/Props/Materials/M_Chair.uexp" 1053
"C:/Users/fury8/OneDrive/Documents/Unreal Projects/EchoOfTheLamb/Content/StarterContent/Props/SM_Couch.ubulk" 1054
"C:/Users/fury8/OneDrive/Documents/Unreal Projects/EchoOfTheLamb/Content/StarterContent/Props/SM_Couch.uasset" 1055
"C:/Users/fury8/OneDrive/Documents/Unreal Projects/EchoOfTheLamb/Content/StarterContent/Props/SM_Couch.uexp" 1056
"C:/Users/fury8/OneDrive/Documents/Unreal Projects/EchoOfTheLamb/Content/StarterContent/Textures/T_Bush_N.ubulk" 1057
"C:/Users/fury8/OneDrive/Documents/Unreal Projects/EchoOfTheLamb/Content/StarterContent/Textures/T_Bush_N.uasset" 1058
"C:/Users/fury8/OneDrive/Documents/Unreal Projects/EchoOfTheLamb/Content/StarterContent/Textures/T_Bush_N.uexp" 1059
"C:/Users/fury8/OneDrive/Documents/Unreal Projects/EchoOfTheLamb/Content/StarterContent/Textures/T_Bush_D.ubulk" 1060
"C:/Users/fury8/OneDrive/Documents/Unreal Projects/EchoOfTheLamb/Content/StarterContent/Textures/T_Bush_D.uasset" 1061
"C:/Users/fury8/OneDrive/Documents/Unreal Projects/EchoOfTheLamb/Content/StarterContent/Textures/T_Bush_D.uexp" 1062
"C:/Users/fury8/OneDrive/Documents/Unreal Projects/EchoOfTheLamb/Content/StarterContent/Props/Materials/M_Bush.uasset" 1063
"C:/Users/fury8/OneDrive/Documents/Unreal Projects/EchoOfTheLamb/Content/StarterContent/Props/Materials/M_Bush.uexp" 1064
"C:/Users/fury8/OneDrive/Documents/Unreal Projects/EchoOfTheLamb/Content/StarterContent/Props/SM_Bush.ubulk" 1065
"C:/Users/fury8/OneDrive/Documents/Unreal Projects/EchoOfTheLamb/Content/StarterContent/Props/SM_Bush.uasset" 1066
"C:/Users/fury8/OneDrive/Documents/Unreal Projects/EchoOfTheLamb/Content/StarterContent/Props/SM_Bush.uexp" 1067
"../../../Engine/Content/EditorMeshes/ColorCalibrator/T_ColorGrid.ubulk" 1068
"../../../Engine/Content/EditorMeshes/ColorCalibrator/T_ColorGrid.uasset" 1069
"../../../Engine/Content/EditorMeshes/ColorCalibrator/T_ColorGrid.uexp" 1070
"C:/Users/fury8/OneDrive/Documents/Unreal Projects/EchoOfTheLamb/Content/StarterContent/Materials/M_ColorGrid_LowSpec.uasset" 1071
"C:/Users/fury8/OneDrive/Documents/Unreal Projects/EchoOfTheLamb/Content/StarterContent/Materials/M_ColorGrid_LowSpec.uexp" 1072
"C:/Users/fury8/OneDrive/Documents/Unreal Projects/EchoOfTheLamb/Content/StarterContent/Textures/T_Smoke_SubUV.ubulk" 1073
"C:/Users/fury8/OneDrive/Documents/Unreal Projects/EchoOfTheLamb/Content/StarterContent/Textures/T_Smoke_SubUV.uasset" 1074
"C:/Users/fury8/OneDrive/Documents/Unreal Projects/EchoOfTheLamb/Content/StarterContent/Textures/T_Smoke_SubUV.uexp" 1075
"C:/Users/fury8/OneDrive/Documents/Unreal Projects/EchoOfTheLamb/Content/StarterContent/Textures/T_Smoke_Tiled_D.ubulk" 1076
"C:/Users/fury8/OneDrive/Documents/Unreal Projects/EchoOfTheLamb/Content/StarterContent/Textures/T_Smoke_Tiled_D.uasset" 1077
"C:/Users/fury8/OneDrive/Documents/Unreal Projects/EchoOfTheLamb/Content/StarterContent/Textures/T_Smoke_Tiled_D.uexp" 1078
"C:/Users/fury8/OneDrive/Documents/Unreal Projects/EchoOfTheLamb/Content/StarterContent/Particles/Materials/M_smoke_subUV.uasset" 1079
"C:/Users/fury8/OneDrive/Documents/Unreal Projects/EchoOfTheLamb/Content/StarterContent/Particles/Materials/M_smoke_subUV.uexp" 1080
"C:/Users/fury8/OneDrive/Documents/Unreal Projects/EchoOfTheLamb/Content/StarterContent/Textures/T_Burst_M.ubulk" 1081
"C:/Users/fury8/OneDrive/Documents/Unreal Projects/EchoOfTheLamb/Content/StarterContent/Textures/T_Burst_M.uasset" 1082
"C:/Users/fury8/OneDrive/Documents/Unreal Projects/EchoOfTheLamb/Content/StarterContent/Textures/T_Burst_M.uexp" 1083
"C:/Users/fury8/OneDrive/Documents/Unreal Projects/EchoOfTheLamb/Content/StarterContent/Particles/Materials/M_Burst.uasset" 1084
"C:/Users/fury8/OneDrive/Documents/Unreal Projects/EchoOfTheLamb/Content/StarterContent/Particles/Materials/M_Burst.uexp" 1085
"C:/Users/fury8/OneDrive/Documents/Unreal Projects/EchoOfTheLamb/Content/StarterContent/Particles/Materials/m_flare_01.uasset" 1086
"C:/Users/fury8/OneDrive/Documents/Unreal Projects/EchoOfTheLamb/Content/StarterContent/Particles/Materials/m_flare_01.uexp" 1087
"C:/Users/fury8/OneDrive/Documents/Unreal Projects/EchoOfTheLamb/Content/StarterContent/Textures/T_Explosion_SubUV.ubulk" 1088
"C:/Users/fury8/OneDrive/Documents/Unreal Projects/EchoOfTheLamb/Content/StarterContent/Textures/T_Explosion_SubUV.uasset" 1089
"C:/Users/fury8/OneDrive/Documents/Unreal Projects/EchoOfTheLamb/Content/StarterContent/Textures/T_Explosion_SubUV.uexp" 1090
"C:/Users/fury8/OneDrive/Documents/Unreal Projects/EchoOfTheLamb/Content/StarterContent/Particles/Materials/M_explosion_subUV.uasset" 1091
"C:/Users/fury8/OneDrive/Documents/Unreal Projects/EchoOfTheLamb/Content/StarterContent/Particles/Materials/M_explosion_subUV.uexp" 1092
"../../../Engine/Content/Functions/Engine_MaterialFunctions01/Gradient/RadialGradient.uasset" 1093
"../../../Engine/Content/Functions/Engine_MaterialFunctions01/Gradient/RadialGradient.uexp" 1094
"C:/Users/fury8/OneDrive/Documents/Unreal Projects/EchoOfTheLamb/Content/StarterContent/Particles/Materials/M_radial_ramp.uasset" 1095
"C:/Users/fury8/OneDrive/Documents/Unreal Projects/EchoOfTheLamb/Content/StarterContent/Particles/Materials/M_radial_ramp.uexp" 1096
"C:/Users/fury8/OneDrive/Documents/Unreal Projects/EchoOfTheLamb/Content/StarterContent/Particles/P_Explosion.uasset" 1097
"C:/Users/fury8/OneDrive/Documents/Unreal Projects/EchoOfTheLamb/Content/StarterContent/Particles/P_Explosion.uexp" 1098
"C:/Users/fury8/OneDrive/Documents/Unreal Projects/EchoOfTheLamb/Content/StarterContent/Audio/Explosion_Cue.uasset" 1099
"C:/Users/fury8/OneDrive/Documents/Unreal Projects/EchoOfTheLamb/Content/StarterContent/Audio/Explosion_Cue.uexp" 1100
"C:/Users/fury8/OneDrive/Documents/Unreal Projects/EchoOfTheLamb/Content/StarterContent/Blueprints/Blueprint_Effect_Explosion.uasset" 1101
"C:/Users/fury8/OneDrive/Documents/Unreal Projects/EchoOfTheLamb/Content/StarterContent/Blueprints/Blueprint_Effect_Explosion.uexp" 1102
"C:/Users/fury8/OneDrive/Documents/Unreal Projects/EchoOfTheLamb/Content/StarterContent/Audio/Steam01.ubulk" 1103
"C:/Users/fury8/OneDrive/Documents/Unreal Projects/EchoOfTheLamb/Content/StarterContent/Audio/Steam01.uasset" 1104
"C:/Users/fury8/OneDrive/Documents/Unreal Projects/EchoOfTheLamb/Content/StarterContent/Audio/Steam01.uexp" 1105
"C:/Users/fury8/OneDrive/Documents/Unreal Projects/EchoOfTheLamb/Content/StarterContent/Audio/Starter_Wind06.ubulk" 1106
"C:/Users/fury8/OneDrive/Documents/Unreal Projects/EchoOfTheLamb/Content/StarterContent/Audio/Starter_Wind06.uasset" 1107
"C:/Users/fury8/OneDrive/Documents/Unreal Projects/EchoOfTheLamb/Content/StarterContent/Audio/Starter_Wind06.uexp" 1108
"C:/Users/fury8/OneDrive/Documents/Unreal Projects/EchoOfTheLamb/Content/StarterContent/Audio/Starter_Wind05.ubulk" 1109
"C:/Users/fury8/OneDrive/Documents/Unreal Projects/EchoOfTheLamb/Content/StarterContent/Audio/Starter_Wind05.uasset" 1110
"C:/Users/fury8/OneDrive/Documents/Unreal Projects/EchoOfTheLamb/Content/StarterContent/Audio/Starter_Wind05.uexp" 1111
"C:/Users/fury8/OneDrive/Documents/Unreal Projects/EchoOfTheLamb/Content/StarterContent/Audio/Starter_Music01.ubulk" 1112
"C:/Users/fury8/OneDrive/Documents/Unreal Projects/EchoOfTheLamb/Content/StarterContent/Audio/Starter_Music01.uasset" 1113
"C:/Users/fury8/OneDrive/Documents/Unreal Projects/EchoOfTheLamb/Content/StarterContent/Audio/Starter_Music01.uexp" 1114
"C:/Users/fury8/OneDrive/Documents/Unreal Projects/EchoOfTheLamb/Content/StarterContent/Audio/Starter_Birds01.ubulk" 1115
"C:/Users/fury8/OneDrive/Documents/Unreal Projects/EchoOfTheLamb/Content/StarterContent/Audio/Starter_Birds01.uasset" 1116
"C:/Users/fury8/OneDrive/Documents/Unreal Projects/EchoOfTheLamb/Content/StarterContent/Audio/Starter_Birds01.uexp" 1117
"C:/Users/fury8/OneDrive/Documents/Unreal Projects/EchoOfTheLamb/Content/StarterContent/Audio/Smoke01.ubulk" 1118
"C:/Users/fury8/OneDrive/Documents/Unreal Projects/EchoOfTheLamb/Content/StarterContent/Audio/Smoke01.uasset" 1119
"C:/Users/fury8/OneDrive/Documents/Unreal Projects/EchoOfTheLamb/Content/StarterContent/Audio/Smoke01.uexp" 1120
"C:/Users/fury8/OneDrive/Documents/Unreal Projects/EchoOfTheLamb/Content/StarterContent/Audio/Light02_Cue.uasset" 1121
"C:/Users/fury8/OneDrive/Documents/Unreal Projects/EchoOfTheLamb/Content/StarterContent/Audio/Light02_Cue.uexp" 1122
"C:/Users/fury8/OneDrive/Documents/Unreal Projects/EchoOfTheLamb/Content/StarterContent/Audio/Light02.ubulk" 1123
"C:/Users/fury8/OneDrive/Documents/Unreal Projects/EchoOfTheLamb/Content/StarterContent/Audio/Light02.uasset" 1124
"C:/Users/fury8/OneDrive/Documents/Unreal Projects/EchoOfTheLamb/Content/StarterContent/Audio/Light02.uexp" 1125
"C:/Users/fury8/OneDrive/Documents/Unreal Projects/EchoOfTheLamb/Content/StarterContent/Audio/Light01_Cue.uasset" 1126
"C:/Users/fury8/OneDrive/Documents/Unreal Projects/EchoOfTheLamb/Content/StarterContent/Audio/Light01_Cue.uexp" 1127
"C:/Users/fury8/OneDrive/Documents/Unreal Projects/EchoOfTheLamb/Content/StarterContent/Audio/Light01.ubulk" 1128
"C:/Users/fury8/OneDrive/Documents/Unreal Projects/EchoOfTheLamb/Content/StarterContent/Audio/Light01.uasset" 1129
"C:/Users/fury8/OneDrive/Documents/Unreal Projects/EchoOfTheLamb/Content/StarterContent/Audio/Light01.uexp" 1130
"C:/Users/fury8/OneDrive/Documents/Unreal Projects/EchoOfTheLamb/Content/StarterContent/Audio/Fire_Sparks01.ubulk" 1131
"C:/Users/fury8/OneDrive/Documents/Unreal Projects/EchoOfTheLamb/Content/StarterContent/Audio/Fire_Sparks01.uasset" 1132
"C:/Users/fury8/OneDrive/Documents/Unreal Projects/EchoOfTheLamb/Content/StarterContent/Audio/Fire_Sparks01.uexp" 1133
"C:/Users/fury8/OneDrive/Documents/Unreal Projects/EchoOfTheLamb/Content/StarterContent/Audio/Fire01.ubulk" 1134
"C:/Users/fury8/OneDrive/Documents/Unreal Projects/EchoOfTheLamb/Content/StarterContent/Audio/Fire01.uasset" 1135
"C:/Users/fury8/OneDrive/Documents/Unreal Projects/EchoOfTheLamb/Content/StarterContent/Audio/Fire01.uexp" 1136
"C:/Users/fury8/OneDrive/Documents/Unreal Projects/EchoOfTheLamb/Content/StarterContent/Audio/Explosion02.ubulk" 1137
"C:/Users/fury8/OneDrive/Documents/Unreal Projects/EchoOfTheLamb/Content/StarterContent/Audio/Explosion02.uasset" 1138
"C:/Users/fury8/OneDrive/Documents/Unreal Projects/EchoOfTheLamb/Content/StarterContent/Audio/Explosion02.uexp" 1139
"C:/Users/fury8/OneDrive/Documents/Unreal Projects/EchoOfTheLamb/Content/StarterContent/Audio/Explosion01.ubulk" 1140
"C:/Users/fury8/OneDrive/Documents/Unreal Projects/EchoOfTheLamb/Content/StarterContent/Audio/Explosion01.uasset" 1141
"C:/Users/fury8/OneDrive/Documents/Unreal Projects/EchoOfTheLamb/Content/StarterContent/Audio/Explosion01.uexp" 1142
"C:/Users/fury8/OneDrive/Documents/Unreal Projects/EchoOfTheLamb/Content/StarterContent/Audio/Collapse02.ubulk" 1143
"C:/Users/fury8/OneDrive/Documents/Unreal Projects/EchoOfTheLamb/Content/StarterContent/Audio/Collapse02.uasset" 1144
"C:/Users/fury8/OneDrive/Documents/Unreal Projects/EchoOfTheLamb/Content/StarterContent/Audio/Collapse02.uexp" 1145
"C:/Users/fury8/OneDrive/Documents/Unreal Projects/EchoOfTheLamb/Content/StarterContent/Audio/Collapse01.ubulk" 1146
"C:/Users/fury8/OneDrive/Documents/Unreal Projects/EchoOfTheLamb/Content/StarterContent/Audio/Collapse01.uasset" 1147
"C:/Users/fury8/OneDrive/Documents/Unreal Projects/EchoOfTheLamb/Content/StarterContent/Audio/Collapse01.uexp" 1148
"C:/Users/fury8/OneDrive/Documents/Unreal Projects/EchoOfTheLamb/Content/StarterContent/Architecture/Wall_Window_400x400.ubulk" 1149
"C:/Users/fury8/OneDrive/Documents/Unreal Projects/EchoOfTheLamb/Content/StarterContent/Architecture/Wall_Window_400x400.uasset" 1150
"C:/Users/fury8/OneDrive/Documents/Unreal Projects/EchoOfTheLamb/Content/StarterContent/Architecture/Wall_Window_400x400.uexp" 1151
"C:/Users/fury8/OneDrive/Documents/Unreal Projects/EchoOfTheLamb/Content/StarterContent/Architecture/Wall_Door_400x400.ubulk" 1152
"C:/Users/fury8/OneDrive/Documents/Unreal Projects/EchoOfTheLamb/Content/StarterContent/Architecture/Wall_Door_400x400.uasset" 1153
"C:/Users/fury8/OneDrive/Documents/Unreal Projects/EchoOfTheLamb/Content/StarterContent/Architecture/Wall_Door_400x400.uexp" 1154
"C:/Users/fury8/OneDrive/Documents/Unreal Projects/EchoOfTheLamb/Content/StarterContent/Architecture/Wall_500x500.ubulk" 1155
"C:/Users/fury8/OneDrive/Documents/Unreal Projects/EchoOfTheLamb/Content/StarterContent/Architecture/Wall_500x500.uasset" 1156
"C:/Users/fury8/OneDrive/Documents/Unreal Projects/EchoOfTheLamb/Content/StarterContent/Architecture/Wall_500x500.uexp" 1157
"C:/Users/fury8/OneDrive/Documents/Unreal Projects/EchoOfTheLamb/Content/StarterContent/Architecture/Wall_400x400.ubulk" 1158
"C:/Users/fury8/OneDrive/Documents/Unreal Projects/EchoOfTheLamb/Content/StarterContent/Architecture/Wall_400x400.uasset" 1159
"C:/Users/fury8/OneDrive/Documents/Unreal Projects/EchoOfTheLamb/Content/StarterContent/Architecture/Wall_400x400.uexp" 1160
"C:/Users/fury8/OneDrive/Documents/Unreal Projects/EchoOfTheLamb/Content/StarterContent/Architecture/Wall_400x300.ubulk" 1161
"C:/Users/fury8/OneDrive/Documents/Unreal Projects/EchoOfTheLamb/Content/StarterContent/Architecture/Wall_400x300.uasset" 1162
"C:/Users/fury8/OneDrive/Documents/Unreal Projects/EchoOfTheLamb/Content/StarterContent/Architecture/Wall_400x300.uexp" 1163
"C:/Users/fury8/OneDrive/Documents/Unreal Projects/EchoOfTheLamb/Content/StarterContent/Architecture/Pillar_50x500.ubulk" 1164
"C:/Users/fury8/OneDrive/Documents/Unreal Projects/EchoOfTheLamb/Content/StarterContent/Architecture/Pillar_50x500.uasset" 1165
"C:/Users/fury8/OneDrive/Documents/Unreal Projects/EchoOfTheLamb/Content/StarterContent/Architecture/Pillar_50x500.uexp" 1166
"C:/Users/fury8/OneDrive/Documents/Unreal Projects/EchoOfTheLamb/Content/Menus/NewFont/wolfsbane2ii.uexp" 1167
"C:/Users/fury8/OneDrive/Documents/Unreal Projects/EchoOfTheLamb/Content/Menus/NewFont/wolfsbane2ii.uasset" 1168
"C:/Users/fury8/OneDrive/Documents/Unreal Projects/EchoOfTheLamb/Content/Menus/NewFont/wolfsbane2ii.ufont" 1169
"C:/Users/fury8/OneDrive/Documents/Unreal Projects/EchoOfTheLamb/Content/Menus/NewFont/wolfsbane2ii_Font.uasset" 1170
"C:/Users/fury8/OneDrive/Documents/Unreal Projects/EchoOfTheLamb/Content/Menus/NewFont/wolfsbane2ii_Font.uexp" 1171
"C:/Users/fury8/OneDrive/Documents/Unreal Projects/EchoOfTheLamb/Content/Menus/Narrator/NewGame.ubulk" 1172
"C:/Users/fury8/OneDrive/Documents/Unreal Projects/EchoOfTheLamb/Content/Menus/Narrator/NewGame.uasset" 1173
"C:/Users/fury8/OneDrive/Documents/Unreal Projects/EchoOfTheLamb/Content/Menus/Narrator/NewGame.uexp" 1174
"../../../Engine/Content/Maps/Templates/Thumbnails/Basic.uasset" 1175
"../../../Engine/Content/Maps/Templates/Thumbnails/Basic.uexp" 1176
"C:/Users/fury8/OneDrive/Documents/Unreal Projects/EchoOfTheLamb/Content/Menus/Viewport/BP_Menu.uasset" 1177
"C:/Users/fury8/OneDrive/Documents/Unreal Projects/EchoOfTheLamb/Content/Menus/Viewport/BP_Menu.uexp" 1178
"C:/Users/fury8/OneDrive/Documents/Unreal Projects/EchoOfTheLamb/Content/Menus/SceneMenus/GM_Menu.uasset" 1179
"C:/Users/fury8/OneDrive/Documents/Unreal Projects/EchoOfTheLamb/Content/Menus/SceneMenus/GM_Menu.uexp" 1180
"C:/Users/fury8/OneDrive/Documents/Unreal Projects/EchoOfTheLamb/Content/Menus/SaveSystem/BP_TestSave.uasset" 1181
"C:/Users/fury8/OneDrive/Documents/Unreal Projects/EchoOfTheLamb/Content/Menus/SaveSystem/BP_TestSave.uexp" 1182
"C:/Users/fury8/OneDrive/Documents/Unreal Projects/EchoOfTheLamb/Content/Menus/Picture/Xbox_Navigation.uasset" 1183
"C:/Users/fury8/OneDrive/Documents/Unreal Projects/EchoOfTheLamb/Content/Menus/Picture/Xbox_Navigation.uexp" 1184
"C:/Users/fury8/OneDrive/Documents/Unreal Projects/EchoOfTheLamb/Content/Menus/Picture/StealthGame-gampad.uasset" 1185
"C:/Users/fury8/OneDrive/Documents/Unreal Projects/EchoOfTheLamb/Content/Menus/Picture/StealthGame-gampad.uexp" 1186
"C:/Users/fury8/OneDrive/Documents/Unreal Projects/EchoOfTheLamb/Content/Menus/Picture/StealhControl.uasset" 1187
"C:/Users/fury8/OneDrive/Documents/Unreal Projects/EchoOfTheLamb/Content/Menus/Picture/StealhControl.uexp" 1188
"C:/Users/fury8/OneDrive/Documents/Unreal Projects/EchoOfTheLamb/Content/Menus/NewFont/VerilySerifMono.uexp" 1189
"C:/Users/fury8/OneDrive/Documents/Unreal Projects/EchoOfTheLamb/Content/Menus/NewFont/VerilySerifMono.uasset" 1190
"C:/Users/fury8/OneDrive/Documents/Unreal Projects/EchoOfTheLamb/Content/Menus/NewFont/VerilySerifMono.ufont" 1191
"C:/Users/fury8/OneDrive/Documents/Unreal Projects/EchoOfTheLamb/Content/Menus/NewFont/VerilySerifMono_Font.uasset" 1192
"C:/Users/fury8/OneDrive/Documents/Unreal Projects/EchoOfTheLamb/Content/Menus/NewFont/VerilySerifMono_Font.uexp" 1193
"C:/Users/fury8/OneDrive/Documents/Unreal Projects/EchoOfTheLamb/Content/Menus/NewFont/Mouse_Deco.uexp" 1194
"C:/Users/fury8/OneDrive/Documents/Unreal Projects/EchoOfTheLamb/Content/Menus/NewFont/Mouse_Deco.uasset" 1195
"C:/Users/fury8/OneDrive/Documents/Unreal Projects/EchoOfTheLamb/Content/Menus/NewFont/Mouse_Deco.ufont" 1196
"C:/Users/fury8/OneDrive/Documents/Unreal Projects/EchoOfTheLamb/Content/Menus/NewFont/Mouse_Deco_Font.uasset" 1197
"C:/Users/fury8/OneDrive/Documents/Unreal Projects/EchoOfTheLamb/Content/Menus/NewFont/Mouse_Deco_Font.uexp" 1198
"C:/Users/fury8/OneDrive/Documents/Unreal Projects/EchoOfTheLamb/Content/Menus/NewFont/ColoniaDecoDEMO-Regular.uexp" 1199
"C:/Users/fury8/OneDrive/Documents/Unreal Projects/EchoOfTheLamb/Content/Menus/NewFont/ColoniaDecoDEMO-Regular.uasset" 1200
"C:/Users/fury8/OneDrive/Documents/Unreal Projects/EchoOfTheLamb/Content/Menus/NewFont/ColoniaDecoDEMO-Regular.ufont" 1201
"C:/Users/fury8/OneDrive/Documents/Unreal Projects/EchoOfTheLamb/Content/Menus/NewFont/ColoniaDecoDEMO-Regular_Font.uasset" 1202
"C:/Users/fury8/OneDrive/Documents/Unreal Projects/EchoOfTheLamb/Content/Menus/NewFont/ColoniaDecoDEMO-Regular_Font.uexp" 1203
"C:/Users/fury8/OneDrive/Documents/Unreal Projects/EchoOfTheLamb/Content/Menus/NewFont/ColoniaDecoDEMO-Bold.uexp" 1204
"C:/Users/fury8/OneDrive/Documents/Unreal Projects/EchoOfTheLamb/Content/Menus/NewFont/ColoniaDecoDEMO-Bold.uasset" 1205
"C:/Users/fury8/OneDrive/Documents/Unreal Projects/EchoOfTheLamb/Content/Menus/NewFont/ColoniaDecoDEMO-Bold.ufont" 1206
"C:/Users/fury8/OneDrive/Documents/Unreal Projects/EchoOfTheLamb/Content/Menus/NewFont/ColoniaDecoDEMO-Bold_Font.uasset" 1207
"C:/Users/fury8/OneDrive/Documents/Unreal Projects/EchoOfTheLamb/Content/Menus/NewFont/ColoniaDecoDEMO-Bold_Font.uexp" 1208
"C:/Users/fury8/OneDrive/Documents/Unreal Projects/EchoOfTheLamb/Content/Menus/NewFont/Bridge.uexp" 1209
"C:/Users/fury8/OneDrive/Documents/Unreal Projects/EchoOfTheLamb/Content/Menus/NewFont/Bridge.uasset" 1210
"C:/Users/fury8/OneDrive/Documents/Unreal Projects/EchoOfTheLamb/Content/Menus/NewFont/Bridge.ufont" 1211
"C:/Users/fury8/OneDrive/Documents/Unreal Projects/EchoOfTheLamb/Content/Menus/NewFont/Bridge_Font.uasset" 1212
"C:/Users/fury8/OneDrive/Documents/Unreal Projects/EchoOfTheLamb/Content/Menus/NewFont/Bridge_Font.uexp" 1213
"C:/Users/fury8/OneDrive/Documents/Unreal Projects/EchoOfTheLamb/Content/Menus/NewFont/BenjaminFranklin.uexp" 1214
"C:/Users/fury8/OneDrive/Documents/Unreal Projects/EchoOfTheLamb/Content/Menus/NewFont/BenjaminFranklin.uasset" 1215
"C:/Users/fury8/OneDrive/Documents/Unreal Projects/EchoOfTheLamb/Content/Menus/NewFont/BenjaminFranklin.ufont" 1216
"C:/Users/fury8/OneDrive/Documents/Unreal Projects/EchoOfTheLamb/Content/Menus/NewFont/BenjaminFranklin_Font.uasset" 1217
"C:/Users/fury8/OneDrive/Documents/Unreal Projects/EchoOfTheLamb/Content/Menus/NewFont/BenjaminFranklin_Font.uexp" 1218
"C:/Users/fury8/OneDrive/Documents/Unreal Projects/EchoOfTheLamb/Content/Menus/Narrator/UpDifficulty.ubulk" 1219
"C:/Users/fury8/OneDrive/Documents/Unreal Projects/EchoOfTheLamb/Content/Menus/Narrator/UpDifficulty.uasset" 1220
"C:/Users/fury8/OneDrive/Documents/Unreal Projects/EchoOfTheLamb/Content/Menus/Narrator/UpDifficulty.uexp" 1221
"C:/Users/fury8/OneDrive/Documents/Unreal Projects/EchoOfTheLamb/Content/Menus/Narrator/ThirdLevel.ubulk" 1222
"C:/Users/fury8/OneDrive/Documents/Unreal Projects/EchoOfTheLamb/Content/Menus/Narrator/ThirdLevel.uasset" 1223
"C:/Users/fury8/OneDrive/Documents/Unreal Projects/EchoOfTheLamb/Content/Menus/Narrator/ThirdLevel.uexp" 1224
"C:/Users/fury8/OneDrive/Documents/Unreal Projects/EchoOfTheLamb/Content/Menus/Narrator/SpeedDifficulty.ubulk" 1225
"C:/Users/fury8/OneDrive/Documents/Unreal Projects/EchoOfTheLamb/Content/Menus/Narrator/SpeedDifficulty.uasset" 1226
"C:/Users/fury8/OneDrive/Documents/Unreal Projects/EchoOfTheLamb/Content/Menus/Narrator/SpeedDifficulty.uexp" 1227
"C:/Users/fury8/OneDrive/Documents/Unreal Projects/EchoOfTheLamb/Content/Menus/Narrator/SoundVolume.ubulk" 1228
"C:/Users/fury8/OneDrive/Documents/Unreal Projects/EchoOfTheLamb/Content/Menus/Narrator/SoundVolume.uasset" 1229
"C:/Users/fury8/OneDrive/Documents/Unreal Projects/EchoOfTheLamb/Content/Menus/Narrator/SoundVolume.uexp" 1230
"C:/Users/fury8/OneDrive/Documents/Unreal Projects/EchoOfTheLamb/Content/Menus/Narrator/SecondLevel.ubulk" 1231
"C:/Users/fury8/OneDrive/Documents/Unreal Projects/EchoOfTheLamb/Content/Menus/Narrator/SecondLevel.uasset" 1232
"C:/Users/fury8/OneDrive/Documents/Unreal Projects/EchoOfTheLamb/Content/Menus/Narrator/SecondLevel.uexp" 1233
"C:/Users/fury8/OneDrive/Documents/Unreal Projects/EchoOfTheLamb/Content/Menus/Narrator/NarratorVolume.ubulk" 1234
"C:/Users/fury8/OneDrive/Documents/Unreal Projects/EchoOfTheLamb/Content/Menus/Narrator/NarratorVolume.uasset" 1235
"C:/Users/fury8/OneDrive/Documents/Unreal Projects/EchoOfTheLamb/Content/Menus/Narrator/NarratorVolume.uexp" 1236
"C:/Users/fury8/OneDrive/Documents/Unreal Projects/EchoOfTheLamb/Content/Menus/Narrator/MusicVolume.ubulk" 1237
"C:/Users/fury8/OneDrive/Documents/Unreal Projects/EchoOfTheLamb/Content/Menus/Narrator/MusicVolume.uasset" 1238
"C:/Users/fury8/OneDrive/Documents/Unreal Projects/EchoOfTheLamb/Content/Menus/Narrator/MusicVolume.uexp" 1239
"C:/Users/fury8/OneDrive/Documents/Unreal Projects/EchoOfTheLamb/Content/Menus/Narrator/LevelSelection.ubulk" 1240
"C:/Users/fury8/OneDrive/Documents/Unreal Projects/EchoOfTheLamb/Content/Menus/Narrator/LevelSelection.uasset" 1241
"C:/Users/fury8/OneDrive/Documents/Unreal Projects/EchoOfTheLamb/Content/Menus/Narrator/LevelSelection.uexp" 1242
"C:/Users/fury8/OneDrive/Documents/Unreal Projects/EchoOfTheLamb/Content/Menus/Narrator/GeneralVolume.ubulk" 1243
"C:/Users/fury8/OneDrive/Documents/Unreal Projects/EchoOfTheLamb/Content/Menus/Narrator/GeneralVolume.uasset" 1244
"C:/Users/fury8/OneDrive/Documents/Unreal Projects/EchoOfTheLamb/Content/Menus/Narrator/GeneralVolume.uexp" 1245
"C:/Users/fury8/OneDrive/Documents/Unreal Projects/EchoOfTheLamb/Content/Menus/Narrator/FourthLevel.ubulk" 1246
"C:/Users/fury8/OneDrive/Documents/Unreal Projects/EchoOfTheLamb/Content/Menus/Narrator/FourthLevel.uasset" 1247
"C:/Users/fury8/OneDrive/Documents/Unreal Projects/EchoOfTheLamb/Content/Menus/Narrator/FourthLevel.uexp" 1248
"C:/Users/fury8/OneDrive/Documents/Unreal Projects/EchoOfTheLamb/Content/Menus/Narrator/FirstLevel.ubulk" 1249
"C:/Users/fury8/OneDrive/Documents/Unreal Projects/EchoOfTheLamb/Content/Menus/Narrator/FirstLevel.uasset" 1250
"C:/Users/fury8/OneDrive/Documents/Unreal Projects/EchoOfTheLamb/Content/Menus/Narrator/FirstLevel.uexp" 1251
"C:/Users/fury8/OneDrive/Documents/Unreal Projects/EchoOfTheLamb/Content/Menus/Narrator/DownDifficulty.ubulk" 1252
"C:/Users/fury8/OneDrive/Documents/Unreal Projects/EchoOfTheLamb/Content/Menus/Narrator/DownDifficulty.uasset" 1253
"C:/Users/fury8/OneDrive/Documents/Unreal Projects/EchoOfTheLamb/Content/Menus/Narrator/DownDifficulty.uexp" 1254
"C:/Users/fury8/OneDrive/Documents/Unreal Projects/EchoOfTheLamb/Content/Menus/Narrator/Difficulty.ubulk" 1255
"C:/Users/fury8/OneDrive/Documents/Unreal Projects/EchoOfTheLamb/Content/Menus/Narrator/Difficulty.uasset" 1256
"C:/Users/fury8/OneDrive/Documents/Unreal Projects/EchoOfTheLamb/Content/Menus/Narrator/Difficulty.uexp" 1257
"C:/Users/fury8/OneDrive/Documents/Unreal Projects/EchoOfTheLamb/Content/LevelPrototyping/Textures/T_GridChecker_A.ubulk" 1258
"C:/Users/fury8/OneDrive/Documents/Unreal Projects/EchoOfTheLamb/Content/LevelPrototyping/Textures/T_GridChecker_A.uasset" 1259
"C:/Users/fury8/OneDrive/Documents/Unreal Projects/EchoOfTheLamb/Content/LevelPrototyping/Textures/T_GridChecker_A.uexp" 1260
"../../../Engine/Content/Functions/Engine_MaterialFunctions01/Gradient/LinearGradient.uasset" 1261
"../../../Engine/Content/Functions/Engine_MaterialFunctions01/Gradient/LinearGradient.uexp" 1262
"../../../Engine/Content/Functions/Engine_MaterialFunctions01/ImageAdjustment/CheapContrast.uasset" 1263
"../../../Engine/Content/Functions/Engine_MaterialFunctions01/ImageAdjustment/CheapContrast.uexp" 1264
"C:/Users/fury8/OneDrive/Documents/Unreal Projects/EchoOfTheLamb/Content/LevelPrototyping/Materials/MF_ProcGrid.uasset" 1265
"C:/Users/fury8/OneDrive/Documents/Unreal Projects/EchoOfTheLamb/Content/LevelPrototyping/Materials/MF_ProcGrid.uexp" 1266
"C:/Users/fury8/OneDrive/Documents/Unreal Projects/EchoOfTheLamb/Content/LevelPrototyping/Materials/M_PrototypeGrid.uasset" 1267
"C:/Users/fury8/OneDrive/Documents/Unreal Projects/EchoOfTheLamb/Content/LevelPrototyping/Materials/M_PrototypeGrid.uexp" 1268
"C:/Users/fury8/OneDrive/Documents/Unreal Projects/EchoOfTheLamb/Content/LevelPrototyping/Materials/MI_PrototypeGrid_Gray.uasset" 1269
"C:/Users/fury8/OneDrive/Documents/Unreal Projects/EchoOfTheLamb/Content/LevelPrototyping/Materials/MI_PrototypeGrid_Gray.uexp" 1270
"C:/Users/fury8/OneDrive/Documents/Unreal Projects/EchoOfTheLamb/Content/LevelPrototyping/Meshes/SM_QuarterCylinder.ubulk" 1271
"C:/Users/fury8/OneDrive/Documents/Unreal Projects/EchoOfTheLamb/Content/LevelPrototyping/Meshes/SM_QuarterCylinder.uasset" 1272
"C:/Users/fury8/OneDrive/Documents/Unreal Projects/EchoOfTheLamb/Content/LevelPrototyping/Meshes/SM_QuarterCylinder.uexp" 1273
"C:/Users/fury8/OneDrive/Documents/Unreal Projects/EchoOfTheLamb/Content/LevelPrototyping/Meshes/SM_Cylinder.ubulk" 1274
"C:/Users/fury8/OneDrive/Documents/Unreal Projects/EchoOfTheLamb/Content/LevelPrototyping/Meshes/SM_Cylinder.uasset" 1275
"C:/Users/fury8/OneDrive/Documents/Unreal Projects/EchoOfTheLamb/Content/LevelPrototyping/Meshes/SM_Cylinder.uexp" 1276
"C:/Users/fury8/OneDrive/Documents/Unreal Projects/EchoOfTheLamb/Content/LevelPrototyping/Meshes/SM_Cube.ubulk" 1277
"C:/Users/fury8/OneDrive/Documents/Unreal Projects/EchoOfTheLamb/Content/LevelPrototyping/Meshes/SM_Cube.uasset" 1278
"C:/Users/fury8/OneDrive/Documents/Unreal Projects/EchoOfTheLamb/Content/LevelPrototyping/Meshes/SM_Cube.uexp" 1279
"C:/Users/fury8/OneDrive/Documents/Unreal Projects/EchoOfTheLamb/Content/LevelPrototyping/Materials/M_Solid.uasset" 1280
"C:/Users/fury8/OneDrive/Documents/Unreal Projects/EchoOfTheLamb/Content/LevelPrototyping/Materials/M_Solid.uexp" 1281
"C:/Users/fury8/OneDrive/Documents/Unreal Projects/EchoOfTheLamb/Content/LevelPrototyping/Materials/MI_Solid_Blue.uasset" 1282
"C:/Users/fury8/OneDrive/Documents/Unreal Projects/EchoOfTheLamb/Content/LevelPrototyping/Materials/MI_Solid_Blue.uexp" 1283
"C:/Users/fury8/OneDrive/Documents/Unreal Projects/EchoOfTheLamb/Content/LevelPrototyping/Meshes/SM_ChamferCube.ubulk" 1284
"C:/Users/fury8/OneDrive/Documents/Unreal Projects/EchoOfTheLamb/Content/LevelPrototyping/Meshes/SM_ChamferCube.uasset" 1285
"C:/Users/fury8/OneDrive/Documents/Unreal Projects/EchoOfTheLamb/Content/LevelPrototyping/Meshes/SM_ChamferCube.uexp" 1286
"C:/Users/fury8/OneDrive/Documents/Unreal Projects/EchoOfTheLamb/Content/LevelPrototyping/Materials/MI_PrototypeGrid_TopDark.uasset" 1287
"C:/Users/fury8/OneDrive/Documents/Unreal Projects/EchoOfTheLamb/Content/LevelPrototyping/Materials/MI_PrototypeGrid_TopDark.uexp" 1288
"../../../Engine/Content/Functions/Engine_MaterialFunctions01/Shading/PowerToRoughness.uasset" 1289
"../../../Engine/Content/Functions/Engine_MaterialFunctions01/Shading/PowerToRoughness.uexp" 1290
"../../../Engine/Content/Functions/Engine_MaterialFunctions01/Shading/ConvertFromDiffSpec.uasset" 1291
"../../../Engine/Content/Functions/Engine_MaterialFunctions01/Shading/ConvertFromDiffSpec.uexp" 1292
"../../../Engine/Content/EngineMaterials/Substrate/Volume/SubstrateSimpleVolumeLUT3D.uasset" 1293
"../../../Engine/Content/EngineMaterials/Substrate/Volume/SubstrateSimpleVolumeLUT3D.uexp" 1294
"../../../Engine/Content/EngineMaterials/Substrate/Volume/SubstrateSimpleVolumeEnvLUT3D.uasset" 1295
"../../../Engine/Content/EngineMaterials/Substrate/Volume/SubstrateSimpleVolumeEnvLUT3D.uexp" 1296
"../../../Engine/Content/EngineMaterials/Substrate/GLints2/AGlintTex2dArray2.uasset" 1297
"../../../Engine/Content/EngineMaterials/Substrate/GLints2/AGlintTex2dArray2.uexp" 1298
"../../../Engine/Content/EngineMaterials/Substrate/GLints/AGlintTex2dArray.uasset" 1299
"../../../Engine/Content/EngineMaterials/Substrate/GLints/AGlintTex2dArray.uexp" 1300
"C:/Users/fury8/OneDrive/Documents/Unreal Projects/EchoOfTheLamb/Content/Manage/MainMenuManager/PS_Menu.uasset" 1301
"C:/Users/fury8/OneDrive/Documents/Unreal Projects/EchoOfTheLamb/Content/Manage/MainMenuManager/PS_Menu.uexp" 1302
"C:/Users/fury8/OneDrive/Documents/Unreal Projects/EchoOfTheLamb/Content/Manage/BPS_Player.uasset" 1303
"C:/Users/fury8/OneDrive/Documents/Unreal Projects/EchoOfTheLamb/Content/Manage/BPS_Player.uexp" 1304
"C:/Users/fury8/OneDrive/Documents/Unreal Projects/EchoOfTheLamb/Content/Manage/BP_Save.uasset" 1305
"C:/Users/fury8/OneDrive/Documents/Unreal Projects/EchoOfTheLamb/Content/Manage/BP_Save.uexp" 1306
"C:/Users/fury8/OneDrive/Documents/Unreal Projects/EchoOfTheLamb/Content/MapSystem/Input/Actions/IA_MapRight.uasset" 1307
"C:/Users/fury8/OneDrive/Documents/Unreal Projects/EchoOfTheLamb/Content/MapSystem/Input/Actions/IA_MapRight.uexp" 1308
"C:/Users/fury8/OneDrive/Documents/Unreal Projects/EchoOfTheLamb/Content/MapSystem/Input/Actions/IA_MapUp.uasset" 1309
"C:/Users/fury8/OneDrive/Documents/Unreal Projects/EchoOfTheLamb/Content/MapSystem/Input/Actions/IA_MapUp.uexp" 1310
"C:/Users/fury8/OneDrive/Documents/Unreal Projects/EchoOfTheLamb/Content/MapSystem/Input/Actions/IA_Map.uasset" 1311
"C:/Users/fury8/OneDrive/Documents/Unreal Projects/EchoOfTheLamb/Content/MapSystem/Input/Actions/IA_Map.uexp" 1312
"C:/Users/fury8/OneDrive/Documents/Unreal Projects/EchoOfTheLamb/Content/MapSystem/Input/Actions/IA_MapLeft.uasset" 1313
"C:/Users/fury8/OneDrive/Documents/Unreal Projects/EchoOfTheLamb/Content/MapSystem/Input/Actions/IA_MapLeft.uexp" 1314
"C:/Users/fury8/OneDrive/Documents/Unreal Projects/EchoOfTheLamb/Content/MapSystem/Input/Actions/IA_MapDown.uasset" 1315
"C:/Users/fury8/OneDrive/Documents/Unreal Projects/EchoOfTheLamb/Content/MapSystem/Input/Actions/IA_MapDown.uexp" 1316
"C:/Users/fury8/OneDrive/Documents/Unreal Projects/EchoOfTheLamb/Content/MapSystem/Input/IMC_Map.uasset" 1317
"C:/Users/fury8/OneDrive/Documents/Unreal Projects/EchoOfTheLamb/Content/MapSystem/Input/IMC_Map.uexp" 1318
"C:/Users/fury8/OneDrive/Documents/Unreal Projects/EchoOfTheLamb/Content/MapSystem/Enum_MapSide.uasset" 1319
"C:/Users/fury8/OneDrive/Documents/Unreal Projects/EchoOfTheLamb/Content/MapSystem/Enum_MapSide.uexp" 1320
"C:/Users/fury8/OneDrive/Documents/Unreal Projects/EchoOfTheLamb/Content/Menus/Viewport/BP_Victory.uasset" 1321
"C:/Users/fury8/OneDrive/Documents/Unreal Projects/EchoOfTheLamb/Content/Menus/Viewport/BP_Victory.uexp" 1322
"C:/Users/fury8/OneDrive/Documents/Unreal Projects/EchoOfTheLamb/Content/Manage/PC_Match.uasset" 1323
"C:/Users/fury8/OneDrive/Documents/Unreal Projects/EchoOfTheLamb/Content/Manage/PC_Match.uexp" 1324
"C:/Users/fury8/OneDrive/Documents/Unreal Projects/EchoOfTheLamb/Content/Manage/GS_Main.uasset" 1325
"C:/Users/fury8/OneDrive/Documents/Unreal Projects/EchoOfTheLamb/Content/Manage/GS_Main.uexp" 1326
"C:/Users/fury8/OneDrive/Documents/Unreal Projects/EchoOfTheLamb/Content/Menus/Viewport/BP_Loose.uasset" 1327
"C:/Users/fury8/OneDrive/Documents/Unreal Projects/EchoOfTheLamb/Content/Menus/Viewport/BP_Loose.uexp" 1328
"C:/Users/fury8/OneDrive/Documents/Unreal Projects/EchoOfTheLamb/Content/UI/WBP_ScoarboardName.uasset" 1329
"C:/Users/fury8/OneDrive/Documents/Unreal Projects/EchoOfTheLamb/Content/UI/WBP_ScoarboardName.uexp" 1330
"C:/Users/fury8/OneDrive/Documents/Unreal Projects/EchoOfTheLamb/Content/UI/WBP_StartingMatch.uasset" 1331
"C:/Users/fury8/OneDrive/Documents/Unreal Projects/EchoOfTheLamb/Content/UI/WBP_StartingMatch.uexp" 1332
"C:/Users/fury8/OneDrive/Documents/Unreal Projects/EchoOfTheLamb/Content/MapSystem/TRT/TRT_FullMap.uasset" 1333
"C:/Users/fury8/OneDrive/Documents/Unreal Projects/EchoOfTheLamb/Content/MapSystem/TRT/TRT_FullMap.uexp" 1334
"C:/Users/fury8/OneDrive/Documents/Unreal Projects/EchoOfTheLamb/Content/MapSystem/BP_Map.uasset" 1335
"C:/Users/fury8/OneDrive/Documents/Unreal Projects/EchoOfTheLamb/Content/MapSystem/BP_Map.uexp" 1336
"C:/Users/fury8/OneDrive/Documents/Unreal Projects/EchoOfTheLamb/Content/FirstPerson/Blueprints/Enum_MovementState.uasset" 1337
"C:/Users/fury8/OneDrive/Documents/Unreal Projects/EchoOfTheLamb/Content/FirstPerson/Blueprints/Enum_MovementState.uexp" 1338
"C:/Users/fury8/OneDrive/Documents/Unreal Projects/EchoOfTheLamb/Content/FirstPerson/Blueprints/Player/BP_CamShakeWallRUn.uasset" 1339
"C:/Users/fury8/OneDrive/Documents/Unreal Projects/EchoOfTheLamb/Content/FirstPerson/Blueprints/Player/BP_CamShakeWallRUn.uexp" 1340
"C:/Users/fury8/OneDrive/Documents/Unreal Projects/EchoOfTheLamb/Content/FirstPerson/Input/Actions/IA_Look.uasset" 1341
"C:/Users/fury8/OneDrive/Documents/Unreal Projects/EchoOfTheLamb/Content/FirstPerson/Input/Actions/IA_Look.uexp" 1342
"C:/Users/fury8/OneDrive/Documents/Unreal Projects/EchoOfTheLamb/Content/Characters/Mannequins/Meshes/SK_Mannequin.uasset" 1343
"C:/Users/fury8/OneDrive/Documents/Unreal Projects/EchoOfTheLamb/Content/Characters/Mannequins/Meshes/SK_Mannequin.uexp" 1344
"C:/Users/fury8/OneDrive/Documents/Unreal Projects/EchoOfTheLamb/Content/Characters/Mannequins/Textures/Quinn/T_Quinn_02ID_MSR_MSK.ubulk" 1345
"C:/Users/fury8/OneDrive/Documents/Unreal Projects/EchoOfTheLamb/Content/Characters/Mannequins/Textures/Quinn/T_Quinn_02ID_MSR_MSK.uasset" 1346
"C:/Users/fury8/OneDrive/Documents/Unreal Projects/EchoOfTheLamb/Content/Characters/Mannequins/Textures/Quinn/T_Quinn_02ID_MSR_MSK.uexp" 1347
"C:/Users/fury8/OneDrive/Documents/Unreal Projects/EchoOfTheLamb/Content/Characters/Mannequins/Textures/Quinn/T_Quinn_02ID_BN.ubulk" 1348
"C:/Users/fury8/OneDrive/Documents/Unreal Projects/EchoOfTheLamb/Content/Characters/Mannequins/Textures/Quinn/T_Quinn_02ID_BN.uasset" 1349
"C:/Users/fury8/OneDrive/Documents/Unreal Projects/EchoOfTheLamb/Content/Characters/Mannequins/Textures/Quinn/T_Quinn_02ID_BN.uexp" 1350
"C:/Users/fury8/OneDrive/Documents/Unreal Projects/EchoOfTheLamb/Content/Characters/Mannequins/Textures/Quinn/T_Quinn_02_ASAOMASK_MSK.ubulk" 1351
"C:/Users/fury8/OneDrive/Documents/Unreal Projects/EchoOfTheLamb/Content/Characters/Mannequins/Textures/Quinn/T_Quinn_02_ASAOMASK_MSK.uasset" 1352
"C:/Users/fury8/OneDrive/Documents/Unreal Projects/EchoOfTheLamb/Content/Characters/Mannequins/Textures/Quinn/T_Quinn_02_ASAOMASK_MSK.uexp" 1353
"C:/Users/fury8/OneDrive/Documents/Unreal Projects/EchoOfTheLamb/Content/Characters/Mannequins/Textures/Quinn/T_Quinn_02_CCRCCPlastic_MSK.ubulk" 1354
"C:/Users/fury8/OneDrive/Documents/Unreal Projects/EchoOfTheLamb/Content/Characters/Mannequins/Textures/Quinn/T_Quinn_02_CCRCCPlastic_MSK.uasset" 1355
"C:/Users/fury8/OneDrive/Documents/Unreal Projects/EchoOfTheLamb/Content/Characters/Mannequins/Textures/Quinn/T_Quinn_02_CCRCCPlastic_MSK.uexp" 1356
"C:/Users/fury8/OneDrive/Documents/Unreal Projects/EchoOfTheLamb/Content/Characters/Mannequins/Textures/Quinn/T_Quinn_02ID_Tan.ubulk" 1357
"C:/Users/fury8/OneDrive/Documents/Unreal Projects/EchoOfTheLamb/Content/Characters/Mannequins/Textures/Quinn/T_Quinn_02ID_Tan.uasset" 1358
"C:/Users/fury8/OneDrive/Documents/Unreal Projects/EchoOfTheLamb/Content/Characters/Mannequins/Textures/Quinn/T_Quinn_02ID_Tan.uexp" 1359
"C:/Users/fury8/OneDrive/Documents/Unreal Projects/EchoOfTheLamb/Content/Characters/Mannequins/Textures/Quinn/T_Quinn_02ID_D.ubulk" 1360
"C:/Users/fury8/OneDrive/Documents/Unreal Projects/EchoOfTheLamb/Content/Characters/Mannequins/Textures/Quinn/T_Quinn_02ID_D.uasset" 1361
"C:/Users/fury8/OneDrive/Documents/Unreal Projects/EchoOfTheLamb/Content/Characters/Mannequins/Textures/Quinn/T_Quinn_02ID_D.uexp" 1362
"C:/Users/fury8/OneDrive/Documents/Unreal Projects/EchoOfTheLamb/Content/Characters/Mannequins/Textures/Quinn/T_Quinn_01ID_MSR_MSK.ubulk" 1363
"C:/Users/fury8/OneDrive/Documents/Unreal Projects/EchoOfTheLamb/Content/Characters/Mannequins/Textures/Quinn/T_Quinn_01ID_MSR_MSK.uasset" 1364
"C:/Users/fury8/OneDrive/Documents/Unreal Projects/EchoOfTheLamb/Content/Characters/Mannequins/Textures/Quinn/T_Quinn_01ID_MSR_MSK.uexp" 1365
"C:/Users/fury8/OneDrive/Documents/Unreal Projects/EchoOfTheLamb/Content/Characters/Mannequins/Materials/Functions/ChromaticCurve.uasset" 1366
"C:/Users/fury8/OneDrive/Documents/Unreal Projects/EchoOfTheLamb/Content/Characters/Mannequins/Materials/Functions/ChromaticCurve.uexp" 1367
"C:/Users/fury8/OneDrive/Documents/Unreal Projects/EchoOfTheLamb/Content/Characters/Mannequins/Materials/Functions/CA_Mannequin.uasset" 1368
"C:/Users/fury8/OneDrive/Documents/Unreal Projects/EchoOfTheLamb/Content/Characters/Mannequins/Materials/Functions/CA_Mannequin.uexp" 1369
"C:/Users/fury8/OneDrive/Documents/Unreal Projects/EchoOfTheLamb/Content/Characters/Mannequins/Materials/Functions/MF_Diffraction.uasset" 1370
"C:/Users/fury8/OneDrive/Documents/Unreal Projects/EchoOfTheLamb/Content/Characters/Mannequins/Materials/Functions/MF_Diffraction.uexp" 1371
"C:/Users/fury8/OneDrive/Documents/Unreal Projects/EchoOfTheLamb/Content/Characters/Mannequins/Textures/Manny/T_Manny_01_N.ubulk" 1372
"C:/Users/fury8/OneDrive/Documents/Unreal Projects/EchoOfTheLamb/Content/Characters/Mannequins/Textures/Manny/T_Manny_01_N.uasset" 1373
"C:/Users/fury8/OneDrive/Documents/Unreal Projects/EchoOfTheLamb/Content/Characters/Mannequins/Textures/Manny/T_Manny_01_N.uexp" 1374
"C:/Users/fury8/OneDrive/Documents/Unreal Projects/EchoOfTheLamb/Content/Characters/Mannequins/Materials/Functions/ML_BaseColorFallOff.uasset" 1375
"C:/Users/fury8/OneDrive/Documents/Unreal Projects/EchoOfTheLamb/Content/Characters/Mannequins/Materials/Functions/ML_BaseColorFallOff.uexp" 1376
"../../../Engine/Content/Functions/Engine_MaterialFunctions01/Texturing/ScaleUVsByCenter.uasset" 1377
"../../../Engine/Content/Functions/Engine_MaterialFunctions01/Texturing/ScaleUVsByCenter.uexp" 1378
"C:/Users/fury8/OneDrive/Documents/Unreal Projects/EchoOfTheLamb/Content/Characters/Mannequins/Textures/Shared/T_UE_Logo_M.uasset" 1379
"C:/Users/fury8/OneDrive/Documents/Unreal Projects/EchoOfTheLamb/Content/Characters/Mannequins/Textures/Shared/T_UE_Logo_M.uexp" 1380
"C:/Users/fury8/OneDrive/Documents/Unreal Projects/EchoOfTheLamb/Content/Characters/Mannequins/Materials/Functions/MF_logo3layers.uasset" 1381
"C:/Users/fury8/OneDrive/Documents/Unreal Projects/EchoOfTheLamb/Content/Characters/Mannequins/Materials/Functions/MF_logo3layers.uexp" 1382
"C:/Users/fury8/OneDrive/Documents/Unreal Projects/EchoOfTheLamb/Content/Characters/Mannequins/Textures/Manny/T_Manny_01_CCRCCPlastic_MSK.ubulk" 1383
"C:/Users/fury8/OneDrive/Documents/Unreal Projects/EchoOfTheLamb/Content/Characters/Mannequins/Textures/Manny/T_Manny_01_CCRCCPlastic_MSK.uasset" 1384
"C:/Users/fury8/OneDrive/Documents/Unreal Projects/EchoOfTheLamb/Content/Characters/Mannequins/Textures/Manny/T_Manny_01_CCRCCPlastic_MSK.uexp" 1385
"C:/Users/fury8/OneDrive/Documents/Unreal Projects/EchoOfTheLamb/Content/Characters/Mannequins/Textures/Manny/T_Manny_01_ASAOPMASK_MSK.ubulk" 1386
"C:/Users/fury8/OneDrive/Documents/Unreal Projects/EchoOfTheLamb/Content/Characters/Mannequins/Textures/Manny/T_Manny_01_ASAOPMASK_MSK.uasset" 1387
"C:/Users/fury8/OneDrive/Documents/Unreal Projects/EchoOfTheLamb/Content/Characters/Mannequins/Textures/Manny/T_Manny_01_ASAOPMASK_MSK.uexp" 1388
"C:/Users/fury8/OneDrive/Documents/Unreal Projects/EchoOfTheLamb/Content/Characters/Mannequins/Textures/Manny/T_Manny_01_MSR_MSK.ubulk" 1389
"C:/Users/fury8/OneDrive/Documents/Unreal Projects/EchoOfTheLamb/Content/Characters/Mannequins/Textures/Manny/T_Manny_01_MSR_MSK.uasset" 1390
"C:/Users/fury8/OneDrive/Documents/Unreal Projects/EchoOfTheLamb/Content/Characters/Mannequins/Textures/Manny/T_Manny_01_MSR_MSK.uexp" 1391
"C:/Users/fury8/OneDrive/Documents/Unreal Projects/EchoOfTheLamb/Content/Characters/Mannequins/Textures/Manny/T_Manny_01_BN.ubulk" 1392
"C:/Users/fury8/OneDrive/Documents/Unreal Projects/EchoOfTheLamb/Content/Characters/Mannequins/Textures/Manny/T_Manny_01_BN.uasset" 1393
"C:/Users/fury8/OneDrive/Documents/Unreal Projects/EchoOfTheLamb/Content/Characters/Mannequins/Textures/Manny/T_Manny_01_BN.uexp" 1394
"C:/Users/fury8/OneDrive/Documents/Unreal Projects/EchoOfTheLamb/Content/Characters/Mannequins/Textures/Manny/T_Manny_01_D.ubulk" 1395
"C:/Users/fury8/OneDrive/Documents/Unreal Projects/EchoOfTheLamb/Content/Characters/Mannequins/Textures/Manny/T_Manny_01_D.uasset" 1396
"C:/Users/fury8/OneDrive/Documents/Unreal Projects/EchoOfTheLamb/Content/Characters/Mannequins/Textures/Manny/T_Manny_01_D.uexp" 1397
"C:/Users/fury8/OneDrive/Documents/Unreal Projects/EchoOfTheLamb/Content/Characters/Mannequins/Textures/Manny/T_Manny_01_Tan.ubulk" 1398
"C:/Users/fury8/OneDrive/Documents/Unreal Projects/EchoOfTheLamb/Content/Characters/Mannequins/Textures/Manny/T_Manny_01_Tan.uasset" 1399
"C:/Users/fury8/OneDrive/Documents/Unreal Projects/EchoOfTheLamb/Content/Characters/Mannequins/Textures/Manny/T_Manny_01_Tan.uexp" 1400
"C:/Users/fury8/OneDrive/Documents/Unreal Projects/EchoOfTheLamb/Content/Characters/Mannequins/Materials/M_Mannequin.uasset" 1401
"C:/Users/fury8/OneDrive/Documents/Unreal Projects/EchoOfTheLamb/Content/Characters/Mannequins/Materials/M_Mannequin.uexp" 1402
"C:/Users/fury8/OneDrive/Documents/Unreal Projects/EchoOfTheLamb/Content/Characters/Mannequins/Textures/Quinn/T_Quinn_01_ASAOMASK_MSK.ubulk" 1403
"C:/Users/fury8/OneDrive/Documents/Unreal Projects/EchoOfTheLamb/Content/Characters/Mannequins/Textures/Quinn/T_Quinn_01_ASAOMASK_MSK.uasset" 1404
"C:/Users/fury8/OneDrive/Documents/Unreal Projects/EchoOfTheLamb/Content/Characters/Mannequins/Textures/Quinn/T_Quinn_01_ASAOMASK_MSK.uexp" 1405
"C:/Users/fury8/OneDrive/Documents/Unreal Projects/EchoOfTheLamb/Content/Characters/Mannequins/Textures/Quinn/T_Quinn_01ID_N.ubulk" 1406
"C:/Users/fury8/OneDrive/Documents/Unreal Projects/EchoOfTheLamb/Content/Characters/Mannequins/Textures/Quinn/T_Quinn_01ID_N.uasset" 1407
"C:/Users/fury8/OneDrive/Documents/Unreal Projects/EchoOfTheLamb/Content/Characters/Mannequins/Textures/Quinn/T_Quinn_01ID_N.uexp" 1408
"C:/Users/fury8/OneDrive/Documents/Unreal Projects/EchoOfTheLamb/Content/Characters/Mannequins/Textures/Quinn/T_Quinn_01ID_BN.ubulk" 1409
"C:/Users/fury8/OneDrive/Documents/Unreal Projects/EchoOfTheLamb/Content/Characters/Mannequins/Textures/Quinn/T_Quinn_01ID_BN.uasset" 1410
"C:/Users/fury8/OneDrive/Documents/Unreal Projects/EchoOfTheLamb/Content/Characters/Mannequins/Textures/Quinn/T_Quinn_01ID_BN.uexp" 1411
"C:/Users/fury8/OneDrive/Documents/Unreal Projects/EchoOfTheLamb/Content/Characters/Mannequins/Textures/Quinn/T_Quinn_01ID_D.ubulk" 1412
"C:/Users/fury8/OneDrive/Documents/Unreal Projects/EchoOfTheLamb/Content/Characters/Mannequins/Textures/Quinn/T_Quinn_01ID_D.uasset" 1413
"C:/Users/fury8/OneDrive/Documents/Unreal Projects/EchoOfTheLamb/Content/Characters/Mannequins/Textures/Quinn/T_Quinn_01ID_D.uexp" 1414
"C:/Users/fury8/OneDrive/Documents/Unreal Projects/EchoOfTheLamb/Content/Characters/Mannequins/Textures/Quinn/T_Quinn_01ID_Tan.ubulk" 1415
"C:/Users/fury8/OneDrive/Documents/Unreal Projects/EchoOfTheLamb/Content/Characters/Mannequins/Textures/Quinn/T_Quinn_01ID_Tan.uasset" 1416
"C:/Users/fury8/OneDrive/Documents/Unreal Projects/EchoOfTheLamb/Content/Characters/Mannequins/Textures/Quinn/T_Quinn_01ID_Tan.uexp" 1417
"C:/Users/fury8/OneDrive/Documents/Unreal Projects/EchoOfTheLamb/Content/Characters/Mannequins/Textures/Quinn/T_Quinn_01_CCRCCPlastic_MSK.ubulk" 1418
"C:/Users/fury8/OneDrive/Documents/Unreal Projects/EchoOfTheLamb/Content/Characters/Mannequins/Textures/Quinn/T_Quinn_01_CCRCCPlastic_MSK.uasset" 1419
"C:/Users/fury8/OneDrive/Documents/Unreal Projects/EchoOfTheLamb/Content/Characters/Mannequins/Textures/Quinn/T_Quinn_01_CCRCCPlastic_MSK.uexp" 1420
"C:/Users/fury8/OneDrive/Documents/Unreal Projects/EchoOfTheLamb/Content/Characters/Mannequins/Materials/Instances/Quinn/MI_Quinn_01.uasset" 1421
"C:/Users/fury8/OneDrive/Documents/Unreal Projects/EchoOfTheLamb/Content/Characters/Mannequins/Materials/Instances/Quinn/MI_Quinn_01.uexp" 1422
"C:/Users/fury8/OneDrive/Documents/Unreal Projects/EchoOfTheLamb/Content/Characters/Mannequins/Textures/Quinn/T_Quinn_02ID_N.ubulk" 1423
"C:/Users/fury8/OneDrive/Documents/Unreal Projects/EchoOfTheLamb/Content/Characters/Mannequins/Textures/Quinn/T_Quinn_02ID_N.uasset" 1424
"C:/Users/fury8/OneDrive/Documents/Unreal Projects/EchoOfTheLamb/Content/Characters/Mannequins/Textures/Quinn/T_Quinn_02ID_N.uexp" 1425
"C:/Users/fury8/OneDrive/Documents/Unreal Projects/EchoOfTheLamb/Content/Characters/Mannequins/Materials/Instances/Quinn/MI_Quinn_02.uasset" 1426
"C:/Users/fury8/OneDrive/Documents/Unreal Projects/EchoOfTheLamb/Content/Characters/Mannequins/Materials/Instances/Quinn/MI_Quinn_02.uexp" 1427
"C:/Users/fury8/OneDrive/Documents/Unreal Projects/EchoOfTheLamb/Content/Characters/Mannequins/Rigs/PA_Mannequin.uasset" 1428
"C:/Users/fury8/OneDrive/Documents/Unreal Projects/EchoOfTheLamb/Content/Characters/Mannequins/Rigs/PA_Mannequin.uexp" 1429
"C:/Users/fury8/OneDrive/Documents/Unreal Projects/EchoOfTheLamb/Content/Characters/Mannequins/Meshes/SKM_Quinn_Simple.uasset" 1430
"C:/Users/fury8/OneDrive/Documents/Unreal Projects/EchoOfTheLamb/Content/Characters/Mannequins/Meshes/SKM_Quinn_Simple.uexp" 1431
"C:/Users/fury8/OneDrive/Documents/Unreal Projects/EchoOfTheLamb/Content/FirstPerson/Blueprints/Weapon/FPWeapon/Audio/FirstPersonTemplateWeaponFire02.ubulk" 1432
"C:/Users/fury8/OneDrive/Documents/Unreal Projects/EchoOfTheLamb/Content/FirstPerson/Blueprints/Weapon/FPWeapon/Audio/FirstPersonTemplateWeaponFire02.uasset" 1433
"C:/Users/fury8/OneDrive/Documents/Unreal Projects/EchoOfTheLamb/Content/FirstPerson/Blueprints/Weapon/FPWeapon/Audio/FirstPersonTemplateWeaponFire02.uexp" 1434
"C:/Users/fury8/OneDrive/Documents/Unreal Projects/EchoOfTheLamb/Content/FirstPerson/DataAsset/BP_DataAsset/BP_FirstPersonDA.uasset" 1435
"C:/Users/fury8/OneDrive/Documents/Unreal Projects/EchoOfTheLamb/Content/FirstPerson/DataAsset/BP_DataAsset/BP_FirstPersonDA.uexp" 1436
"C:/Users/fury8/OneDrive/Documents/Unreal Projects/EchoOfTheLamb/Content/FirstPerson/DataAsset/DA_FirstPerson.uasset" 1437
"C:/Users/fury8/OneDrive/Documents/Unreal Projects/EchoOfTheLamb/Content/FirstPerson/DataAsset/DA_FirstPerson.uexp" 1438
"C:/Users/fury8/OneDrive/Documents/Unreal Projects/EchoOfTheLamb/Content/UI/WBP_Name.uasset" 1439
"C:/Users/fury8/OneDrive/Documents/Unreal Projects/EchoOfTheLamb/Content/UI/WBP_Name.uexp" 1440
"C:/Users/fury8/OneDrive/Documents/Unreal Projects/EchoOfTheLamb/Content/FirstPerson/FirstPersonArms/Character/Mesh/SK_Mannequin_Arms_PhysicsAsset.uasset" 1441
"C:/Users/fury8/OneDrive/Documents/Unreal Projects/EchoOfTheLamb/Content/FirstPerson/FirstPersonArms/Character/Mesh/SK_Mannequin_Arms_PhysicsAsset.uexp" 1442
"C:/Users/fury8/OneDrive/Documents/Unreal Projects/EchoOfTheLamb/Content/FirstPerson/FirstPersonArms/Character/Mesh/SK_Mannequin_Arms_Skeleton.uasset" 1443
"C:/Users/fury8/OneDrive/Documents/Unreal Projects/EchoOfTheLamb/Content/FirstPerson/FirstPersonArms/Character/Mesh/SK_Mannequin_Arms_Skeleton.uexp" 1444
"C:/Users/fury8/OneDrive/Documents/Unreal Projects/EchoOfTheLamb/Content/FirstPerson/FirstPersonArms/Character/Textures/Manny/T_Manny_01_CCRCCPlastic_MSK.ubulk" 1445
"C:/Users/fury8/OneDrive/Documents/Unreal Projects/EchoOfTheLamb/Content/FirstPerson/FirstPersonArms/Character/Textures/Manny/T_Manny_01_CCRCCPlastic_MSK.uasset" 1446
"C:/Users/fury8/OneDrive/Documents/Unreal Projects/EchoOfTheLamb/Content/FirstPerson/FirstPersonArms/Character/Textures/Manny/T_Manny_01_CCRCCPlastic_MSK.uexp" 1447
"C:/Users/fury8/OneDrive/Documents/Unreal Projects/EchoOfTheLamb/Content/FirstPerson/FirstPersonArms/Character/Textures/Manny/T_Manny_01_Tan.ubulk" 1448
"C:/Users/fury8/OneDrive/Documents/Unreal Projects/EchoOfTheLamb/Content/FirstPerson/FirstPersonArms/Character/Textures/Manny/T_Manny_01_Tan.uasset" 1449
"C:/Users/fury8/OneDrive/Documents/Unreal Projects/EchoOfTheLamb/Content/FirstPerson/FirstPersonArms/Character/Textures/Manny/T_Manny_01_Tan.uexp" 1450
"C:/Users/fury8/OneDrive/Documents/Unreal Projects/EchoOfTheLamb/Content/FirstPerson/FirstPersonArms/Character/Textures/Manny/T_Manny_01_N.ubulk" 1451
"C:/Users/fury8/OneDrive/Documents/Unreal Projects/EchoOfTheLamb/Content/FirstPerson/FirstPersonArms/Character/Textures/Manny/T_Manny_01_N.uasset" 1452
"C:/Users/fury8/OneDrive/Documents/Unreal Projects/EchoOfTheLamb/Content/FirstPerson/FirstPersonArms/Character/Textures/Manny/T_Manny_01_N.uexp" 1453
"C:/Users/fury8/OneDrive/Documents/Unreal Projects/EchoOfTheLamb/Content/FirstPerson/FirstPersonArms/Character/Textures/Manny/T_Manny_01_ASAOPMASK_MSK.ubulk" 1454
"C:/Users/fury8/OneDrive/Documents/Unreal Projects/EchoOfTheLamb/Content/FirstPerson/FirstPersonArms/Character/Textures/Manny/T_Manny_01_ASAOPMASK_MSK.uasset" 1455
"C:/Users/fury8/OneDrive/Documents/Unreal Projects/EchoOfTheLamb/Content/FirstPerson/FirstPersonArms/Character/Textures/Manny/T_Manny_01_ASAOPMASK_MSK.uexp" 1456
"C:/Users/fury8/OneDrive/Documents/Unreal Projects/EchoOfTheLamb/Content/FirstPerson/FirstPersonArms/Character/Textures/Manny/T_Manny_01_MSR_MSK.ubulk" 1457
"C:/Users/fury8/OneDrive/Documents/Unreal Projects/EchoOfTheLamb/Content/FirstPerson/FirstPersonArms/Character/Textures/Manny/T_Manny_01_MSR_MSK.uasset" 1458
"C:/Users/fury8/OneDrive/Documents/Unreal Projects/EchoOfTheLamb/Content/FirstPerson/FirstPersonArms/Character/Textures/Manny/T_Manny_01_MSR_MSK.uexp" 1459
"C:/Users/fury8/OneDrive/Documents/Unreal Projects/EchoOfTheLamb/Content/FirstPerson/FirstPersonArms/Character/Textures/Manny/T_Manny_01_BN.ubulk" 1460
"C:/Users/fury8/OneDrive/Documents/Unreal Projects/EchoOfTheLamb/Content/FirstPerson/FirstPersonArms/Character/Textures/Manny/T_Manny_01_BN.uasset" 1461
"C:/Users/fury8/OneDrive/Documents/Unreal Projects/EchoOfTheLamb/Content/FirstPerson/FirstPersonArms/Character/Textures/Manny/T_Manny_01_BN.uexp" 1462
"C:/Users/fury8/OneDrive/Documents/Unreal Projects/EchoOfTheLamb/Content/FirstPerson/FirstPersonArms/Character/Textures/Manny/T_Manny_01_D.ubulk" 1463
"C:/Users/fury8/OneDrive/Documents/Unreal Projects/EchoOfTheLamb/Content/FirstPerson/FirstPersonArms/Character/Textures/Manny/T_Manny_01_D.uasset" 1464
"C:/Users/fury8/OneDrive/Documents/Unreal Projects/EchoOfTheLamb/Content/FirstPerson/FirstPersonArms/Character/Textures/Manny/T_Manny_01_D.uexp" 1465
"C:/Users/fury8/OneDrive/Documents/Unreal Projects/EchoOfTheLamb/Content/FirstPerson/FirstPersonArms/Character/Materials/Functions/ChromaticCurve.uasset" 1466
"C:/Users/fury8/OneDrive/Documents/Unreal Projects/EchoOfTheLamb/Content/FirstPerson/FirstPersonArms/Character/Materials/Functions/ChromaticCurve.uexp" 1467
"C:/Users/fury8/OneDrive/Documents/Unreal Projects/EchoOfTheLamb/Content/FirstPerson/FirstPersonArms/Character/Materials/Functions/CA_Mannequin.uasset" 1468
"C:/Users/fury8/OneDrive/Documents/Unreal Projects/EchoOfTheLamb/Content/FirstPerson/FirstPersonArms/Character/Materials/Functions/CA_Mannequin.uexp" 1469
"C:/Users/fury8/OneDrive/Documents/Unreal Projects/EchoOfTheLamb/Content/FirstPerson/FirstPersonArms/Character/Materials/Functions/MF_Diffraction.uasset" 1470
"C:/Users/fury8/OneDrive/Documents/Unreal Projects/EchoOfTheLamb/Content/FirstPerson/FirstPersonArms/Character/Materials/Functions/MF_Diffraction.uexp" 1471
"C:/Users/fury8/OneDrive/Documents/Unreal Projects/EchoOfTheLamb/Content/FirstPerson/FirstPersonArms/Character/Textures/Shared/T_UE_Logo_M.uasset" 1472
"C:/Users/fury8/OneDrive/Documents/Unreal Projects/EchoOfTheLamb/Content/FirstPerson/FirstPersonArms/Character/Textures/Shared/T_UE_Logo_M.uexp" 1473
"C:/Users/fury8/OneDrive/Documents/Unreal Projects/EchoOfTheLamb/Content/FirstPerson/FirstPersonArms/Character/Materials/Functions/MF_logo3layers.uasset" 1474
"C:/Users/fury8/OneDrive/Documents/Unreal Projects/EchoOfTheLamb/Content/FirstPerson/FirstPersonArms/Character/Materials/Functions/MF_logo3layers.uexp" 1475
"C:/Users/fury8/OneDrive/Documents/Unreal Projects/EchoOfTheLamb/Content/FirstPerson/FirstPersonArms/Character/Materials/Functions/ML_BaseColorFallOff.uasset" 1476
"C:/Users/fury8/OneDrive/Documents/Unreal Projects/EchoOfTheLamb/Content/FirstPerson/FirstPersonArms/Character/Materials/Functions/ML_BaseColorFallOff.uexp" 1477
"C:/Users/fury8/OneDrive/Documents/Unreal Projects/EchoOfTheLamb/Content/FirstPerson/FirstPersonArms/Character/Materials/M_Mannequin.uasset" 1478
"C:/Users/fury8/OneDrive/Documents/Unreal Projects/EchoOfTheLamb/Content/FirstPerson/FirstPersonArms/Character/Materials/M_Mannequin.uexp" 1479
"C:/Users/fury8/OneDrive/Documents/Unreal Projects/EchoOfTheLamb/Content/FirstPerson/FirstPersonArms/Character/Materials/Instances/Manny/MI_Manny_01.uasset" 1480
"C:/Users/fury8/OneDrive/Documents/Unreal Projects/EchoOfTheLamb/Content/FirstPerson/FirstPersonArms/Character/Materials/Instances/Manny/MI_Manny_01.uexp" 1481
"C:/Users/fury8/OneDrive/Documents/Unreal Projects/EchoOfTheLamb/Content/FirstPerson/FirstPersonArms/Character/Textures/Manny/T_Manny_02_Tan.ubulk" 1482
"C:/Users/fury8/OneDrive/Documents/Unreal Projects/EchoOfTheLamb/Content/FirstPerson/FirstPersonArms/Character/Textures/Manny/T_Manny_02_Tan.uasset" 1483
"C:/Users/fury8/OneDrive/Documents/Unreal Projects/EchoOfTheLamb/Content/FirstPerson/FirstPersonArms/Character/Textures/Manny/T_Manny_02_Tan.uexp" 1484
"C:/Users/fury8/OneDrive/Documents/Unreal Projects/EchoOfTheLamb/Content/FirstPerson/FirstPersonArms/Character/Textures/Manny/T_Manny_02_N.ubulk" 1485
"C:/Users/fury8/OneDrive/Documents/Unreal Projects/EchoOfTheLamb/Content/FirstPerson/FirstPersonArms/Character/Textures/Manny/T_Manny_02_N.uasset" 1486
"C:/Users/fury8/OneDrive/Documents/Unreal Projects/EchoOfTheLamb/Content/FirstPerson/FirstPersonArms/Character/Textures/Manny/T_Manny_02_N.uexp" 1487
"C:/Users/fury8/OneDrive/Documents/Unreal Projects/EchoOfTheLamb/Content/FirstPerson/FirstPersonArms/Character/Textures/Manny/T_Manny_02_MSR_MSK.ubulk" 1488
"C:/Users/fury8/OneDrive/Documents/Unreal Projects/EchoOfTheLamb/Content/FirstPerson/FirstPersonArms/Character/Textures/Manny/T_Manny_02_MSR_MSK.uasset" 1489
"C:/Users/fury8/OneDrive/Documents/Unreal Projects/EchoOfTheLamb/Content/FirstPerson/FirstPersonArms/Character/Textures/Manny/T_Manny_02_MSR_MSK.uexp" 1490
"C:/Users/fury8/OneDrive/Documents/Unreal Projects/EchoOfTheLamb/Content/FirstPerson/FirstPersonArms/Character/Textures/Manny/T_Manny_02_CCRCCPlastic_MSK.ubulk" 1491
"C:/Users/fury8/OneDrive/Documents/Unreal Projects/EchoOfTheLamb/Content/FirstPerson/FirstPersonArms/Character/Textures/Manny/T_Manny_02_CCRCCPlastic_MSK.uasset" 1492
"C:/Users/fury8/OneDrive/Documents/Unreal Projects/EchoOfTheLamb/Content/FirstPerson/FirstPersonArms/Character/Textures/Manny/T_Manny_02_CCRCCPlastic_MSK.uexp" 1493
"C:/Users/fury8/OneDrive/Documents/Unreal Projects/EchoOfTheLamb/Content/FirstPerson/FirstPersonArms/Character/Textures/Manny/T_Manny_02_BN.ubulk" 1494
"C:/Users/fury8/OneDrive/Documents/Unreal Projects/EchoOfTheLamb/Content/FirstPerson/FirstPersonArms/Character/Textures/Manny/T_Manny_02_BN.uasset" 1495
"C:/Users/fury8/OneDrive/Documents/Unreal Projects/EchoOfTheLamb/Content/FirstPerson/FirstPersonArms/Character/Textures/Manny/T_Manny_02_BN.uexp" 1496
"C:/Users/fury8/OneDrive/Documents/Unreal Projects/EchoOfTheLamb/Content/FirstPerson/FirstPersonArms/Character/Textures/Manny/T_Manny_02_D.ubulk" 1497
"C:/Users/fury8/OneDrive/Documents/Unreal Projects/EchoOfTheLamb/Content/FirstPerson/FirstPersonArms/Character/Textures/Manny/T_Manny_02_D.uasset" 1498
"C:/Users/fury8/OneDrive/Documents/Unreal Projects/EchoOfTheLamb/Content/FirstPerson/FirstPersonArms/Character/Textures/Manny/T_Manny_02_D.uexp" 1499
"C:/Users/fury8/OneDrive/Documents/Unreal Projects/EchoOfTheLamb/Content/FirstPerson/FirstPersonArms/Character/Textures/Manny/T_Manny_02_ASAOPMASK_MSK.ubulk" 1500
"C:/Users/fury8/OneDrive/Documents/Unreal Projects/EchoOfTheLamb/Content/FirstPerson/FirstPersonArms/Character/Textures/Manny/T_Manny_02_ASAOPMASK_MSK.uasset" 1501
"C:/Users/fury8/OneDrive/Documents/Unreal Projects/EchoOfTheLamb/Content/FirstPerson/FirstPersonArms/Character/Textures/Manny/T_Manny_02_ASAOPMASK_MSK.uexp" 1502
"C:/Users/fury8/OneDrive/Documents/Unreal Projects/EchoOfTheLamb/Content/FirstPerson/FirstPersonArms/Character/Materials/Instances/Manny/MI_Manny_02.uasset" 1503
"C:/Users/fury8/OneDrive/Documents/Unreal Projects/EchoOfTheLamb/Content/FirstPerson/FirstPersonArms/Character/Materials/Instances/Manny/MI_Manny_02.uexp" 1504
"C:/Users/fury8/OneDrive/Documents/Unreal Projects/EchoOfTheLamb/Content/FirstPerson/FirstPersonArms/Character/Mesh/SK_Mannequin_Arms.uasset" 1505
"C:/Users/fury8/OneDrive/Documents/Unreal Projects/EchoOfTheLamb/Content/FirstPerson/FirstPersonArms/Character/Mesh/SK_Mannequin_Arms.uexp" 1506
"C:/Users/fury8/OneDrive/Documents/Unreal Projects/EchoOfTheLamb/Content/FirstPerson/Blueprints/Player/BP_CamShake.uasset" 1507
"C:/Users/fury8/OneDrive/Documents/Unreal Projects/EchoOfTheLamb/Content/FirstPerson/Blueprints/Player/BP_CamShake.uexp" 1508
"../../../Engine/Content/Animation/DefaultAnimCurveCompressionSettings.uasset" 1509
"../../../Engine/Content/Animation/DefaultAnimCurveCompressionSettings.uexp" 1510
"../../../Engine/Content/Animation/DefaultVariableFrameStrippingSettings.uasset" 1511
"../../../Engine/Content/Animation/DefaultVariableFrameStrippingSettings.uexp" 1512
"../../../Engine/Content/Animation/DefaultAnimBoneCompressionSettings.uasset" 1513
"../../../Engine/Content/Animation/DefaultAnimBoneCompressionSettings.uexp" 1514
"C:/Users/fury8/OneDrive/Documents/Unreal Projects/EchoOfTheLamb/Content/FirstPerson/FirstPersonArms/Animations/FP_Rifle_Fire.uasset" 1515
"C:/Users/fury8/OneDrive/Documents/Unreal Projects/EchoOfTheLamb/Content/FirstPerson/FirstPersonArms/Animations/FP_Rifle_Fire.uexp" 1516
"C:/Users/fury8/OneDrive/Documents/Unreal Projects/EchoOfTheLamb/Content/FirstPerson/FirstPersonArms/Animations/FP_Rifle_Shoot_Montage.uasset" 1517
"C:/Users/fury8/OneDrive/Documents/Unreal Projects/EchoOfTheLamb/Content/FirstPerson/FirstPersonArms/Animations/FP_Rifle_Shoot_Montage.uexp" 1518
"C:/Users/fury8/OneDrive/Documents/Unreal Projects/EchoOfTheLamb/Content/MapSystem/TRT/TRT_MiniMap.uasset" 1519
"C:/Users/fury8/OneDrive/Documents/Unreal Projects/EchoOfTheLamb/Content/MapSystem/TRT/TRT_MiniMap.uexp" 1520
"C:/Users/fury8/OneDrive/Documents/Unreal Projects/EchoOfTheLamb/Content/MapSystem/TRT/M_TRT_Map.uasset" 1521
"C:/Users/fury8/OneDrive/Documents/Unreal Projects/EchoOfTheLamb/Content/MapSystem/TRT/M_TRT_Map.uexp" 1522
"C:/Users/fury8/OneDrive/Documents/Unreal Projects/EchoOfTheLamb/Content/MapSystem/TRT/MI_TRT_MiniMap.uasset" 1523
"C:/Users/fury8/OneDrive/Documents/Unreal Projects/EchoOfTheLamb/Content/MapSystem/TRT/MI_TRT_MiniMap.uexp" 1524
"C:/Users/fury8/OneDrive/Documents/Unreal Projects/EchoOfTheLamb/Content/MapSystem/TRT/TRT_MiniMap_Height.uasset" 1525
"C:/Users/fury8/OneDrive/Documents/Unreal Projects/EchoOfTheLamb/Content/MapSystem/TRT/TRT_MiniMap_Height.uexp" 1526
"../../../Engine/Content/EngineVolumetrics/LightBeam/Materials/T_EV_LightBeam_Falloff_02.uasset" 1527
"../../../Engine/Content/EngineVolumetrics/LightBeam/Materials/T_EV_LightBeam_Falloff_02.uexp" 1528
"C:/Users/fury8/OneDrive/Documents/Unreal Projects/EchoOfTheLamb/Content/MapSystem/TRT/MI_TRT_MiniMap_Height.uasset" 1529
"C:/Users/fury8/OneDrive/Documents/Unreal Projects/EchoOfTheLamb/Content/MapSystem/TRT/MI_TRT_MiniMap_Height.uexp" 1530
"C:/Users/fury8/OneDrive/Documents/Unreal Projects/EchoOfTheLamb/Content/UI/MiniMap/WBP_Minimap.uasset" 1531
"C:/Users/fury8/OneDrive/Documents/Unreal Projects/EchoOfTheLamb/Content/UI/MiniMap/WBP_Minimap.uexp" 1532
"C:/Users/fury8/OneDrive/Documents/Unreal Projects/EchoOfTheLamb/Content/Manage/PC_Lobby.uasset" 1533
"C:/Users/fury8/OneDrive/Documents/Unreal Projects/EchoOfTheLamb/Content/Manage/PC_Lobby.uexp" 1534
"C:/Users/fury8/OneDrive/Documents/Unreal Projects/EchoOfTheLamb/Content/Manage/MainMenuManager/PC_Menu.uasset" 1535
"C:/Users/fury8/OneDrive/Documents/Unreal Projects/EchoOfTheLamb/Content/Manage/MainMenuManager/PC_Menu.uexp" 1536
"C:/Users/fury8/OneDrive/Documents/Unreal Projects/EchoOfTheLamb/Content/Manage/GM_Lobby.uasset" 1537
"C:/Users/fury8/OneDrive/Documents/Unreal Projects/EchoOfTheLamb/Content/Manage/GM_Lobby.uexp" 1538
"C:/Users/fury8/OneDrive/Documents/Unreal Projects/EchoOfTheLamb/Content/UI/WBP_HUD.uasset" 1539
"C:/Users/fury8/OneDrive/Documents/Unreal Projects/EchoOfTheLamb/Content/UI/WBP_HUD.uexp" 1540
"C:/Users/fury8/OneDrive/Documents/Unreal Projects/EchoOfTheLamb/Content/FirstPerson/Input/Actions/IA_Pause.uasset" 1541
"C:/Users/fury8/OneDrive/Documents/Unreal Projects/EchoOfTheLamb/Content/FirstPerson/Input/Actions/IA_Pause.uexp" 1542
"C:/Users/fury8/OneDrive/Documents/Unreal Projects/EchoOfTheLamb/Content/FirstPerson/FirstPersonArms/Animations/FP_Rifle_Run.uasset" 1543
"C:/Users/fury8/OneDrive/Documents/Unreal Projects/EchoOfTheLamb/Content/FirstPerson/FirstPersonArms/Animations/FP_Rifle_Run.uexp" 1544
"../../../Engine/Content/Animation/DefaultRecorderBoneCompression.uasset" 1545
"../../../Engine/Content/Animation/DefaultRecorderBoneCompression.uexp" 1546
"C:/Users/fury8/OneDrive/Documents/Unreal Projects/EchoOfTheLamb/Content/FirstPerson/FirstPersonArms/Animations/FP_Land.uasset" 1547
"C:/Users/fury8/OneDrive/Documents/Unreal Projects/EchoOfTheLamb/Content/FirstPerson/FirstPersonArms/Animations/FP_Land.uexp" 1548
"C:/Users/fury8/OneDrive/Documents/Unreal Projects/EchoOfTheLamb/Content/FirstPerson/FirstPersonArms/Animations/FP_Rifle_Idle.uasset" 1549
"C:/Users/fury8/OneDrive/Documents/Unreal Projects/EchoOfTheLamb/Content/FirstPerson/FirstPersonArms/Animations/FP_Rifle_Idle.uexp" 1550
"C:/Users/fury8/OneDrive/Documents/Unreal Projects/EchoOfTheLamb/Content/FirstPerson/FirstPersonArms/Animations/FP_Rifle_Land.uasset" 1551
"C:/Users/fury8/OneDrive/Documents/Unreal Projects/EchoOfTheLamb/Content/FirstPerson/FirstPersonArms/Animations/FP_Rifle_Land.uexp" 1552
"C:/Users/fury8/OneDrive/Documents/Unreal Projects/EchoOfTheLamb/Content/FirstPerson/FirstPersonArms/Animations/FP_Rifle_Jump.uasset" 1553
"C:/Users/fury8/OneDrive/Documents/Unreal Projects/EchoOfTheLamb/Content/FirstPerson/FirstPersonArms/Animations/FP_Rifle_Jump.uexp" 1554
"C:/Users/fury8/OneDrive/Documents/Unreal Projects/EchoOfTheLamb/Content/FirstPerson/FirstPersonArms/Animations/FP_Jump.uasset" 1555
"C:/Users/fury8/OneDrive/Documents/Unreal Projects/EchoOfTheLamb/Content/FirstPerson/FirstPersonArms/Animations/FP_Jump.uexp" 1556
"C:/Users/fury8/OneDrive/Documents/Unreal Projects/EchoOfTheLamb/Content/FirstPerson/FirstPersonArms/Animations/FP_Rifle_Falling.uasset" 1557
"C:/Users/fury8/OneDrive/Documents/Unreal Projects/EchoOfTheLamb/Content/FirstPerson/FirstPersonArms/Animations/FP_Rifle_Falling.uexp" 1558
"C:/Users/fury8/OneDrive/Documents/Unreal Projects/EchoOfTheLamb/Content/FirstPerson/FirstPersonArms/Animations/FP_Run_Fwd.uasset" 1559
"C:/Users/fury8/OneDrive/Documents/Unreal Projects/EchoOfTheLamb/Content/FirstPerson/FirstPersonArms/Animations/FP_Run_Fwd.uexp" 1560
"C:/Users/fury8/OneDrive/Documents/Unreal Projects/EchoOfTheLamb/Content/FirstPerson/FirstPersonArms/Animations/FP_Idle.uasset" 1561
"C:/Users/fury8/OneDrive/Documents/Unreal Projects/EchoOfTheLamb/Content/FirstPerson/FirstPersonArms/Animations/FP_Idle.uexp" 1562
"C:/Users/fury8/OneDrive/Documents/Unreal Projects/EchoOfTheLamb/Content/FirstPerson/FirstPersonArms/Animations/FP_Falling.uasset" 1563
"C:/Users/fury8/OneDrive/Documents/Unreal Projects/EchoOfTheLamb/Content/FirstPerson/FirstPersonArms/Animations/FP_Falling.uexp" 1564
"C:/Users/fury8/OneDrive/Documents/Unreal Projects/EchoOfTheLamb/Content/FirstPerson/FirstPersonArms/Animations/FirstPerson_AnimBP.uasset" 1565
"C:/Users/fury8/OneDrive/Documents/Unreal Projects/EchoOfTheLamb/Content/FirstPerson/FirstPersonArms/Animations/FirstPerson_AnimBP.uexp" 1566
"C:/Users/fury8/OneDrive/Documents/Unreal Projects/EchoOfTheLamb/Content/FirstPerson/Input/Actions/IA_Move.uasset" 1567
"C:/Users/fury8/OneDrive/Documents/Unreal Projects/EchoOfTheLamb/Content/FirstPerson/Input/Actions/IA_Move.uexp" 1568
"C:/Users/fury8/OneDrive/Documents/Unreal Projects/EchoOfTheLamb/Content/FirstPerson/DataAsset/BP_DataAsset/BP_RoquetJumpDA.uasset" 1569
"C:/Users/fury8/OneDrive/Documents/Unreal Projects/EchoOfTheLamb/Content/FirstPerson/DataAsset/BP_DataAsset/BP_RoquetJumpDA.uexp" 1570
"C:/Users/fury8/OneDrive/Documents/Unreal Projects/EchoOfTheLamb/Content/FirstPerson/DataAsset/DA_RoquetJump.uasset" 1571
"C:/Users/fury8/OneDrive/Documents/Unreal Projects/EchoOfTheLamb/Content/FirstPerson/DataAsset/DA_RoquetJump.uexp" 1572
"C:/Users/fury8/OneDrive/Documents/Unreal Projects/EchoOfTheLamb/Content/FirstPerson/Blueprints/Weapon/BP_RadialForce.uasset" 1573
"C:/Users/fury8/OneDrive/Documents/Unreal Projects/EchoOfTheLamb/Content/FirstPerson/Blueprints/Weapon/BP_RadialForce.uexp" 1574
"C:/Users/fury8/OneDrive/Documents/Unreal Projects/EchoOfTheLamb/Content/FirstPerson/Blueprints/Weapon/FPWeapon/Materials/BaseMaterial.uasset" 1575
"C:/Users/fury8/OneDrive/Documents/Unreal Projects/EchoOfTheLamb/Content/FirstPerson/Blueprints/Weapon/FPWeapon/Materials/BaseMaterial.uexp" 1576
"C:/Users/fury8/OneDrive/Documents/Unreal Projects/EchoOfTheLamb/Content/FirstPerson/Blueprints/Weapon/FPWeapon/Materials/FirstPersonProjectileMaterial.uasset" 1577
"C:/Users/fury8/OneDrive/Documents/Unreal Projects/EchoOfTheLamb/Content/FirstPerson/Blueprints/Weapon/FPWeapon/Materials/FirstPersonProjectileMaterial.uexp" 1578
"C:/Users/fury8/OneDrive/Documents/Unreal Projects/EchoOfTheLamb/Content/FirstPerson/Blueprints/Weapon/FPWeapon/Mesh/FirstPersonProjectileMesh.ubulk" 1579
"C:/Users/fury8/OneDrive/Documents/Unreal Projects/EchoOfTheLamb/Content/FirstPerson/Blueprints/Weapon/FPWeapon/Mesh/FirstPersonProjectileMesh.uasset" 1580
"C:/Users/fury8/OneDrive/Documents/Unreal Projects/EchoOfTheLamb/Content/FirstPerson/Blueprints/Weapon/FPWeapon/Mesh/FirstPersonProjectileMesh.uexp" 1581
"C:/Users/fury8/OneDrive/Documents/Unreal Projects/EchoOfTheLamb/Content/FirstPerson/Blueprints/Weapon/BP_FirstPersonProjectile.uasset" 1582
"C:/Users/fury8/OneDrive/Documents/Unreal Projects/EchoOfTheLamb/Content/FirstPerson/Blueprints/Weapon/BP_FirstPersonProjectile.uexp" 1583
"C:/Users/fury8/OneDrive/Documents/Unreal Projects/EchoOfTheLamb/Content/MapSystem/TRT/MI_TRT_GlobalMap.uasset" 1584
"C:/Users/fury8/OneDrive/Documents/Unreal Projects/EchoOfTheLamb/Content/MapSystem/TRT/MI_TRT_GlobalMap.uexp" 1585
"C:/Users/fury8/OneDrive/Documents/Unreal Projects/EchoOfTheLamb/Content/UI/MiniMap/WBP_Map.uasset" 1586
"C:/Users/fury8/OneDrive/Documents/Unreal Projects/EchoOfTheLamb/Content/UI/MiniMap/WBP_Map.uexp" 1587
"C:/Users/fury8/OneDrive/Documents/Unreal Projects/EchoOfTheLamb/Content/Characters/Mannequins/Animations/Quinn/MF_Run_Fwd.uasset" 1588
"C:/Users/fury8/OneDrive/Documents/Unreal Projects/EchoOfTheLamb/Content/Characters/Mannequins/Animations/Quinn/MF_Run_Fwd.uexp" 1589
"C:/Users/fury8/OneDrive/Documents/Unreal Projects/EchoOfTheLamb/Content/Characters/Mannequins/Animations/Quinn/MF_Walk_Fwd.uasset" 1590
"C:/Users/fury8/OneDrive/Documents/Unreal Projects/EchoOfTheLamb/Content/Characters/Mannequins/Animations/Quinn/MF_Walk_Fwd.uexp" 1591
"C:/Users/fury8/OneDrive/Documents/Unreal Projects/EchoOfTheLamb/Content/Characters/Mannequins/Animations/Manny/MM_Walk_InPlace.uasset" 1592
"C:/Users/fury8/OneDrive/Documents/Unreal Projects/EchoOfTheLamb/Content/Characters/Mannequins/Animations/Manny/MM_Walk_InPlace.uexp" 1593
"C:/Users/fury8/OneDrive/Documents/Unreal Projects/EchoOfTheLamb/Content/Characters/Mannequins/Animations/Quinn/BS_MF_Unarmed_WalkRun.uasset" 1594
"C:/Users/fury8/OneDrive/Documents/Unreal Projects/EchoOfTheLamb/Content/Characters/Mannequins/Animations/Quinn/BS_MF_Unarmed_WalkRun.uexp" 1595
"C:/Users/fury8/OneDrive/Documents/Unreal Projects/EchoOfTheLamb/Content/Characters/Mannequins/Animations/Quinn/MF_Idle.uasset" 1596
"C:/Users/fury8/OneDrive/Documents/Unreal Projects/EchoOfTheLamb/Content/Characters/Mannequins/Animations/Quinn/MF_Idle.uexp" 1597
"C:/Users/fury8/OneDrive/Documents/Unreal Projects/EchoOfTheLamb/Content/Characters/Mannequins/Animations/Manny/MM_Fall_Loop.uasset" 1598
"C:/Users/fury8/OneDrive/Documents/Unreal Projects/EchoOfTheLamb/Content/Characters/Mannequins/Animations/Manny/MM_Fall_Loop.uexp" 1599
"C:/Users/fury8/OneDrive/Documents/Unreal Projects/EchoOfTheLamb/Content/Characters/Mannequins/Animations/Manny/MM_Jump.uasset" 1600
"C:/Users/fury8/OneDrive/Documents/Unreal Projects/EchoOfTheLamb/Content/Characters/Mannequins/Animations/Manny/MM_Jump.uexp" 1601
"../../../Engine/Plugins/Animation/ControlRig/Content/Controls/DefaultGizmoLibrary.uasset" 1602
"../../../Engine/Plugins/Animation/ControlRig/Content/Controls/DefaultGizmoLibrary.uexp" 1603
"C:/Users/fury8/OneDrive/Documents/Unreal Projects/EchoOfTheLamb/Content/Characters/Mannequins/Rigs/CR_Mannequin_BasicFootIK.uasset" 1604
"C:/Users/fury8/OneDrive/Documents/Unreal Projects/EchoOfTheLamb/Content/Characters/Mannequins/Rigs/CR_Mannequin_BasicFootIK.uexp" 1605
"C:/Users/fury8/OneDrive/Documents/Unreal Projects/EchoOfTheLamb/Content/Characters/Mannequins/Animations/Manny/MM_Run_Fwd.uasset" 1606
"C:/Users/fury8/OneDrive/Documents/Unreal Projects/EchoOfTheLamb/Content/Characters/Mannequins/Animations/Manny/MM_Run_Fwd.uexp" 1607
"C:/Users/fury8/OneDrive/Documents/Unreal Projects/EchoOfTheLamb/Content/Characters/Mannequins/Animations/Manny/MM_Walk_Fwd.uasset" 1608
"C:/Users/fury8/OneDrive/Documents/Unreal Projects/EchoOfTheLamb/Content/Characters/Mannequins/Animations/Manny/MM_Walk_Fwd.uexp" 1609
"C:/Users/fury8/OneDrive/Documents/Unreal Projects/EchoOfTheLamb/Content/Characters/Mannequins/Animations/Manny/BS_MM_WalkRun.uasset" 1610
"C:/Users/fury8/OneDrive/Documents/Unreal Projects/EchoOfTheLamb/Content/Characters/Mannequins/Animations/Manny/BS_MM_WalkRun.uexp" 1611
"C:/Users/fury8/OneDrive/Documents/Unreal Projects/EchoOfTheLamb/Content/Characters/Mannequins/Animations/Manny/MM_Land.uasset" 1612
"C:/Users/fury8/OneDrive/Documents/Unreal Projects/EchoOfTheLamb/Content/Characters/Mannequins/Animations/Manny/MM_Land.uexp" 1613
"C:/Users/fury8/OneDrive/Documents/Unreal Projects/EchoOfTheLamb/Content/Characters/Mannequins/Animations/Manny/MM_Idle.uasset" 1614
"C:/Users/fury8/OneDrive/Documents/Unreal Projects/EchoOfTheLamb/Content/Characters/Mannequins/Animations/Manny/MM_Idle.uexp" 1615
"C:/Users/fury8/OneDrive/Documents/Unreal Projects/EchoOfTheLamb/Content/Characters/Mannequins/Animations/ABP_Manny.uasset" 1616
"C:/Users/fury8/OneDrive/Documents/Unreal Projects/EchoOfTheLamb/Content/Characters/Mannequins/Animations/ABP_Manny.uexp" 1617
"C:/Users/fury8/OneDrive/Documents/Unreal Projects/EchoOfTheLamb/Content/Characters/Mannequins/Animations/ABP_Quinn.uasset" 1618
"C:/Users/fury8/OneDrive/Documents/Unreal Projects/EchoOfTheLamb/Content/Characters/Mannequins/Animations/ABP_Quinn.uexp" 1619
"C:/Users/fury8/OneDrive/Documents/Unreal Projects/EchoOfTheLamb/Content/Procedural_Dungeon/BPI_Room.uasset" 1620
"C:/Users/fury8/OneDrive/Documents/Unreal Projects/EchoOfTheLamb/Content/Procedural_Dungeon/BPI_Room.uexp" 1621
"C:/Users/fury8/OneDrive/Documents/Unreal Projects/EchoOfTheLamb/Content/FirstPerson/Input/Actions/IA_Slide.uasset" 1622
"C:/Users/fury8/OneDrive/Documents/Unreal Projects/EchoOfTheLamb/Content/FirstPerson/Input/Actions/IA_Slide.uexp" 1623
"C:/Users/fury8/OneDrive/Documents/Unreal Projects/EchoOfTheLamb/Content/FirstPerson/Blueprints/Weapon/FPWeapon/Mesh/SK_FPGun_Skeleton.uasset" 1624
"C:/Users/fury8/OneDrive/Documents/Unreal Projects/EchoOfTheLamb/Content/FirstPerson/Blueprints/Weapon/FPWeapon/Mesh/SK_FPGun_Skeleton.uexp" 1625
"C:/Users/fury8/OneDrive/Documents/Unreal Projects/EchoOfTheLamb/Content/FirstPerson/Blueprints/Weapon/FPWeapon/Mesh/SK_FPGun_Physics.uasset" 1626
"C:/Users/fury8/OneDrive/Documents/Unreal Projects/EchoOfTheLamb/Content/FirstPerson/Blueprints/Weapon/FPWeapon/Mesh/SK_FPGun_Physics.uexp" 1627
"C:/Users/fury8/OneDrive/Documents/Unreal Projects/EchoOfTheLamb/Content/FirstPerson/Blueprints/Weapon/FPWeapon/Materials/MaterialLayers/T_ML_Rubber_Blue_01_N.ubulk" 1628
"C:/Users/fury8/OneDrive/Documents/Unreal Projects/EchoOfTheLamb/Content/FirstPerson/Blueprints/Weapon/FPWeapon/Materials/MaterialLayers/T_ML_Rubber_Blue_01_N.uasset" 1629
"C:/Users/fury8/OneDrive/Documents/Unreal Projects/EchoOfTheLamb/Content/FirstPerson/Blueprints/Weapon/FPWeapon/Materials/MaterialLayers/T_ML_Rubber_Blue_01_N.uexp" 1630
"C:/Users/fury8/OneDrive/Documents/Unreal Projects/EchoOfTheLamb/Content/FirstPerson/Blueprints/Weapon/FPWeapon/Materials/MaterialLayers/T_ML_Rubber_Blue_01_D.ubulk" 1631
"C:/Users/fury8/OneDrive/Documents/Unreal Projects/EchoOfTheLamb/Content/FirstPerson/Blueprints/Weapon/FPWeapon/Materials/MaterialLayers/T_ML_Rubber_Blue_01_D.uasset" 1632
"C:/Users/fury8/OneDrive/Documents/Unreal Projects/EchoOfTheLamb/Content/FirstPerson/Blueprints/Weapon/FPWeapon/Materials/MaterialLayers/T_ML_Rubber_Blue_01_D.uexp" 1633
"C:/Users/fury8/OneDrive/Documents/Unreal Projects/EchoOfTheLamb/Content/FirstPerson/Blueprints/Weapon/FPWeapon/Materials/MaterialLayers/ML_GlossyBlack_Latex_UE4.uasset" 1634
"C:/Users/fury8/OneDrive/Documents/Unreal Projects/EchoOfTheLamb/Content/FirstPerson/Blueprints/Weapon/FPWeapon/Materials/MaterialLayers/ML_GlossyBlack_Latex_UE4.uexp" 1635
"C:/Users/fury8/OneDrive/Documents/Unreal Projects/EchoOfTheLamb/Content/FirstPerson/Blueprints/Weapon/FPWeapon/Materials/MaterialLayers/ML_Plastic_Shiny_Beige.uasset" 1636
"C:/Users/fury8/OneDrive/Documents/Unreal Projects/EchoOfTheLamb/Content/FirstPerson/Blueprints/Weapon/FPWeapon/Materials/MaterialLayers/ML_Plastic_Shiny_Beige.uexp" 1637
"../../../Engine/Content/Functions/MaterialLayerFunctions/MatLayerBlend_NormalBlend.uasset" 1638
"../../../Engine/Content/Functions/MaterialLayerFunctions/MatLayerBlend_NormalBlend.uexp" 1639
"C:/Users/fury8/OneDrive/Documents/Unreal Projects/EchoOfTheLamb/Content/FirstPerson/Blueprints/Weapon/FPWeapon/Materials/MaterialLayers/ML_Screen.uasset" 1640
"C:/Users/fury8/OneDrive/Documents/Unreal Projects/EchoOfTheLamb/Content/FirstPerson/Blueprints/Weapon/FPWeapon/Materials/MaterialLayers/ML_Screen.uexp" 1641
"../../../Engine/Content/Functions/MaterialLayerFunctions/MatLayerBlend_Simple.uasset" 1642
"../../../Engine/Content/Functions/MaterialLayerFunctions/MatLayerBlend_Simple.uexp" 1643
"C:/Users/fury8/OneDrive/Documents/Unreal Projects/EchoOfTheLamb/Content/FirstPerson/Blueprints/Weapon/FPWeapon/Materials/MaterialLayers/T_ML_Aluminum01.ubulk" 1644
"C:/Users/fury8/OneDrive/Documents/Unreal Projects/EchoOfTheLamb/Content/FirstPerson/Blueprints/Weapon/FPWeapon/Materials/MaterialLayers/T_ML_Aluminum01.uasset" 1645
"C:/Users/fury8/OneDrive/Documents/Unreal Projects/EchoOfTheLamb/Content/FirstPerson/Blueprints/Weapon/FPWeapon/Materials/MaterialLayers/T_ML_Aluminum01.uexp" 1646
"C:/Users/fury8/OneDrive/Documents/Unreal Projects/EchoOfTheLamb/Content/FirstPerson/Blueprints/Weapon/FPWeapon/Materials/MaterialLayers/T_ML_Aluminum01_N.ubulk" 1647
"C:/Users/fury8/OneDrive/Documents/Unreal Projects/EchoOfTheLamb/Content/FirstPerson/Blueprints/Weapon/FPWeapon/Materials/MaterialLayers/T_ML_Aluminum01_N.uasset" 1648
"C:/Users/fury8/OneDrive/Documents/Unreal Projects/EchoOfTheLamb/Content/FirstPerson/Blueprints/Weapon/FPWeapon/Materials/MaterialLayers/T_ML_Aluminum01_N.uexp" 1649
"C:/Users/fury8/OneDrive/Documents/Unreal Projects/EchoOfTheLamb/Content/FirstPerson/Blueprints/Weapon/FPWeapon/Materials/MaterialLayers/ML_SoftMetal_UE4.uasset" 1650
"C:/Users/fury8/OneDrive/Documents/Unreal Projects/EchoOfTheLamb/Content/FirstPerson/Blueprints/Weapon/FPWeapon/Materials/MaterialLayers/ML_SoftMetal_UE4.uexp" 1651
"C:/Users/fury8/OneDrive/Documents/Unreal Projects/EchoOfTheLamb/Content/FirstPerson/Blueprints/Weapon/FPWeapon/Textures/T_FPGun_M.ubulk" 1652
"C:/Users/fury8/OneDrive/Documents/Unreal Projects/EchoOfTheLamb/Content/FirstPerson/Blueprints/Weapon/FPWeapon/Textures/T_FPGun_M.uasset" 1653
"C:/Users/fury8/OneDrive/Documents/Unreal Projects/EchoOfTheLamb/Content/FirstPerson/Blueprints/Weapon/FPWeapon/Textures/T_FPGun_M.uexp" 1654
"C:/Users/fury8/OneDrive/Documents/Unreal Projects/EchoOfTheLamb/Content/FirstPerson/Blueprints/Weapon/FPWeapon/Textures/T_FPGun_N.ubulk" 1655
"C:/Users/fury8/OneDrive/Documents/Unreal Projects/EchoOfTheLamb/Content/FirstPerson/Blueprints/Weapon/FPWeapon/Textures/T_FPGun_N.uasset" 1656
"C:/Users/fury8/OneDrive/Documents/Unreal Projects/EchoOfTheLamb/Content/FirstPerson/Blueprints/Weapon/FPWeapon/Textures/T_FPGun_N.uexp" 1657
"C:/Users/fury8/OneDrive/Documents/Unreal Projects/EchoOfTheLamb/Content/FirstPerson/Blueprints/Weapon/FPWeapon/Materials/M_FPGun.uasset" 1658
"C:/Users/fury8/OneDrive/Documents/Unreal Projects/EchoOfTheLamb/Content/FirstPerson/Blueprints/Weapon/FPWeapon/Materials/M_FPGun.uexp" 1659
"C:/Users/fury8/OneDrive/Documents/Unreal Projects/EchoOfTheLamb/Content/FirstPerson/Blueprints/Weapon/FPWeapon/Mesh/SK_FPGun.uasset" 1660
"C:/Users/fury8/OneDrive/Documents/Unreal Projects/EchoOfTheLamb/Content/FirstPerson/Blueprints/Weapon/FPWeapon/Mesh/SK_FPGun.uexp" 1661
"C:/Users/fury8/OneDrive/Documents/Unreal Projects/EchoOfTheLamb/Content/FirstPerson/Blueprints/Weapon/BP_Weapon_Component.uasset" 1662
"C:/Users/fury8/OneDrive/Documents/Unreal Projects/EchoOfTheLamb/Content/FirstPerson/Blueprints/Weapon/BP_Weapon_Component.uexp" 1663
"C:/Users/fury8/OneDrive/Documents/Unreal Projects/EchoOfTheLamb/Content/FirstPerson/Input/Actions/IA_Shoot.uasset" 1664
"C:/Users/fury8/OneDrive/Documents/Unreal Projects/EchoOfTheLamb/Content/FirstPerson/Input/Actions/IA_Shoot.uexp" 1665
"C:/Users/fury8/OneDrive/Documents/Unreal Projects/EchoOfTheLamb/Content/FirstPerson/Input/Actions/IA_Dash.uasset" 1666
"C:/Users/fury8/OneDrive/Documents/Unreal Projects/EchoOfTheLamb/Content/FirstPerson/Input/Actions/IA_Dash.uexp" 1667
"C:/Users/fury8/OneDrive/Documents/Unreal Projects/EchoOfTheLamb/Content/FirstPerson/Input/Actions/IA_Jump.uasset" 1668
"C:/Users/fury8/OneDrive/Documents/Unreal Projects/EchoOfTheLamb/Content/FirstPerson/Input/Actions/IA_Jump.uexp" 1669
"C:/Users/fury8/OneDrive/Documents/Unreal Projects/EchoOfTheLamb/Content/FirstPerson/Input/IMC_PlayerMovement.uasset" 1670
"C:/Users/fury8/OneDrive/Documents/Unreal Projects/EchoOfTheLamb/Content/FirstPerson/Input/IMC_PlayerMovement.uexp" 1671
"C:/Users/fury8/OneDrive/Documents/Unreal Projects/EchoOfTheLamb/Content/MapSystem/BP_Minimap.uasset" 1672
"C:/Users/fury8/OneDrive/Documents/Unreal Projects/EchoOfTheLamb/Content/MapSystem/BP_Minimap.uexp" 1673
"C:/Users/fury8/OneDrive/Documents/Unreal Projects/EchoOfTheLamb/Content/FirstPerson/Blueprints/Player/BPI_Player.uasset" 1674
"C:/Users/fury8/OneDrive/Documents/Unreal Projects/EchoOfTheLamb/Content/FirstPerson/Blueprints/Player/BPI_Player.uexp" 1675
"C:/Users/fury8/OneDrive/Documents/Unreal Projects/EchoOfTheLamb/Content/FirstPerson/Blueprints/Player/BP_FirstPersonCharacter.uasset" 1676
"C:/Users/fury8/OneDrive/Documents/Unreal Projects/EchoOfTheLamb/Content/FirstPerson/Blueprints/Player/BP_FirstPersonCharacter.uexp" 1677
"C:/Users/fury8/OneDrive/Documents/Unreal Projects/EchoOfTheLamb/Content/Manage/PS_Main.uasset" 1678
"C:/Users/fury8/OneDrive/Documents/Unreal Projects/EchoOfTheLamb/Content/Manage/PS_Main.uexp" 1679
"C:/Users/fury8/OneDrive/Documents/Unreal Projects/EchoOfTheLamb/Content/Manage/GI_Main.uasset" 1680
"C:/Users/fury8/OneDrive/Documents/Unreal Projects/EchoOfTheLamb/Content/Manage/GI_Main.uexp" 1681
"C:/Users/fury8/OneDrive/Documents/Unreal Projects/EchoOfTheLamb/Content/UI/MainMenu/WBP_SessionFind.uasset" 1682
"C:/Users/fury8/OneDrive/Documents/Unreal Projects/EchoOfTheLamb/Content/UI/MainMenu/WBP_SessionFind.uexp" 1683
"C:/Users/fury8/OneDrive/Documents/Unreal Projects/EchoOfTheLamb/Content/UI/MainMenu/WBP_MainMenu.uasset" 1684
"C:/Users/fury8/OneDrive/Documents/Unreal Projects/EchoOfTheLamb/Content/UI/MainMenu/WBP_MainMenu.uexp" 1685
"C:/Users/fury8/OneDrive/Documents/Unreal Projects/EchoOfTheLamb/Content/UI/MainMenu/BP_MainMenu.uasset" 1686
"C:/Users/fury8/OneDrive/Documents/Unreal Projects/EchoOfTheLamb/Content/UI/MainMenu/BP_MainMenu.uexp" 1687
"C:/Users/fury8/OneDrive/Documents/Unreal Projects/EchoOfTheLamb/Content/Manage/MainMenuManager/GS_Menu.uasset" 1688
"C:/Users/fury8/OneDrive/Documents/Unreal Projects/EchoOfTheLamb/Content/Manage/MainMenuManager/GS_Menu.uexp" 1689
"C:/Users/fury8/OneDrive/Documents/Unreal Projects/EchoOfTheLamb/Content/Manage/MainMenuManager/GM_Menu.uasset" 1690
"C:/Users/fury8/OneDrive/Documents/Unreal Projects/EchoOfTheLamb/Content/Manage/MainMenuManager/GM_Menu.uexp" 1691
"C:/Users/fury8/OneDrive/Documents/Unreal Projects/EchoOfTheLamb/Content/Gyms/_GENERATED/CustomMesh/Tile_Door.ubulk" 1692
"C:/Users/fury8/OneDrive/Documents/Unreal Projects/EchoOfTheLamb/Content/Gyms/_GENERATED/CustomMesh/Tile_Door.uasset" 1693
"C:/Users/fury8/OneDrive/Documents/Unreal Projects/EchoOfTheLamb/Content/Gyms/_GENERATED/CustomMesh/Tile_Door.uexp" 1694
"C:/Users/fury8/OneDrive/Documents/Unreal Projects/EchoOfTheLamb/Content/Gyms/_GENERATED/CustomMesh/Tile_Floor.ubulk" 1695
"C:/Users/fury8/OneDrive/Documents/Unreal Projects/EchoOfTheLamb/Content/Gyms/_GENERATED/CustomMesh/Tile_Floor.uasset" 1696
"C:/Users/fury8/OneDrive/Documents/Unreal Projects/EchoOfTheLamb/Content/Gyms/_GENERATED/CustomMesh/Tile_Floor.uexp" 1697
"C:/Users/fury8/OneDrive/Documents/Unreal Projects/EchoOfTheLamb/Content/Procedural_Dungeon/Room/BP_MasterRoom.uasset" 1698
"C:/Users/fury8/OneDrive/Documents/Unreal Projects/EchoOfTheLamb/Content/Procedural_Dungeon/Room/BP_MasterRoom.uexp" 1699
"C:/Users/fury8/OneDrive/Documents/Unreal Projects/EchoOfTheLamb/Content/StarterContent/Textures/T_Concrete_Tiles_Variation_M.ubulk" 1700
"C:/Users/fury8/OneDrive/Documents/Unreal Projects/EchoOfTheLamb/Content/StarterContent/Textures/T_Concrete_Tiles_Variation_M.uasset" 1701
"C:/Users/fury8/OneDrive/Documents/Unreal Projects/EchoOfTheLamb/Content/StarterContent/Textures/T_Concrete_Tiles_Variation_M.uexp" 1702
"C:/Users/fury8/OneDrive/Documents/Unreal Projects/EchoOfTheLamb/Content/StarterContent/Textures/T_Concrete_Tiles_D.ubulk" 1703
"C:/Users/fury8/OneDrive/Documents/Unreal Projects/EchoOfTheLamb/Content/StarterContent/Textures/T_Concrete_Tiles_D.uasset" 1704
"C:/Users/fury8/OneDrive/Documents/Unreal Projects/EchoOfTheLamb/Content/StarterContent/Textures/T_Concrete_Tiles_D.uexp" 1705
"C:/Users/fury8/OneDrive/Documents/Unreal Projects/EchoOfTheLamb/Content/StarterContent/Textures/T_Concrete_Tiles_M.ubulk" 1706
"C:/Users/fury8/OneDrive/Documents/Unreal Projects/EchoOfTheLamb/Content/StarterContent/Textures/T_Concrete_Tiles_M.uasset" 1707
"C:/Users/fury8/OneDrive/Documents/Unreal Projects/EchoOfTheLamb/Content/StarterContent/Textures/T_Concrete_Tiles_M.uexp" 1708
"C:/Users/fury8/OneDrive/Documents/Unreal Projects/EchoOfTheLamb/Content/StarterContent/Textures/T_MacroVariation.uasset" 1709
"C:/Users/fury8/OneDrive/Documents/Unreal Projects/EchoOfTheLamb/Content/StarterContent/Textures/T_MacroVariation.uexp" 1710
"C:/Users/fury8/OneDrive/Documents/Unreal Projects/EchoOfTheLamb/Content/StarterContent/Textures/T_Concrete_Tiles_N.ubulk" 1711
"C:/Users/fury8/OneDrive/Documents/Unreal Projects/EchoOfTheLamb/Content/StarterContent/Textures/T_Concrete_Tiles_N.uasset" 1712
"C:/Users/fury8/OneDrive/Documents/Unreal Projects/EchoOfTheLamb/Content/StarterContent/Textures/T_Concrete_Tiles_N.uexp" 1713
"C:/Users/fury8/OneDrive/Documents/Unreal Projects/EchoOfTheLamb/Content/StarterContent/Materials/M_Concrete_Tiles.uasset" 1714
"C:/Users/fury8/OneDrive/Documents/Unreal Projects/EchoOfTheLamb/Content/StarterContent/Materials/M_Concrete_Tiles.uexp" 1715
"C:/Users/fury8/OneDrive/Documents/Unreal Projects/EchoOfTheLamb/Content/StarterContent/Textures/T_Perlin_Noise_M.ubulk" 1716
"C:/Users/fury8/OneDrive/Documents/Unreal Projects/EchoOfTheLamb/Content/StarterContent/Textures/T_Perlin_Noise_M.uasset" 1717
"C:/Users/fury8/OneDrive/Documents/Unreal Projects/EchoOfTheLamb/Content/StarterContent/Textures/T_Perlin_Noise_M.uexp" 1718
"C:/Users/fury8/OneDrive/Documents/Unreal Projects/EchoOfTheLamb/Content/StarterContent/Textures/T_Concrete_Poured_D.ubulk" 1719
"C:/Users/fury8/OneDrive/Documents/Unreal Projects/EchoOfTheLamb/Content/StarterContent/Textures/T_Concrete_Poured_D.uasset" 1720
"C:/Users/fury8/OneDrive/Documents/Unreal Projects/EchoOfTheLamb/Content/StarterContent/Textures/T_Concrete_Poured_D.uexp" 1721
"C:/Users/fury8/OneDrive/Documents/Unreal Projects/EchoOfTheLamb/Content/StarterContent/Textures/T_Concrete_Poured_N.ubulk" 1722
"C:/Users/fury8/OneDrive/Documents/Unreal Projects/EchoOfTheLamb/Content/StarterContent/Textures/T_Concrete_Poured_N.uasset" 1723
"C:/Users/fury8/OneDrive/Documents/Unreal Projects/EchoOfTheLamb/Content/StarterContent/Textures/T_Concrete_Poured_N.uexp" 1724
"C:/Users/fury8/OneDrive/Documents/Unreal Projects/EchoOfTheLamb/Content/StarterContent/Materials/M_Concrete_Poured.uasset" 1725
"C:/Users/fury8/OneDrive/Documents/Unreal Projects/EchoOfTheLamb/Content/StarterContent/Materials/M_Concrete_Poured.uexp" 1726
"C:/Users/fury8/OneDrive/Documents/Unreal Projects/EchoOfTheLamb/Content/Gyms/_GENERATED/CustomMesh/Tile_Wall.ubulk" 1727
"C:/Users/fury8/OneDrive/Documents/Unreal Projects/EchoOfTheLamb/Content/Gyms/_GENERATED/CustomMesh/Tile_Wall.uasset" 1728
"C:/Users/fury8/OneDrive/Documents/Unreal Projects/EchoOfTheLamb/Content/Gyms/_GENERATED/CustomMesh/Tile_Wall.uexp" 1729
"C:/Users/fury8/OneDrive/Documents/Unreal Projects/EchoOfTheLamb/Content/StarterContent/Textures/T_Metal_Steel_D.ubulk" 1730
"C:/Users/fury8/OneDrive/Documents/Unreal Projects/EchoOfTheLamb/Content/StarterContent/Textures/T_Metal_Steel_D.uasset" 1731
"C:/Users/fury8/OneDrive/Documents/Unreal Projects/EchoOfTheLamb/Content/StarterContent/Textures/T_Metal_Steel_D.uexp" 1732
"C:/Users/fury8/OneDrive/Documents/Unreal Projects/EchoOfTheLamb/Content/StarterContent/Textures/T_Metal_Steel_N.ubulk" 1733
"C:/Users/fury8/OneDrive/Documents/Unreal Projects/EchoOfTheLamb/Content/StarterContent/Textures/T_Metal_Steel_N.uasset" 1734
"C:/Users/fury8/OneDrive/Documents/Unreal Projects/EchoOfTheLamb/Content/StarterContent/Textures/T_Metal_Steel_N.uexp" 1735
"C:/Users/fury8/OneDrive/Documents/Unreal Projects/EchoOfTheLamb/Content/StarterContent/Materials/M_Metal_Steel.uasset" 1736
"C:/Users/fury8/OneDrive/Documents/Unreal Projects/EchoOfTheLamb/Content/StarterContent/Materials/M_Metal_Steel.uexp" 1737
"../../../Engine/Content/BasicShapes/Sphere.ubulk" 1738
"../../../Engine/Content/BasicShapes/Sphere.uasset" 1739
"../../../Engine/Content/BasicShapes/Sphere.uexp" 1740
"../../../Engine/Content/VREditor/LaserPointer/LaserPointerMaterial.uasset" 1741
"../../../Engine/Content/VREditor/LaserPointer/LaserPointerMaterial.uexp" 1742
"../../../Engine/Content/VREditor/LaserPointer/LaserPointerMaterial_Inst.uasset" 1743
"../../../Engine/Content/VREditor/LaserPointer/LaserPointerMaterial_Inst.uexp" 1744
"C:/Users/fury8/OneDrive/Documents/Unreal Projects/EchoOfTheLamb/Content/Procedural_Dungeon/BP_Point.uasset" 1745
"C:/Users/fury8/OneDrive/Documents/Unreal Projects/EchoOfTheLamb/Content/Procedural_Dungeon/BP_Point.uexp" 1746
"C:/Users/fury8/OneDrive/Documents/Unreal Projects/EchoOfTheLamb/Content/Procedural_Dungeon/Room/Speedroom/PointsRooms/BP_PointsRoom.uasset" 1747
"C:/Users/fury8/OneDrive/Documents/Unreal Projects/EchoOfTheLamb/Content/Procedural_Dungeon/Room/Speedroom/PointsRooms/BP_PointsRoom.uexp" 1748
"C:/Users/fury8/OneDrive/Documents/Unreal Projects/EchoOfTheLamb/Content/Procedural_Dungeon/Room/Speedroom/PointsRooms/BPC_PointsRoom2.uasset" 1749
"C:/Users/fury8/OneDrive/Documents/Unreal Projects/EchoOfTheLamb/Content/Procedural_Dungeon/Room/Speedroom/PointsRooms/BPC_PointsRoom2.uexp" 1750
"../../../Engine/Content/BasicShapes/Cube.ubulk" 1751
"../../../Engine/Content/BasicShapes/Cube.uasset" 1752
"../../../Engine/Content/BasicShapes/Cube.uexp" 1753
"C:/Users/fury8/OneDrive/Documents/Unreal Projects/EchoOfTheLamb/Content/StarterContent/Shapes/Shape_Cylinder.ubulk" 1754
"C:/Users/fury8/OneDrive/Documents/Unreal Projects/EchoOfTheLamb/Content/StarterContent/Shapes/Shape_Cylinder.uasset" 1755
"C:/Users/fury8/OneDrive/Documents/Unreal Projects/EchoOfTheLamb/Content/StarterContent/Shapes/Shape_Cylinder.uexp" 1756
"C:/Users/fury8/OneDrive/Documents/Unreal Projects/EchoOfTheLamb/Content/StarterContent/Textures/T_Metal_Rust_N.ubulk" 1757
"C:/Users/fury8/OneDrive/Documents/Unreal Projects/EchoOfTheLamb/Content/StarterContent/Textures/T_Metal_Rust_N.uasset" 1758
"C:/Users/fury8/OneDrive/Documents/Unreal Projects/EchoOfTheLamb/Content/StarterContent/Textures/T_Metal_Rust_N.uexp" 1759
"C:/Users/fury8/OneDrive/Documents/Unreal Projects/EchoOfTheLamb/Content/StarterContent/Textures/T_Metal_Rust_D.ubulk" 1760
"C:/Users/fury8/OneDrive/Documents/Unreal Projects/EchoOfTheLamb/Content/StarterContent/Textures/T_Metal_Rust_D.uasset" 1761
"C:/Users/fury8/OneDrive/Documents/Unreal Projects/EchoOfTheLamb/Content/StarterContent/Textures/T_Metal_Rust_D.uexp" 1762
"C:/Users/fury8/OneDrive/Documents/Unreal Projects/EchoOfTheLamb/Content/StarterContent/Materials/M_Metal_Rust.uasset" 1763
"C:/Users/fury8/OneDrive/Documents/Unreal Projects/EchoOfTheLamb/Content/StarterContent/Materials/M_Metal_Rust.uexp" 1764
"C:/Users/fury8/OneDrive/Documents/Unreal Projects/EchoOfTheLamb/Content/LevelPrototyping/Meshes/SM_Ramp.ubulk" 1765
"C:/Users/fury8/OneDrive/Documents/Unreal Projects/EchoOfTheLamb/Content/LevelPrototyping/Meshes/SM_Ramp.uasset" 1766
"C:/Users/fury8/OneDrive/Documents/Unreal Projects/EchoOfTheLamb/Content/LevelPrototyping/Meshes/SM_Ramp.uexp" 1767
"C:/Users/fury8/OneDrive/Documents/Unreal Projects/EchoOfTheLamb/Content/StarterContent/Textures/T_Brick_Clay_New_D.ubulk" 1768
"C:/Users/fury8/OneDrive/Documents/Unreal Projects/EchoOfTheLamb/Content/StarterContent/Textures/T_Brick_Clay_New_D.uasset" 1769
"C:/Users/fury8/OneDrive/Documents/Unreal Projects/EchoOfTheLamb/Content/StarterContent/Textures/T_Brick_Clay_New_D.uexp" 1770
"C:/Users/fury8/OneDrive/Documents/Unreal Projects/EchoOfTheLamb/Content/StarterContent/Textures/T_Brick_Clay_New_M.uasset" 1771
"C:/Users/fury8/OneDrive/Documents/Unreal Projects/EchoOfTheLamb/Content/StarterContent/Textures/T_Brick_Clay_New_M.uexp" 1772
"C:/Users/fury8/OneDrive/Documents/Unreal Projects/EchoOfTheLamb/Content/StarterContent/Textures/T_Brick_Clay_New_N.uasset" 1773
"C:/Users/fury8/OneDrive/Documents/Unreal Projects/EchoOfTheLamb/Content/StarterContent/Textures/T_Brick_Clay_New_N.uexp" 1774
"C:/Users/fury8/OneDrive/Documents/Unreal Projects/EchoOfTheLamb/Content/StarterContent/Materials/M_Brick_Clay_New.uasset" 1775
"C:/Users/fury8/OneDrive/Documents/Unreal Projects/EchoOfTheLamb/Content/StarterContent/Materials/M_Brick_Clay_New.uexp" 1776
"C:/Users/fury8/OneDrive/Documents/Unreal Projects/EchoOfTheLamb/Content/Procedural_Dungeon/Room/BasicRoom/BP_StairRoom.uasset" 1777
"C:/Users/fury8/OneDrive/Documents/Unreal Projects/EchoOfTheLamb/Content/Procedural_Dungeon/Room/BasicRoom/BP_StairRoom.uexp" 1778
"../../../Engine/Content/BasicShapes/Cone.ubulk" 1779
"../../../Engine/Content/BasicShapes/Cone.uasset" 1780
"../../../Engine/Content/BasicShapes/Cone.uexp" 1781
"../../../Engine/Content/BasicShapes/BasicShapeMaterial.uasset" 1782
"../../../Engine/Content/BasicShapes/BasicShapeMaterial.uexp" 1783
"C:/Users/fury8/OneDrive/Documents/Unreal Projects/EchoOfTheLamb/Content/Procedural_Dungeon/Room/BasicRoom/BP_SpecialRoom.uasset" 1784
"C:/Users/fury8/OneDrive/Documents/Unreal Projects/EchoOfTheLamb/Content/Procedural_Dungeon/Room/BasicRoom/BP_SpecialRoom.uexp" 1785
"C:/Users/fury8/OneDrive/Documents/Unreal Projects/EchoOfTheLamb/Content/Procedural_Dungeon/Room/BasicRoom/BP_Corridor.uasset" 1786
"C:/Users/fury8/OneDrive/Documents/Unreal Projects/EchoOfTheLamb/Content/Procedural_Dungeon/Room/BasicRoom/BP_Corridor.uexp" 1787
"C:/Users/fury8/OneDrive/Documents/Unreal Projects/EchoOfTheLamb/Content/Procedural_Dungeon/Room/BasicRoom/BP_BasicRoom7.uasset" 1788
"C:/Users/fury8/OneDrive/Documents/Unreal Projects/EchoOfTheLamb/Content/Procedural_Dungeon/Room/BasicRoom/BP_BasicRoom7.uexp" 1789
"C:/Users/fury8/OneDrive/Documents/Unreal Projects/EchoOfTheLamb/Content/Procedural_Dungeon/Room/BasicRoom/BP_BasicRoom6.uasset" 1790
"C:/Users/fury8/OneDrive/Documents/Unreal Projects/EchoOfTheLamb/Content/Procedural_Dungeon/Room/BasicRoom/BP_BasicRoom6.uexp" 1791
"C:/Users/fury8/OneDrive/Documents/Unreal Projects/EchoOfTheLamb/Content/Procedural_Dungeon/Room/BasicRoom/BP_BasicRoom5.uasset" 1792
"C:/Users/fury8/OneDrive/Documents/Unreal Projects/EchoOfTheLamb/Content/Procedural_Dungeon/Room/BasicRoom/BP_BasicRoom5.uexp" 1793
"C:/Users/fury8/OneDrive/Documents/Unreal Projects/EchoOfTheLamb/Content/Procedural_Dungeon/Room/BasicRoom/BP_BasicRoom4.uasset" 1794
"C:/Users/fury8/OneDrive/Documents/Unreal Projects/EchoOfTheLamb/Content/Procedural_Dungeon/Room/BasicRoom/BP_BasicRoom4.uexp" 1795
"C:/Users/fury8/OneDrive/Documents/Unreal Projects/EchoOfTheLamb/Content/Procedural_Dungeon/Room/BasicRoom/BP_BasicRoom3.uasset" 1796
"C:/Users/fury8/OneDrive/Documents/Unreal Projects/EchoOfTheLamb/Content/Procedural_Dungeon/Room/BasicRoom/BP_BasicRoom3.uexp" 1797
"C:/Users/fury8/OneDrive/Documents/Unreal Projects/EchoOfTheLamb/Content/Procedural_Dungeon/Room/BasicRoom/BP_BasicRoom2.uasset" 1798
"C:/Users/fury8/OneDrive/Documents/Unreal Projects/EchoOfTheLamb/Content/Procedural_Dungeon/Room/BasicRoom/BP_BasicRoom2.uexp" 1799
"../../../Engine/Content/MapTemplates/Sky/T_Sky_Stars.ubulk" 1800
"../../../Engine/Content/MapTemplates/Sky/T_Sky_Stars.uasset" 1801
"../../../Engine/Content/MapTemplates/Sky/T_Sky_Stars.uexp" 1802
"../../../Engine/Content/MapTemplates/Sky/T_UDK_Sky_CloudMask01_N.ubulk" 1803
"../../../Engine/Content/MapTemplates/Sky/T_UDK_Sky_CloudMask01_N.uasset" 1804
"../../../Engine/Content/MapTemplates/Sky/T_UDK_Sky_CloudMask01_N.uexp" 1805
"../../../Engine/Content/MapTemplates/T_UDK_Sky_CloudMask03.ubulk" 1806
"../../../Engine/Content/MapTemplates/T_UDK_Sky_CloudMask03.uasset" 1807
"../../../Engine/Content/MapTemplates/T_UDK_Sky_CloudMask03.uexp" 1808
"../../../Engine/Content/MapTemplates/Sky/M_Procedural_Sky_MASTER02.uasset" 1809
"../../../Engine/Content/MapTemplates/Sky/M_Procedural_Sky_MASTER02.uexp" 1810
"../../../Engine/Content/MapTemplates/Sky/M_Procedural_Sky_Afternoon.uasset" 1811
"../../../Engine/Content/MapTemplates/Sky/M_Procedural_Sky_Afternoon.uexp" 1812
"C:/Users/fury8/OneDrive/Documents/Unreal Projects/EchoOfTheLamb/Content/FirstPerson/Blueprints/Weapon/BP_Pickup_Rifle.uasset" 1813
"C:/Users/fury8/OneDrive/Documents/Unreal Projects/EchoOfTheLamb/Content/FirstPerson/Blueprints/Weapon/BP_Pickup_Rifle.uexp" 1814
"C:/Users/fury8/OneDrive/Documents/Unreal Projects/EchoOfTheLamb/Content/Procedural_Dungeon/Room/BasicRoom/BP_BasicRoom1.uasset" 1815
"C:/Users/fury8/OneDrive/Documents/Unreal Projects/EchoOfTheLamb/Content/Procedural_Dungeon/Room/BasicRoom/BP_BasicRoom1.uexp" 1816
"C:/Users/fury8/OneDrive/Documents/Unreal Projects/EchoOfTheLamb/Content/Gyms/_GENERATED/CustomMesh/Tourniquet.ubulk" 1817
"C:/Users/fury8/OneDrive/Documents/Unreal Projects/EchoOfTheLamb/Content/Gyms/_GENERATED/CustomMesh/Tourniquet.uasset" 1818
"C:/Users/fury8/OneDrive/Documents/Unreal Projects/EchoOfTheLamb/Content/Gyms/_GENERATED/CustomMesh/Tourniquet.uexp" 1819
"C:/Users/fury8/OneDrive/Documents/Unreal Projects/EchoOfTheLamb/Content/Procedural_Dungeon/BP_Tourniquet.uasset" 1820
"C:/Users/fury8/OneDrive/Documents/Unreal Projects/EchoOfTheLamb/Content/Procedural_Dungeon/BP_Tourniquet.uexp" 1821
"C:/Users/fury8/OneDrive/Documents/Unreal Projects/EchoOfTheLamb/Content/Gyms/_GENERATED/CustomMesh/Cylinder_67C9A0C4.ubulk" 1822
"C:/Users/fury8/OneDrive/Documents/Unreal Projects/EchoOfTheLamb/Content/Gyms/_GENERATED/CustomMesh/Cylinder_67C9A0C4.uasset" 1823
"C:/Users/fury8/OneDrive/Documents/Unreal Projects/EchoOfTheLamb/Content/Gyms/_GENERATED/CustomMesh/Cylinder_67C9A0C4.uexp" 1824
"C:/Users/fury8/OneDrive/Documents/Unreal Projects/EchoOfTheLamb/Content/Gyms/_GENERATED/CustomMesh/Box_D19D0058.ubulk" 1825
"C:/Users/fury8/OneDrive/Documents/Unreal Projects/EchoOfTheLamb/Content/Gyms/_GENERATED/CustomMesh/Box_D19D0058.uasset" 1826
"C:/Users/fury8/OneDrive/Documents/Unreal Projects/EchoOfTheLamb/Content/Gyms/_GENERATED/CustomMesh/Box_D19D0058.uexp" 1827
"C:/Users/fury8/OneDrive/Documents/Unreal Projects/EchoOfTheLamb/Content/FirstPerson/FirstPersonArms/Animations/FP_Walk_Fwd.uasset" 1828
"C:/Users/fury8/OneDrive/Documents/Unreal Projects/EchoOfTheLamb/Content/FirstPerson/FirstPersonArms/Animations/FP_Walk_Fwd.uexp" 1829
"C:/Users/fury8/OneDrive/Documents/Unreal Projects/EchoOfTheLamb/Content/Characters/Mannequin_UE4/Rigs/RTG_UE5Manny_UE4Manny.uasset" 1830
"C:/Users/fury8/OneDrive/Documents/Unreal Projects/EchoOfTheLamb/Content/Characters/Mannequin_UE4/Rigs/RTG_UE5Manny_UE4Manny.uexp" 1831
"C:/Users/fury8/OneDrive/Documents/Unreal Projects/EchoOfTheLamb/Content/Characters/Mannequin_UE4/Rigs/RTG_UE4Manny_UE5Manny.uasset" 1832
"C:/Users/fury8/OneDrive/Documents/Unreal Projects/EchoOfTheLamb/Content/Characters/Mannequin_UE4/Rigs/RTG_UE4Manny_UE5Manny.uexp" 1833
"C:/Users/fury8/OneDrive/Documents/Unreal Projects/EchoOfTheLamb/Content/Characters/Mannequin_UE4/Rigs/IK_UE4_Mannequin.uasset" 1834
"C:/Users/fury8/OneDrive/Documents/Unreal Projects/EchoOfTheLamb/Content/Characters/Mannequin_UE4/Rigs/IK_UE4_Mannequin.uexp" 1835
"C:/Users/fury8/OneDrive/Documents/Unreal Projects/EchoOfTheLamb/Content/Characters/Mannequin_UE4/Textures/T_UELogo_N_TGA.ubulk" 1836
"C:/Users/fury8/OneDrive/Documents/Unreal Projects/EchoOfTheLamb/Content/Characters/Mannequin_UE4/Textures/T_UELogo_N_TGA.uasset" 1837
"C:/Users/fury8/OneDrive/Documents/Unreal Projects/EchoOfTheLamb/Content/Characters/Mannequin_UE4/Textures/T_UELogo_N_TGA.uexp" 1838
"C:/Users/fury8/OneDrive/Documents/Unreal Projects/EchoOfTheLamb/Content/Characters/Mannequin_UE4/Textures/T_UE4_Mannequin__normals.ubulk" 1839
"C:/Users/fury8/OneDrive/Documents/Unreal Projects/EchoOfTheLamb/Content/Characters/Mannequin_UE4/Textures/T_UE4_Mannequin__normals.uasset" 1840
"C:/Users/fury8/OneDrive/Documents/Unreal Projects/EchoOfTheLamb/Content/Characters/Mannequin_UE4/Textures/T_UE4_Mannequin__normals.uexp" 1841
"C:/Users/fury8/OneDrive/Documents/Unreal Projects/EchoOfTheLamb/Content/Characters/Mannequin_UE4/Materials/Layers/ML_ShinyPlastic_Beige.uasset" 1842
"C:/Users/fury8/OneDrive/Documents/Unreal Projects/EchoOfTheLamb/Content/Characters/Mannequin_UE4/Materials/Layers/ML_ShinyPlastic_Beige.uexp" 1843
"C:/Users/fury8/OneDrive/Documents/Unreal Projects/EchoOfTheLamb/Content/Characters/Mannequin_UE4/Textures/T_UELogo_Mask.ubulk" 1844
"C:/Users/fury8/OneDrive/Documents/Unreal Projects/EchoOfTheLamb/Content/Characters/Mannequin_UE4/Textures/T_UELogo_Mask.uasset" 1845
"C:/Users/fury8/OneDrive/Documents/Unreal Projects/EchoOfTheLamb/Content/Characters/Mannequin_UE4/Textures/T_UELogo_Mask.uexp" 1846
"C:/Users/fury8/OneDrive/Documents/Unreal Projects/EchoOfTheLamb/Content/Characters/Mannequin_UE4/Materials/Layers/ML_ShinyPlastic_Beige_Logo.uasset" 1847
"C:/Users/fury8/OneDrive/Documents/Unreal Projects/EchoOfTheLamb/Content/Characters/Mannequin_UE4/Materials/Layers/ML_ShinyPlastic_Beige_Logo.uexp" 1848
"C:/Users/fury8/OneDrive/Documents/Unreal Projects/EchoOfTheLamb/Content/Characters/Mannequin_UE4/Textures/T_UE4_Mannequin_MAT_MASKA.ubulk" 1849
"C:/Users/fury8/OneDrive/Documents/Unreal Projects/EchoOfTheLamb/Content/Characters/Mannequin_UE4/Textures/T_UE4_Mannequin_MAT_MASKA.uasset" 1850
"C:/Users/fury8/OneDrive/Documents/Unreal Projects/EchoOfTheLamb/Content/Characters/Mannequin_UE4/Textures/T_UE4_Mannequin_MAT_MASKA.uexp" 1851
"C:/Users/fury8/OneDrive/Documents/Unreal Projects/EchoOfTheLamb/Content/Characters/Mannequin_UE4/Textures/T_ML_Aluminum01_N.ubulk" 1852
"C:/Users/fury8/OneDrive/Documents/Unreal Projects/EchoOfTheLamb/Content/Characters/Mannequin_UE4/Textures/T_ML_Aluminum01_N.uasset" 1853
"C:/Users/fury8/OneDrive/Documents/Unreal Projects/EchoOfTheLamb/Content/Characters/Mannequin_UE4/Textures/T_ML_Aluminum01_N.uexp" 1854
"C:/Users/fury8/OneDrive/Documents/Unreal Projects/EchoOfTheLamb/Content/Characters/Mannequin_UE4/Textures/T_ML_Aluminum01.ubulk" 1855
"C:/Users/fury8/OneDrive/Documents/Unreal Projects/EchoOfTheLamb/Content/Characters/Mannequin_UE4/Textures/T_ML_Aluminum01.uasset" 1856
"C:/Users/fury8/OneDrive/Documents/Unreal Projects/EchoOfTheLamb/Content/Characters/Mannequin_UE4/Textures/T_ML_Aluminum01.uexp" 1857
"C:/Users/fury8/OneDrive/Documents/Unreal Projects/EchoOfTheLamb/Content/Characters/Mannequin_UE4/Materials/Layers/ML_SoftMetal.uasset" 1858
"C:/Users/fury8/OneDrive/Documents/Unreal Projects/EchoOfTheLamb/Content/Characters/Mannequin_UE4/Materials/Layers/ML_SoftMetal.uexp" 1859
"C:/Users/fury8/OneDrive/Documents/Unreal Projects/EchoOfTheLamb/Content/Characters/Mannequin_UE4/Textures/T_ML_Rubber_Blue_01_N.ubulk" 1860
"C:/Users/fury8/OneDrive/Documents/Unreal Projects/EchoOfTheLamb/Content/Characters/Mannequin_UE4/Textures/T_ML_Rubber_Blue_01_N.uasset" 1861
"C:/Users/fury8/OneDrive/Documents/Unreal Projects/EchoOfTheLamb/Content/Characters/Mannequin_UE4/Textures/T_ML_Rubber_Blue_01_N.uexp" 1862
"C:/Users/fury8/OneDrive/Documents/Unreal Projects/EchoOfTheLamb/Content/Characters/Mannequin_UE4/Textures/T_ML_Rubber_Blue_01_D.ubulk" 1863
"C:/Users/fury8/OneDrive/Documents/Unreal Projects/EchoOfTheLamb/Content/Characters/Mannequin_UE4/Textures/T_ML_Rubber_Blue_01_D.uasset" 1864
"C:/Users/fury8/OneDrive/Documents/Unreal Projects/EchoOfTheLamb/Content/Characters/Mannequin_UE4/Textures/T_ML_Rubber_Blue_01_D.uexp" 1865
"C:/Users/fury8/OneDrive/Documents/Unreal Projects/EchoOfTheLamb/Content/Characters/Mannequin_UE4/Materials/Layers/ML_Latex_Black.uasset" 1866
"C:/Users/fury8/OneDrive/Documents/Unreal Projects/EchoOfTheLamb/Content/Characters/Mannequin_UE4/Materials/Layers/ML_Latex_Black.uexp" 1867
"C:/Users/fury8/OneDrive/Documents/Unreal Projects/EchoOfTheLamb/Content/Characters/Mannequin_UE4/Materials/M_MannequinUE4_Body.uasset" 1868
"C:/Users/fury8/OneDrive/Documents/Unreal Projects/EchoOfTheLamb/Content/Characters/Mannequin_UE4/Materials/M_MannequinUE4_Body.uexp" 1869
"C:/Users/fury8/OneDrive/Documents/Unreal Projects/EchoOfTheLamb/Content/Characters/Mannequin_UE4/Materials/M_MannequinUE4_ChestLogo.uasset" 1870
"C:/Users/fury8/OneDrive/Documents/Unreal Projects/EchoOfTheLamb/Content/Characters/Mannequin_UE4/Materials/M_MannequinUE4_ChestLogo.uexp" 1871
"C:/Users/fury8/OneDrive/Documents/Unreal Projects/EchoOfTheLamb/Content/Characters/Mannequin_UE4/Meshes/SK_Mannequin_PhysicsAsset.uasset" 1872
"C:/Users/fury8/OneDrive/Documents/Unreal Projects/EchoOfTheLamb/Content/Characters/Mannequin_UE4/Meshes/SK_Mannequin_PhysicsAsset.uexp" 1873
"C:/Users/fury8/OneDrive/Documents/Unreal Projects/EchoOfTheLamb/Content/Characters/Mannequin_UE4/Meshes/SK_Mannequin_Skeleton.uasset" 1874
"C:/Users/fury8/OneDrive/Documents/Unreal Projects/EchoOfTheLamb/Content/Characters/Mannequin_UE4/Meshes/SK_Mannequin_Skeleton.uexp" 1875
"C:/Users/fury8/OneDrive/Documents/Unreal Projects/EchoOfTheLamb/Content/Characters/Mannequin_UE4/Meshes/SK_Mannequin.uasset" 1876
"C:/Users/fury8/OneDrive/Documents/Unreal Projects/EchoOfTheLamb/Content/Characters/Mannequin_UE4/Meshes/SK_Mannequin.uexp" 1877
"C:/Users/fury8/OneDrive/Documents/Unreal Projects/EchoOfTheLamb/Content/Characters/Mannequin_UE4/Animations/Jog_Fwd.uasset" 1878
"C:/Users/fury8/OneDrive/Documents/Unreal Projects/EchoOfTheLamb/Content/Characters/Mannequin_UE4/Animations/Jog_Fwd.uexp" 1879
"C:/Users/fury8/OneDrive/Documents/Unreal Projects/EchoOfTheLamb/Content/Characters/Mannequins/Rigs/RTG_Mannequin.uasset" 1880
"C:/Users/fury8/OneDrive/Documents/Unreal Projects/EchoOfTheLamb/Content/Characters/Mannequins/Rigs/RTG_Mannequin.uexp" 1881
"C:/Users/fury8/OneDrive/Documents/Unreal Projects/EchoOfTheLamb/Content/Characters/Mannequins/Rigs/IK_Mannequin.uasset" 1882
"C:/Users/fury8/OneDrive/Documents/Unreal Projects/EchoOfTheLamb/Content/Characters/Mannequins/Rigs/IK_Mannequin.uexp" 1883
"../../../Engine/Plugins/Animation/ControlRig/Content/Controls/DefaultGizmoLibraryNormalized.uasset" 1884
"../../../Engine/Plugins/Animation/ControlRig/Content/Controls/DefaultGizmoLibraryNormalized.uexp" 1885
"C:/Users/fury8/OneDrive/Documents/Unreal Projects/EchoOfTheLamb/Content/Characters/Mannequins/Rigs/CR_Mannequin_Body.uasset" 1886
"C:/Users/fury8/OneDrive/Documents/Unreal Projects/EchoOfTheLamb/Content/Characters/Mannequins/Rigs/CR_Mannequin_Body.uexp" 1887
"C:/Users/fury8/OneDrive/Documents/Unreal Projects/EchoOfTheLamb/Content/Characters/Mannequins/Rigs/Poses/Quinn/Quinn_foot_l_anim.uasset" 1888
"C:/Users/fury8/OneDrive/Documents/Unreal Projects/EchoOfTheLamb/Content/Characters/Mannequins/Rigs/Poses/Quinn/Quinn_foot_l_anim.uexp" 1889
"C:/Users/fury8/OneDrive/Documents/Unreal Projects/EchoOfTheLamb/Content/Characters/Mannequins/Rigs/Poses/Quinn/Quinn_foot_l_pose.uasset" 1890
"C:/Users/fury8/OneDrive/Documents/Unreal Projects/EchoOfTheLamb/Content/Characters/Mannequins/Rigs/Poses/Quinn/Quinn_foot_l_pose.uexp" 1891
"C:/Users/fury8/OneDrive/Documents/Unreal Projects/EchoOfTheLamb/Content/Characters/Mannequins/Rigs/Poses/Quinn/Quinn_clavicle_l_anim.uasset" 1892
"C:/Users/fury8/OneDrive/Documents/Unreal Projects/EchoOfTheLamb/Content/Characters/Mannequins/Rigs/Poses/Quinn/Quinn_clavicle_l_anim.uexp" 1893
"C:/Users/fury8/OneDrive/Documents/Unreal Projects/EchoOfTheLamb/Content/Characters/Mannequins/Rigs/Poses/Quinn/Quinn_clavicle_l_pose.uasset" 1894
"C:/Users/fury8/OneDrive/Documents/Unreal Projects/EchoOfTheLamb/Content/Characters/Mannequins/Rigs/Poses/Quinn/Quinn_clavicle_l_pose.uexp" 1895
"C:/Users/fury8/OneDrive/Documents/Unreal Projects/EchoOfTheLamb/Content/Characters/Mannequins/Rigs/Poses/Quinn/Quinn_clavicle_r_anim.uasset" 1896
"C:/Users/fury8/OneDrive/Documents/Unreal Projects/EchoOfTheLamb/Content/Characters/Mannequins/Rigs/Poses/Quinn/Quinn_clavicle_r_anim.uexp" 1897
"C:/Users/fury8/OneDrive/Documents/Unreal Projects/EchoOfTheLamb/Content/Characters/Mannequins/Rigs/Poses/Quinn/Quinn_clavicle_r_pose.uasset" 1898
"C:/Users/fury8/OneDrive/Documents/Unreal Projects/EchoOfTheLamb/Content/Characters/Mannequins/Rigs/Poses/Quinn/Quinn_clavicle_r_pose.uexp" 1899
"C:/Users/fury8/OneDrive/Documents/Unreal Projects/EchoOfTheLamb/Content/Characters/Mannequins/Rigs/Poses/Quinn/Quinn_upperarm_l_anim.uasset" 1900
"C:/Users/fury8/OneDrive/Documents/Unreal Projects/EchoOfTheLamb/Content/Characters/Mannequins/Rigs/Poses/Quinn/Quinn_upperarm_l_anim.uexp" 1901
"C:/Users/fury8/OneDrive/Documents/Unreal Projects/EchoOfTheLamb/Content/Characters/Mannequins/Rigs/Poses/Quinn/Quinn_upperarm_l_pose.uasset" 1902
"C:/Users/fury8/OneDrive/Documents/Unreal Projects/EchoOfTheLamb/Content/Characters/Mannequins/Rigs/Poses/Quinn/Quinn_upperarm_l_pose.uexp" 1903
"C:/Users/fury8/OneDrive/Documents/Unreal Projects/EchoOfTheLamb/Content/Characters/Mannequins/Rigs/Poses/Quinn/Quinn_lowerarm_l_anim.uasset" 1904
"C:/Users/fury8/OneDrive/Documents/Unreal Projects/EchoOfTheLamb/Content/Characters/Mannequins/Rigs/Poses/Quinn/Quinn_lowerarm_l_anim.uexp" 1905
"C:/Users/fury8/OneDrive/Documents/Unreal Projects/EchoOfTheLamb/Content/Characters/Mannequins/Rigs/Poses/Quinn/Quinn_lowerarm_l_pose.uasset" 1906
"C:/Users/fury8/OneDrive/Documents/Unreal Projects/EchoOfTheLamb/Content/Characters/Mannequins/Rigs/Poses/Quinn/Quinn_lowerarm_l_pose.uexp" 1907
"C:/Users/fury8/OneDrive/Documents/Unreal Projects/EchoOfTheLamb/Content/Characters/Mannequins/Rigs/Poses/Quinn/Quinn_calf_l_anim.uasset" 1908
"C:/Users/fury8/OneDrive/Documents/Unreal Projects/EchoOfTheLamb/Content/Characters/Mannequins/Rigs/Poses/Quinn/Quinn_calf_l_anim.uexp" 1909
"C:/Users/fury8/OneDrive/Documents/Unreal Projects/EchoOfTheLamb/Content/Characters/Mannequins/Rigs/Poses/Quinn/Quinn_calf_l_pose.uasset" 1910
"C:/Users/fury8/OneDrive/Documents/Unreal Projects/EchoOfTheLamb/Content/Characters/Mannequins/Rigs/Poses/Quinn/Quinn_calf_l_pose.uexp" 1911
"C:/Users/fury8/OneDrive/Documents/Unreal Projects/EchoOfTheLamb/Content/Characters/Mannequins/Rigs/CR_Mannequin_Procedural.uasset" 1912
"C:/Users/fury8/OneDrive/Documents/Unreal Projects/EchoOfTheLamb/Content/Characters/Mannequins/Rigs/CR_Mannequin_Procedural.uexp" 1913
"C:/Users/fury8/OneDrive/Documents/Unreal Projects/EchoOfTheLamb/Content/Characters/Mannequins/Rigs/Poses/Quinn/Quinn_upperarm_r_anim.uasset" 1914
"C:/Users/fury8/OneDrive/Documents/Unreal Projects/EchoOfTheLamb/Content/Characters/Mannequins/Rigs/Poses/Quinn/Quinn_upperarm_r_anim.uexp" 1915
"C:/Users/fury8/OneDrive/Documents/Unreal Projects/EchoOfTheLamb/Content/Characters/Mannequins/Rigs/Poses/Quinn/Quinn_upperarm_r_pose.uasset" 1916
"C:/Users/fury8/OneDrive/Documents/Unreal Projects/EchoOfTheLamb/Content/Characters/Mannequins/Rigs/Poses/Quinn/Quinn_upperarm_r_pose.uexp" 1917
"C:/Users/fury8/OneDrive/Documents/Unreal Projects/EchoOfTheLamb/Content/Characters/Mannequins/Rigs/Poses/Quinn/Quinn_calf_r_anim.uasset" 1918
"C:/Users/fury8/OneDrive/Documents/Unreal Projects/EchoOfTheLamb/Content/Characters/Mannequins/Rigs/Poses/Quinn/Quinn_calf_r_anim.uexp" 1919
"C:/Users/fury8/OneDrive/Documents/Unreal Projects/EchoOfTheLamb/Content/Characters/Mannequins/Rigs/Poses/Quinn/Quinn_calf_r_pose.uasset" 1920
"C:/Users/fury8/OneDrive/Documents/Unreal Projects/EchoOfTheLamb/Content/Characters/Mannequins/Rigs/Poses/Quinn/Quinn_calf_r_pose.uexp" 1921
"C:/Users/fury8/OneDrive/Documents/Unreal Projects/EchoOfTheLamb/Content/Characters/Mannequins/Rigs/Poses/Quinn/Quinn_foot_r_anim.uasset" 1922
"C:/Users/fury8/OneDrive/Documents/Unreal Projects/EchoOfTheLamb/Content/Characters/Mannequins/Rigs/Poses/Quinn/Quinn_foot_r_anim.uexp" 1923
"C:/Users/fury8/OneDrive/Documents/Unreal Projects/EchoOfTheLamb/Content/Characters/Mannequins/Rigs/Poses/Quinn/Quinn_foot_r_pose.uasset" 1924
"C:/Users/fury8/OneDrive/Documents/Unreal Projects/EchoOfTheLamb/Content/Characters/Mannequins/Rigs/Poses/Quinn/Quinn_foot_r_pose.uexp" 1925
"C:/Users/fury8/OneDrive/Documents/Unreal Projects/EchoOfTheLamb/Content/Characters/Mannequins/Rigs/Poses/Quinn/Quinn_lowerarm_r_anim.uasset" 1926
"C:/Users/fury8/OneDrive/Documents/Unreal Projects/EchoOfTheLamb/Content/Characters/Mannequins/Rigs/Poses/Quinn/Quinn_lowerarm_r_anim.uexp" 1927
"C:/Users/fury8/OneDrive/Documents/Unreal Projects/EchoOfTheLamb/Content/Characters/Mannequins/Rigs/Poses/Quinn/Quinn_lowerarm_r_pose.uasset" 1928
"C:/Users/fury8/OneDrive/Documents/Unreal Projects/EchoOfTheLamb/Content/Characters/Mannequins/Rigs/Poses/Quinn/Quinn_lowerarm_r_pose.uexp" 1929
"C:/Users/fury8/OneDrive/Documents/Unreal Projects/EchoOfTheLamb/Content/Characters/Mannequins/Rigs/Poses/Quinn/Quinn_thigh_l_anim.uasset" 1930
"C:/Users/fury8/OneDrive/Documents/Unreal Projects/EchoOfTheLamb/Content/Characters/Mannequins/Rigs/Poses/Quinn/Quinn_thigh_l_anim.uexp" 1931
"C:/Users/fury8/OneDrive/Documents/Unreal Projects/EchoOfTheLamb/Content/Characters/Mannequins/Rigs/Poses/Quinn/Quinn_thigh_l_pose.uasset" 1932
"C:/Users/fury8/OneDrive/Documents/Unreal Projects/EchoOfTheLamb/Content/Characters/Mannequins/Rigs/Poses/Quinn/Quinn_thigh_l_pose.uexp" 1933
"C:/Users/fury8/OneDrive/Documents/Unreal Projects/EchoOfTheLamb/Content/Characters/Mannequins/Rigs/Poses/Quinn/Quinn_thigh_r_anim.uasset" 1934
"C:/Users/fury8/OneDrive/Documents/Unreal Projects/EchoOfTheLamb/Content/Characters/Mannequins/Rigs/Poses/Quinn/Quinn_thigh_r_anim.uexp" 1935
"C:/Users/fury8/OneDrive/Documents/Unreal Projects/EchoOfTheLamb/Content/Characters/Mannequins/Rigs/Poses/Quinn/Quinn_thigh_r_pose.uasset" 1936
"C:/Users/fury8/OneDrive/Documents/Unreal Projects/EchoOfTheLamb/Content/Characters/Mannequins/Rigs/Poses/Quinn/Quinn_thigh_r_pose.uexp" 1937
"C:/Users/fury8/OneDrive/Documents/Unreal Projects/EchoOfTheLamb/Content/Characters/Mannequins/Rigs/Poses/Quinn/Quinn_hand_l_anim.uasset" 1938
"C:/Users/fury8/OneDrive/Documents/Unreal Projects/EchoOfTheLamb/Content/Characters/Mannequins/Rigs/Poses/Quinn/Quinn_hand_l_anim.uexp" 1939
"C:/Users/fury8/OneDrive/Documents/Unreal Projects/EchoOfTheLamb/Content/Characters/Mannequins/Rigs/Poses/Quinn/Quinn_hand_l_pose.uasset" 1940
"C:/Users/fury8/OneDrive/Documents/Unreal Projects/EchoOfTheLamb/Content/Characters/Mannequins/Rigs/Poses/Quinn/Quinn_hand_l_pose.uexp" 1941
"C:/Users/fury8/OneDrive/Documents/Unreal Projects/EchoOfTheLamb/Content/Characters/Mannequins/Rigs/Poses/Quinn/Quinn_hand_r_anim.uasset" 1942
"C:/Users/fury8/OneDrive/Documents/Unreal Projects/EchoOfTheLamb/Content/Characters/Mannequins/Rigs/Poses/Quinn/Quinn_hand_r_anim.uexp" 1943
"C:/Users/fury8/OneDrive/Documents/Unreal Projects/EchoOfTheLamb/Content/Characters/Mannequins/Rigs/Poses/Quinn/Quinn_hand_r_pose.uasset" 1944
"C:/Users/fury8/OneDrive/Documents/Unreal Projects/EchoOfTheLamb/Content/Characters/Mannequins/Rigs/Poses/Quinn/Quinn_hand_r_pose.uexp" 1945
"C:/Users/fury8/OneDrive/Documents/Unreal Projects/EchoOfTheLamb/Content/Characters/Mannequins/Rigs/ABP_Quinn_PostProcess.uasset" 1946
"C:/Users/fury8/OneDrive/Documents/Unreal Projects/EchoOfTheLamb/Content/Characters/Mannequins/Rigs/ABP_Quinn_PostProcess.uexp" 1947
"C:/Users/fury8/OneDrive/Documents/Unreal Projects/EchoOfTheLamb/Content/Characters/Mannequins/Meshes/SKM_Quinn.uasset" 1948
"C:/Users/fury8/OneDrive/Documents/Unreal Projects/EchoOfTheLamb/Content/Characters/Mannequins/Meshes/SKM_Quinn.uexp" 1949
"C:/Users/fury8/OneDrive/Documents/Unreal Projects/EchoOfTheLamb/Content/Characters/Mannequins/Textures/Manny/T_Manny_02_MSR_MSK.ubulk" 1950
"C:/Users/fury8/OneDrive/Documents/Unreal Projects/EchoOfTheLamb/Content/Characters/Mannequins/Textures/Manny/T_Manny_02_MSR_MSK.uasset" 1951
"C:/Users/fury8/OneDrive/Documents/Unreal Projects/EchoOfTheLamb/Content/Characters/Mannequins/Textures/Manny/T_Manny_02_MSR_MSK.uexp" 1952
"C:/Users/fury8/OneDrive/Documents/Unreal Projects/EchoOfTheLamb/Content/Characters/Mannequins/Textures/Manny/T_Manny_02_CCRCCPlastic_MSK.ubulk" 1953
"C:/Users/fury8/OneDrive/Documents/Unreal Projects/EchoOfTheLamb/Content/Characters/Mannequins/Textures/Manny/T_Manny_02_CCRCCPlastic_MSK.uasset" 1954
"C:/Users/fury8/OneDrive/Documents/Unreal Projects/EchoOfTheLamb/Content/Characters/Mannequins/Textures/Manny/T_Manny_02_CCRCCPlastic_MSK.uexp" 1955
"C:/Users/fury8/OneDrive/Documents/Unreal Projects/EchoOfTheLamb/Content/Characters/Mannequins/Textures/Manny/T_Manny_02_Tan.ubulk" 1956
"C:/Users/fury8/OneDrive/Documents/Unreal Projects/EchoOfTheLamb/Content/Characters/Mannequins/Textures/Manny/T_Manny_02_Tan.uasset" 1957
"C:/Users/fury8/OneDrive/Documents/Unreal Projects/EchoOfTheLamb/Content/Characters/Mannequins/Textures/Manny/T_Manny_02_Tan.uexp" 1958
"C:/Users/fury8/OneDrive/Documents/Unreal Projects/EchoOfTheLamb/Content/Characters/Mannequins/Textures/Manny/T_Manny_02_N.ubulk" 1959
"C:/Users/fury8/OneDrive/Documents/Unreal Projects/EchoOfTheLamb/Content/Characters/Mannequins/Textures/Manny/T_Manny_02_N.uasset" 1960
"C:/Users/fury8/OneDrive/Documents/Unreal Projects/EchoOfTheLamb/Content/Characters/Mannequins/Textures/Manny/T_Manny_02_N.uexp" 1961
"C:/Users/fury8/OneDrive/Documents/Unreal Projects/EchoOfTheLamb/Content/Characters/Mannequins/Materials/Instances/Manny/MI_Manny_01.uasset" 1962
"C:/Users/fury8/OneDrive/Documents/Unreal Projects/EchoOfTheLamb/Content/Characters/Mannequins/Materials/Instances/Manny/MI_Manny_01.uexp" 1963
"C:/Users/fury8/OneDrive/Documents/Unreal Projects/EchoOfTheLamb/Content/Characters/Mannequins/Textures/Manny/T_Manny_02_BN.ubulk" 1964
"C:/Users/fury8/OneDrive/Documents/Unreal Projects/EchoOfTheLamb/Content/Characters/Mannequins/Textures/Manny/T_Manny_02_BN.uasset" 1965
"C:/Users/fury8/OneDrive/Documents/Unreal Projects/EchoOfTheLamb/Content/Characters/Mannequins/Textures/Manny/T_Manny_02_BN.uexp" 1966
"C:/Users/fury8/OneDrive/Documents/Unreal Projects/EchoOfTheLamb/Content/Characters/Mannequins/Textures/Manny/T_Manny_02_ASAOPMASK_MSK.ubulk" 1967
"C:/Users/fury8/OneDrive/Documents/Unreal Projects/EchoOfTheLamb/Content/Characters/Mannequins/Textures/Manny/T_Manny_02_ASAOPMASK_MSK.uasset" 1968
"C:/Users/fury8/OneDrive/Documents/Unreal Projects/EchoOfTheLamb/Content/Characters/Mannequins/Textures/Manny/T_Manny_02_ASAOPMASK_MSK.uexp" 1969
"C:/Users/fury8/OneDrive/Documents/Unreal Projects/EchoOfTheLamb/Content/Characters/Mannequins/Textures/Manny/T_Manny_02_D.ubulk" 1970
"C:/Users/fury8/OneDrive/Documents/Unreal Projects/EchoOfTheLamb/Content/Characters/Mannequins/Textures/Manny/T_Manny_02_D.uasset" 1971
"C:/Users/fury8/OneDrive/Documents/Unreal Projects/EchoOfTheLamb/Content/Characters/Mannequins/Textures/Manny/T_Manny_02_D.uexp" 1972
"C:/Users/fury8/OneDrive/Documents/Unreal Projects/EchoOfTheLamb/Content/Characters/Mannequins/Materials/Instances/Manny/MI_Manny_02.uasset" 1973
"C:/Users/fury8/OneDrive/Documents/Unreal Projects/EchoOfTheLamb/Content/Characters/Mannequins/Materials/Instances/Manny/MI_Manny_02.uexp" 1974
"C:/Users/fury8/OneDrive/Documents/Unreal Projects/EchoOfTheLamb/Content/Characters/Mannequins/Meshes/SKM_Manny_Simple.uasset" 1975
"C:/Users/fury8/OneDrive/Documents/Unreal Projects/EchoOfTheLamb/Content/Characters/Mannequins/Meshes/SKM_Manny_Simple.uexp" 1976
"C:/Users/fury8/OneDrive/Documents/Unreal Projects/EchoOfTheLamb/Content/Characters/Mannequins/Rigs/Poses/Manny/Manny_foot_l_anim.uasset" 1977
"C:/Users/fury8/OneDrive/Documents/Unreal Projects/EchoOfTheLamb/Content/Characters/Mannequins/Rigs/Poses/Manny/Manny_foot_l_anim.uexp" 1978
"C:/Users/fury8/OneDrive/Documents/Unreal Projects/EchoOfTheLamb/Content/Characters/Mannequins/Rigs/Poses/Manny/Manny_foot_l_pose.uasset" 1979
"C:/Users/fury8/OneDrive/Documents/Unreal Projects/EchoOfTheLamb/Content/Characters/Mannequins/Rigs/Poses/Manny/Manny_foot_l_pose.uexp" 1980
"C:/Users/fury8/OneDrive/Documents/Unreal Projects/EchoOfTheLamb/Content/Characters/Mannequins/Rigs/Poses/Manny/Manny_thigh_r_anim.uasset" 1981
"C:/Users/fury8/OneDrive/Documents/Unreal Projects/EchoOfTheLamb/Content/Characters/Mannequins/Rigs/Poses/Manny/Manny_thigh_r_anim.uexp" 1982
"C:/Users/fury8/OneDrive/Documents/Unreal Projects/EchoOfTheLamb/Content/Characters/Mannequins/Rigs/Poses/Manny/Manny_thigh_r_pose.uasset" 1983
"C:/Users/fury8/OneDrive/Documents/Unreal Projects/EchoOfTheLamb/Content/Characters/Mannequins/Rigs/Poses/Manny/Manny_thigh_r_pose.uexp" 1984
"C:/Users/fury8/OneDrive/Documents/Unreal Projects/EchoOfTheLamb/Content/Characters/Mannequins/Rigs/Poses/Manny/Manny_hand_r_anim.uasset" 1985
"C:/Users/fury8/OneDrive/Documents/Unreal Projects/EchoOfTheLamb/Content/Characters/Mannequins/Rigs/Poses/Manny/Manny_hand_r_anim.uexp" 1986
"C:/Users/fury8/OneDrive/Documents/Unreal Projects/EchoOfTheLamb/Content/Characters/Mannequins/Rigs/Poses/Manny/Manny_hand_r_pose.uasset" 1987
"C:/Users/fury8/OneDrive/Documents/Unreal Projects/EchoOfTheLamb/Content/Characters/Mannequins/Rigs/Poses/Manny/Manny_hand_r_pose.uexp" 1988
"C:/Users/fury8/OneDrive/Documents/Unreal Projects/EchoOfTheLamb/Content/Characters/Mannequins/Rigs/Poses/Manny/Manny_clavicle_l_anim.uasset" 1989
"C:/Users/fury8/OneDrive/Documents/Unreal Projects/EchoOfTheLamb/Content/Characters/Mannequins/Rigs/Poses/Manny/Manny_clavicle_l_anim.uexp" 1990
"C:/Users/fury8/OneDrive/Documents/Unreal Projects/EchoOfTheLamb/Content/Characters/Mannequins/Rigs/Poses/Manny/Manny_clavicle_l_pose.uasset" 1991
"C:/Users/fury8/OneDrive/Documents/Unreal Projects/EchoOfTheLamb/Content/Characters/Mannequins/Rigs/Poses/Manny/Manny_clavicle_l_pose.uexp" 1992
"C:/Users/fury8/OneDrive/Documents/Unreal Projects/EchoOfTheLamb/Content/Characters/Mannequins/Rigs/Poses/Manny/Manny_calf_l_anim.uasset" 1993
"C:/Users/fury8/OneDrive/Documents/Unreal Projects/EchoOfTheLamb/Content/Characters/Mannequins/Rigs/Poses/Manny/Manny_calf_l_anim.uexp" 1994
"C:/Users/fury8/OneDrive/Documents/Unreal Projects/EchoOfTheLamb/Content/Characters/Mannequins/Rigs/Poses/Manny/Manny_calf_l_pose.uasset" 1995
"C:/Users/fury8/OneDrive/Documents/Unreal Projects/EchoOfTheLamb/Content/Characters/Mannequins/Rigs/Poses/Manny/Manny_calf_l_pose.uexp" 1996
"C:/Users/fury8/OneDrive/Documents/Unreal Projects/EchoOfTheLamb/Content/Characters/Mannequins/Rigs/Poses/Manny/Manny_hand_l_anim.uasset" 1997
"C:/Users/fury8/OneDrive/Documents/Unreal Projects/EchoOfTheLamb/Content/Characters/Mannequins/Rigs/Poses/Manny/Manny_hand_l_anim.uexp" 1998
"C:/Users/fury8/OneDrive/Documents/Unreal Projects/EchoOfTheLamb/Content/Characters/Mannequins/Rigs/Poses/Manny/Manny_hand_l_pose.uasset" 1999
"C:/Users/fury8/OneDrive/Documents/Unreal Projects/EchoOfTheLamb/Content/Characters/Mannequins/Rigs/Poses/Manny/Manny_hand_l_pose.uexp" 2000
"C:/Users/fury8/OneDrive/Documents/Unreal Projects/EchoOfTheLamb/Content/Characters/Mannequins/Rigs/Poses/Manny/Manny_upperarm_r_anim.uasset" 2001
"C:/Users/fury8/OneDrive/Documents/Unreal Projects/EchoOfTheLamb/Content/Characters/Mannequins/Rigs/Poses/Manny/Manny_upperarm_r_anim.uexp" 2002
"C:/Users/fury8/OneDrive/Documents/Unreal Projects/EchoOfTheLamb/Content/Characters/Mannequins/Rigs/Poses/Manny/Manny_upperarm_r_pose.uasset" 2003
"C:/Users/fury8/OneDrive/Documents/Unreal Projects/EchoOfTheLamb/Content/Characters/Mannequins/Rigs/Poses/Manny/Manny_upperarm_r_pose.uexp" 2004
"C:/Users/fury8/OneDrive/Documents/Unreal Projects/EchoOfTheLamb/Content/Characters/Mannequins/Rigs/Poses/Manny/Manny_lowerarm_r_anim.uasset" 2005
"C:/Users/fury8/OneDrive/Documents/Unreal Projects/EchoOfTheLamb/Content/Characters/Mannequins/Rigs/Poses/Manny/Manny_lowerarm_r_anim.uexp" 2006
"C:/Users/fury8/OneDrive/Documents/Unreal Projects/EchoOfTheLamb/Content/Characters/Mannequins/Rigs/Poses/Manny/Manny_lowerarm_r_pose.uasset" 2007
"C:/Users/fury8/OneDrive/Documents/Unreal Projects/EchoOfTheLamb/Content/Characters/Mannequins/Rigs/Poses/Manny/Manny_lowerarm_r_pose.uexp" 2008
"C:/Users/fury8/OneDrive/Documents/Unreal Projects/EchoOfTheLamb/Content/Characters/Mannequins/Rigs/Poses/Manny/Manny_calf_r_anim.uasset" 2009
"C:/Users/fury8/OneDrive/Documents/Unreal Projects/EchoOfTheLamb/Content/Characters/Mannequins/Rigs/Poses/Manny/Manny_calf_r_anim.uexp" 2010
"C:/Users/fury8/OneDrive/Documents/Unreal Projects/EchoOfTheLamb/Content/Characters/Mannequins/Rigs/Poses/Manny/Manny_calf_r_pose.uasset" 2011
"C:/Users/fury8/OneDrive/Documents/Unreal Projects/EchoOfTheLamb/Content/Characters/Mannequins/Rigs/Poses/Manny/Manny_calf_r_pose.uexp" 2012
"C:/Users/fury8/OneDrive/Documents/Unreal Projects/EchoOfTheLamb/Content/Characters/Mannequins/Rigs/Poses/Manny/Manny_foot_r_anim.uasset" 2013
"C:/Users/fury8/OneDrive/Documents/Unreal Projects/EchoOfTheLamb/Content/Characters/Mannequins/Rigs/Poses/Manny/Manny_foot_r_anim.uexp" 2014
"C:/Users/fury8/OneDrive/Documents/Unreal Projects/EchoOfTheLamb/Content/Characters/Mannequins/Rigs/Poses/Manny/Manny_foot_r_pose.uasset" 2015
"C:/Users/fury8/OneDrive/Documents/Unreal Projects/EchoOfTheLamb/Content/Characters/Mannequins/Rigs/Poses/Manny/Manny_foot_r_pose.uexp" 2016
"C:/Users/fury8/OneDrive/Documents/Unreal Projects/EchoOfTheLamb/Content/Characters/Mannequins/Rigs/Poses/Manny/Manny_lowerarm_l_anim.uasset" 2017
"C:/Users/fury8/OneDrive/Documents/Unreal Projects/EchoOfTheLamb/Content/Characters/Mannequins/Rigs/Poses/Manny/Manny_lowerarm_l_anim.uexp" 2018
"C:/Users/fury8/OneDrive/Documents/Unreal Projects/EchoOfTheLamb/Content/Characters/Mannequins/Rigs/Poses/Manny/Manny_lowerarm_l_pose.uasset" 2019
"C:/Users/fury8/OneDrive/Documents/Unreal Projects/EchoOfTheLamb/Content/Characters/Mannequins/Rigs/Poses/Manny/Manny_lowerarm_l_pose.uexp" 2020
"C:/Users/fury8/OneDrive/Documents/Unreal Projects/EchoOfTheLamb/Content/Characters/Mannequins/Rigs/Poses/Manny/Manny_clavicle_r_anim.uasset" 2021
"C:/Users/fury8/OneDrive/Documents/Unreal Projects/EchoOfTheLamb/Content/Characters/Mannequins/Rigs/Poses/Manny/Manny_clavicle_r_anim.uexp" 2022
"C:/Users/fury8/OneDrive/Documents/Unreal Projects/EchoOfTheLamb/Content/Characters/Mannequins/Rigs/Poses/Manny/Manny_clavicle_r_pose.uasset" 2023
"C:/Users/fury8/OneDrive/Documents/Unreal Projects/EchoOfTheLamb/Content/Characters/Mannequins/Rigs/Poses/Manny/Manny_clavicle_r_pose.uexp" 2024
"C:/Users/fury8/OneDrive/Documents/Unreal Projects/EchoOfTheLamb/Content/Characters/Mannequins/Rigs/Poses/Manny/Manny_thigh_l_anim.uasset" 2025
"C:/Users/fury8/OneDrive/Documents/Unreal Projects/EchoOfTheLamb/Content/Characters/Mannequins/Rigs/Poses/Manny/Manny_thigh_l_anim.uexp" 2026
"C:/Users/fury8/OneDrive/Documents/Unreal Projects/EchoOfTheLamb/Content/Characters/Mannequins/Rigs/Poses/Manny/Manny_thigh_l_pose.uasset" 2027
"C:/Users/fury8/OneDrive/Documents/Unreal Projects/EchoOfTheLamb/Content/Characters/Mannequins/Rigs/Poses/Manny/Manny_thigh_l_pose.uexp" 2028
"C:/Users/fury8/OneDrive/Documents/Unreal Projects/EchoOfTheLamb/Content/Characters/Mannequins/Rigs/Poses/Manny/Manny_upperarm_l_anim.uasset" 2029
"C:/Users/fury8/OneDrive/Documents/Unreal Projects/EchoOfTheLamb/Content/Characters/Mannequins/Rigs/Poses/Manny/Manny_upperarm_l_anim.uexp" 2030
"C:/Users/fury8/OneDrive/Documents/Unreal Projects/EchoOfTheLamb/Content/Characters/Mannequins/Rigs/Poses/Manny/Manny_upperarm_l_pose.uasset" 2031
"C:/Users/fury8/OneDrive/Documents/Unreal Projects/EchoOfTheLamb/Content/Characters/Mannequins/Rigs/Poses/Manny/Manny_upperarm_l_pose.uexp" 2032
"C:/Users/fury8/OneDrive/Documents/Unreal Projects/EchoOfTheLamb/Content/Characters/Mannequins/Rigs/ABP_Manny_PostProcess.uasset" 2033
"C:/Users/fury8/OneDrive/Documents/Unreal Projects/EchoOfTheLamb/Content/Characters/Mannequins/Rigs/ABP_Manny_PostProcess.uexp" 2034
"C:/Users/fury8/OneDrive/Documents/Unreal Projects/EchoOfTheLamb/Content/Characters/Mannequins/Meshes/SKM_Manny.uasset" 2035
"C:/Users/fury8/OneDrive/Documents/Unreal Projects/EchoOfTheLamb/Content/Characters/Mannequins/Meshes/SKM_Manny.uexp" 2036
"C:/Users/fury8/OneDrive/Documents/Unreal Projects/EchoOfTheLamb/Content/Characters/Mannequins/Meshes/Mannequin_LODSettings.uasset" 2037
"C:/Users/fury8/OneDrive/Documents/Unreal Projects/EchoOfTheLamb/Content/Characters/Mannequins/Meshes/Mannequin_LODSettings.uexp" 2038
"C:/Users/fury8/OneDrive/Documents/Unreal Projects/EchoOfTheLamb/Content/Characters/Mannequins/Animations/Manny/MM_T_Pose.uasset" 2039
"C:/Users/fury8/OneDrive/Documents/Unreal Projects/EchoOfTheLamb/Content/Characters/Mannequins/Animations/Manny/MM_T_Pose.uexp" 2040
"C:/Users/fury8/OneDrive/Documents/Unreal Projects/EchoOfTheLamb/Content/Procedural_Dungeon/Room/Speedroom/BP_StartRoom.uasset" 2041
"C:/Users/fury8/OneDrive/Documents/Unreal Projects/EchoOfTheLamb/Content/Procedural_Dungeon/Room/Speedroom/BP_StartRoom.uexp" 2042
"C:/Users/fury8/OneDrive/Documents/Unreal Projects/EchoOfTheLamb/Content/Procedural_Dungeon/Room/Speedroom/PointsRooms/BPC_PointsRoom1.uasset" 2043
"C:/Users/fury8/OneDrive/Documents/Unreal Projects/EchoOfTheLamb/Content/Procedural_Dungeon/Room/Speedroom/PointsRooms/BPC_PointsRoom1.uexp" 2044
"C:/Users/fury8/OneDrive/Documents/Unreal Projects/EchoOfTheLamb/Content/Procedural_Dungeon/Room/Speedroom/BP_TourniquetRoom.uasset" 2045
"C:/Users/fury8/OneDrive/Documents/Unreal Projects/EchoOfTheLamb/Content/Procedural_Dungeon/Room/Speedroom/BP_TourniquetRoom.uexp" 2046
"C:/Users/fury8/OneDrive/Documents/Unreal Projects/EchoOfTheLamb/Content/Procedural_Dungeon/Room/Speedroom/BP_Room2.uasset" 2047
"C:/Users/fury8/OneDrive/Documents/Unreal Projects/EchoOfTheLamb/Content/Procedural_Dungeon/Room/Speedroom/BP_Room2.uexp" 2048
"C:/Users/fury8/OneDrive/Documents/Unreal Projects/EchoOfTheLamb/Content/Procedural_Dungeon/Room/Speedroom/BP_IntersectionRoom.uasset" 2049
"C:/Users/fury8/OneDrive/Documents/Unreal Projects/EchoOfTheLamb/Content/Procedural_Dungeon/Room/Speedroom/BP_IntersectionRoom.uexp" 2050
"C:/Users/fury8/OneDrive/Documents/Unreal Projects/EchoOfTheLamb/Content/Procedural_Dungeon/Room/Speedroom/PointsRooms/BPC_PointsRoom4.uasset" 2051
"C:/Users/fury8/OneDrive/Documents/Unreal Projects/EchoOfTheLamb/Content/Procedural_Dungeon/Room/Speedroom/PointsRooms/BPC_PointsRoom4.uexp" 2052
"C:/Users/fury8/OneDrive/Documents/Unreal Projects/EchoOfTheLamb/Content/UI/WBP_LoadingScreen.uasset" 2053
"C:/Users/fury8/OneDrive/Documents/Unreal Projects/EchoOfTheLamb/Content/UI/WBP_LoadingScreen.uexp" 2054
"C:/Users/fury8/OneDrive/Documents/Unreal Projects/EchoOfTheLamb/Content/Procedural_Dungeon/Room/Speedroom/PointsRooms/BPC_PointsRoom3.uasset" 2055
"C:/Users/fury8/OneDrive/Documents/Unreal Projects/EchoOfTheLamb/Content/Procedural_Dungeon/Room/Speedroom/PointsRooms/BPC_PointsRoom3.uexp" 2056
"C:/Users/fury8/OneDrive/Documents/Unreal Projects/EchoOfTheLamb/Content/Gyms/_GENERATED/CustomMesh/Box_60B6EB39.ubulk" 2057
"C:/Users/fury8/OneDrive/Documents/Unreal Projects/EchoOfTheLamb/Content/Gyms/_GENERATED/CustomMesh/Box_60B6EB39.uasset" 2058
"C:/Users/fury8/OneDrive/Documents/Unreal Projects/EchoOfTheLamb/Content/Gyms/_GENERATED/CustomMesh/Box_60B6EB39.uexp" 2059
"C:/Users/fury8/OneDrive/Documents/Unreal Projects/EchoOfTheLamb/Content/Procedural_Dungeon/BP_CloseWall.uasset" 2060
"C:/Users/fury8/OneDrive/Documents/Unreal Projects/EchoOfTheLamb/Content/Procedural_Dungeon/BP_CloseWall.uexp" 2061
"C:/Users/fury8/OneDrive/Documents/Unreal Projects/EchoOfTheLamb/Content/Procedural_Dungeon/Room/Speedroom/BP_Room3.uasset" 2062
"C:/Users/fury8/OneDrive/Documents/Unreal Projects/EchoOfTheLamb/Content/Procedural_Dungeon/Room/Speedroom/BP_Room3.uexp" 2063
"C:/Users/fury8/OneDrive/Documents/Unreal Projects/EchoOfTheLamb/Content/Procedural_Dungeon/Room/Speedroom/BP_RoomTest1.uasset" 2064
"C:/Users/fury8/OneDrive/Documents/Unreal Projects/EchoOfTheLamb/Content/Procedural_Dungeon/Room/Speedroom/BP_RoomTest1.uexp" 2065
"C:/Users/fury8/OneDrive/Documents/Unreal Projects/EchoOfTheLamb/Content/Procedural_Dungeon/Room/Speedroom/ItemRooms/BP_ItemRoom2.uasset" 2066
"C:/Users/fury8/OneDrive/Documents/Unreal Projects/EchoOfTheLamb/Content/Procedural_Dungeon/Room/Speedroom/ItemRooms/BP_ItemRoom2.uexp" 2067
"C:/Users/fury8/OneDrive/Documents/Unreal Projects/EchoOfTheLamb/Content/Procedural_Dungeon/Room/Speedroom/ItemRooms/BP_ItemRoom1.uasset" 2068
"C:/Users/fury8/OneDrive/Documents/Unreal Projects/EchoOfTheLamb/Content/Procedural_Dungeon/Room/Speedroom/ItemRooms/BP_ItemRoom1.uexp" 2069
"C:/Users/fury8/OneDrive/Documents/Unreal Projects/EchoOfTheLamb/Content/Procedural_Dungeon/Room/Speedroom/ItemRooms/BP_ItemRoom.uasset" 2070
"C:/Users/fury8/OneDrive/Documents/Unreal Projects/EchoOfTheLamb/Content/Procedural_Dungeon/Room/Speedroom/ItemRooms/BP_ItemRoom.uexp" 2071
"C:/Users/fury8/OneDrive/Documents/Unreal Projects/EchoOfTheLamb/Content/Procedural_Dungeon/BP_DungeaonGenerator.uasset" 2072
"C:/Users/fury8/OneDrive/Documents/Unreal Projects/EchoOfTheLamb/Content/Procedural_Dungeon/BP_DungeaonGenerator.uexp" 2073
"C:/Users/fury8/OneDrive/Documents/Unreal Projects/EchoOfTheLamb/Content/StarterContent/HDRI/HDRI_Epic_Courtyard_Daylight.uasset" 2074
"C:/Users/fury8/OneDrive/Documents/Unreal Projects/EchoOfTheLamb/Content/StarterContent/HDRI/HDRI_Epic_Courtyard_Daylight.uexp" 2075
"C:/Users/fury8/OneDrive/Documents/Unreal Projects/EchoOfTheLamb/Content/Menus/Picture/kenney_input-prompts/Xbox_Series/Default/xbox_stick_top_r.uasset" 2076
"C:/Users/fury8/OneDrive/Documents/Unreal Projects/EchoOfTheLamb/Content/Menus/Picture/kenney_input-prompts/Xbox_Series/Default/xbox_stick_top_r.uexp" 2077
"C:/Users/fury8/OneDrive/Documents/Unreal Projects/EchoOfTheLamb/Content/Menus/Picture/kenney_input-prompts/Xbox_Series/Default/xbox_stick_top_l.uasset" 2078
"C:/Users/fury8/OneDrive/Documents/Unreal Projects/EchoOfTheLamb/Content/Menus/Picture/kenney_input-prompts/Xbox_Series/Default/xbox_stick_top_l.uexp" 2079
"C:/Users/fury8/OneDrive/Documents/Unreal Projects/EchoOfTheLamb/Content/Menus/Picture/kenney_input-prompts/Xbox_Series/Default/xbox_stick_side_r.uasset" 2080
"C:/Users/fury8/OneDrive/Documents/Unreal Projects/EchoOfTheLamb/Content/Menus/Picture/kenney_input-prompts/Xbox_Series/Default/xbox_stick_side_r.uexp" 2081
"C:/Users/fury8/OneDrive/Documents/Unreal Projects/EchoOfTheLamb/Content/Menus/Picture/kenney_input-prompts/Xbox_Series/Default/xbox_stick_side_l.uasset" 2082
"C:/Users/fury8/OneDrive/Documents/Unreal Projects/EchoOfTheLamb/Content/Menus/Picture/kenney_input-prompts/Xbox_Series/Default/xbox_stick_side_l.uexp" 2083
"C:/Users/fury8/OneDrive/Documents/Unreal Projects/EchoOfTheLamb/Content/Menus/Picture/kenney_input-prompts/Xbox_Series/Default/xbox_stick_r_vertical.uasset" 2084
"C:/Users/fury8/OneDrive/Documents/Unreal Projects/EchoOfTheLamb/Content/Menus/Picture/kenney_input-prompts/Xbox_Series/Default/xbox_stick_r_vertical.uexp" 2085
"C:/Users/fury8/OneDrive/Documents/Unreal Projects/EchoOfTheLamb/Content/Menus/Picture/kenney_input-prompts/Xbox_Series/Default/xbox_stick_r_up.uasset" 2086
"C:/Users/fury8/OneDrive/Documents/Unreal Projects/EchoOfTheLamb/Content/Menus/Picture/kenney_input-prompts/Xbox_Series/Default/xbox_stick_r_up.uexp" 2087
"C:/Users/fury8/OneDrive/Documents/Unreal Projects/EchoOfTheLamb/Content/Menus/Picture/kenney_input-prompts/Xbox_Series/Default/xbox_stick_r_right.uasset" 2088
"C:/Users/fury8/OneDrive/Documents/Unreal Projects/EchoOfTheLamb/Content/Menus/Picture/kenney_input-prompts/Xbox_Series/Default/xbox_stick_r_right.uexp" 2089
"C:/Users/fury8/OneDrive/Documents/Unreal Projects/EchoOfTheLamb/Content/Menus/Picture/kenney_input-prompts/Xbox_Series/Default/xbox_stick_r_press.uasset" 2090
"C:/Users/fury8/OneDrive/Documents/Unreal Projects/EchoOfTheLamb/Content/Menus/Picture/kenney_input-prompts/Xbox_Series/Default/xbox_stick_r_press.uexp" 2091
"C:/Users/fury8/OneDrive/Documents/Unreal Projects/EchoOfTheLamb/Content/Menus/Picture/kenney_input-prompts/Xbox_Series/Default/xbox_stick_r_left.uasset" 2092
"C:/Users/fury8/OneDrive/Documents/Unreal Projects/EchoOfTheLamb/Content/Menus/Picture/kenney_input-prompts/Xbox_Series/Default/xbox_stick_r_left.uexp" 2093
"C:/Users/fury8/OneDrive/Documents/Unreal Projects/EchoOfTheLamb/Content/Menus/Picture/kenney_input-prompts/Xbox_Series/Default/xbox_stick_r_horizontal.uasset" 2094
"C:/Users/fury8/OneDrive/Documents/Unreal Projects/EchoOfTheLamb/Content/Menus/Picture/kenney_input-prompts/Xbox_Series/Default/xbox_stick_r_horizontal.uexp" 2095
"C:/Users/fury8/OneDrive/Documents/Unreal Projects/EchoOfTheLamb/Content/Menus/Picture/kenney_input-prompts/Xbox_Series/Default/xbox_stick_r_down.uasset" 2096
"C:/Users/fury8/OneDrive/Documents/Unreal Projects/EchoOfTheLamb/Content/Menus/Picture/kenney_input-prompts/Xbox_Series/Default/xbox_stick_r_down.uexp" 2097
"C:/Users/fury8/OneDrive/Documents/Unreal Projects/EchoOfTheLamb/Content/Menus/Picture/kenney_input-prompts/Xbox_Series/Default/xbox_stick_r.uasset" 2098
"C:/Users/fury8/OneDrive/Documents/Unreal Projects/EchoOfTheLamb/Content/Menus/Picture/kenney_input-prompts/Xbox_Series/Default/xbox_stick_r.uexp" 2099
"C:/Users/fury8/OneDrive/Documents/Unreal Projects/EchoOfTheLamb/Content/Menus/Picture/kenney_input-prompts/Xbox_Series/Default/xbox_stick_l_up.uasset" 2100
"C:/Users/fury8/OneDrive/Documents/Unreal Projects/EchoOfTheLamb/Content/Menus/Picture/kenney_input-prompts/Xbox_Series/Default/xbox_stick_l_up.uexp" 2101
"C:/Users/fury8/OneDrive/Documents/Unreal Projects/EchoOfTheLamb/Content/Menus/Picture/kenney_input-prompts/Xbox_Series/Default/xbox_stick_l_right.uasset" 2102
"C:/Users/fury8/OneDrive/Documents/Unreal Projects/EchoOfTheLamb/Content/Menus/Picture/kenney_input-prompts/Xbox_Series/Default/xbox_stick_l_right.uexp" 2103
"C:/Users/fury8/OneDrive/Documents/Unreal Projects/EchoOfTheLamb/Content/Menus/Picture/kenney_input-prompts/Xbox_Series/Default/xbox_stick_l_press.uasset" 2104
"C:/Users/fury8/OneDrive/Documents/Unreal Projects/EchoOfTheLamb/Content/Menus/Picture/kenney_input-prompts/Xbox_Series/Default/xbox_stick_l_press.uexp" 2105
"C:/Users/fury8/OneDrive/Documents/Unreal Projects/EchoOfTheLamb/Content/Menus/Picture/kenney_input-prompts/Xbox_Series/Default/xbox_stick_l_left.uasset" 2106
"C:/Users/fury8/OneDrive/Documents/Unreal Projects/EchoOfTheLamb/Content/Menus/Picture/kenney_input-prompts/Xbox_Series/Default/xbox_stick_l_left.uexp" 2107
"C:/Users/fury8/OneDrive/Documents/Unreal Projects/EchoOfTheLamb/Content/Menus/Picture/kenney_input-prompts/Xbox_Series/Default/xbox_stick_l_down.uasset" 2108
"C:/Users/fury8/OneDrive/Documents/Unreal Projects/EchoOfTheLamb/Content/Menus/Picture/kenney_input-prompts/Xbox_Series/Default/xbox_stick_l_down.uexp" 2109
"C:/Users/fury8/OneDrive/Documents/Unreal Projects/EchoOfTheLamb/Content/Menus/Picture/kenney_input-prompts/Xbox_Series/Default/xbox_rt_outline.uasset" 2110
"C:/Users/fury8/OneDrive/Documents/Unreal Projects/EchoOfTheLamb/Content/Menus/Picture/kenney_input-prompts/Xbox_Series/Default/xbox_rt_outline.uexp" 2111
"C:/Users/fury8/OneDrive/Documents/Unreal Projects/EchoOfTheLamb/Content/Menus/Picture/kenney_input-prompts/Xbox_Series/Default/xbox_rs_outline.uasset" 2112
"C:/Users/fury8/OneDrive/Documents/Unreal Projects/EchoOfTheLamb/Content/Menus/Picture/kenney_input-prompts/Xbox_Series/Default/xbox_rs_outline.uexp" 2113
"C:/Users/fury8/OneDrive/Documents/Unreal Projects/EchoOfTheLamb/Content/Menus/Picture/kenney_input-prompts/Xbox_Series/Default/xbox_rb_outline.uasset" 2114
"C:/Users/fury8/OneDrive/Documents/Unreal Projects/EchoOfTheLamb/Content/Menus/Picture/kenney_input-prompts/Xbox_Series/Default/xbox_rb_outline.uexp" 2115
"C:/Users/fury8/OneDrive/Documents/Unreal Projects/EchoOfTheLamb/Content/Menus/Picture/kenney_input-prompts/Xbox_Series/Default/xbox_lt_outline.uasset" 2116
"C:/Users/fury8/OneDrive/Documents/Unreal Projects/EchoOfTheLamb/Content/Menus/Picture/kenney_input-prompts/Xbox_Series/Default/xbox_lt_outline.uexp" 2117
"C:/Users/fury8/OneDrive/Documents/Unreal Projects/EchoOfTheLamb/Content/Menus/Picture/kenney_input-prompts/Xbox_Series/Default/xbox_ls_outline.uasset" 2118
"C:/Users/fury8/OneDrive/Documents/Unreal Projects/EchoOfTheLamb/Content/Menus/Picture/kenney_input-prompts/Xbox_Series/Default/xbox_ls_outline.uexp" 2119
"C:/Users/fury8/OneDrive/Documents/Unreal Projects/EchoOfTheLamb/Content/Menus/Picture/kenney_input-prompts/Xbox_Series/Default/xbox_lb_outline.uasset" 2120
"C:/Users/fury8/OneDrive/Documents/Unreal Projects/EchoOfTheLamb/Content/Menus/Picture/kenney_input-prompts/Xbox_Series/Default/xbox_lb_outline.uexp" 2121
"C:/Users/fury8/OneDrive/Documents/Unreal Projects/EchoOfTheLamb/Content/Menus/Picture/kenney_input-prompts/Xbox_Series/Default/xbox_guide_outline.uasset" 2122
"C:/Users/fury8/OneDrive/Documents/Unreal Projects/EchoOfTheLamb/Content/Menus/Picture/kenney_input-prompts/Xbox_Series/Default/xbox_guide_outline.uexp" 2123
"C:/Users/fury8/OneDrive/Documents/Unreal Projects/EchoOfTheLamb/Content/Menus/Picture/kenney_input-prompts/Xbox_Series/Default/xbox_dpad_up_outline.uasset" 2124
"C:/Users/fury8/OneDrive/Documents/Unreal Projects/EchoOfTheLamb/Content/Menus/Picture/kenney_input-prompts/Xbox_Series/Default/xbox_dpad_up_outline.uexp" 2125
"C:/Users/fury8/OneDrive/Documents/Unreal Projects/EchoOfTheLamb/Content/Menus/Picture/kenney_input-prompts/Xbox_Series/Default/xbox_dpad_up.uasset" 2126
"C:/Users/fury8/OneDrive/Documents/Unreal Projects/EchoOfTheLamb/Content/Menus/Picture/kenney_input-prompts/Xbox_Series/Default/xbox_dpad_up.uexp" 2127
"C:/Users/fury8/OneDrive/Documents/Unreal Projects/EchoOfTheLamb/Content/Menus/Picture/kenney_input-prompts/Xbox_Series/Default/xbox_dpad_round_up.uasset" 2128
"C:/Users/fury8/OneDrive/Documents/Unreal Projects/EchoOfTheLamb/Content/Menus/Picture/kenney_input-prompts/Xbox_Series/Default/xbox_dpad_round_up.uexp" 2129
"C:/Users/fury8/OneDrive/Documents/Unreal Projects/EchoOfTheLamb/Content/Menus/Picture/kenney_input-prompts/Xbox_Series/Default/xbox_dpad_round_right.uasset" 2130
"C:/Users/fury8/OneDrive/Documents/Unreal Projects/EchoOfTheLamb/Content/Menus/Picture/kenney_input-prompts/Xbox_Series/Default/xbox_dpad_round_right.uexp" 2131
"C:/Users/fury8/OneDrive/Documents/Unreal Projects/EchoOfTheLamb/Content/Menus/Picture/kenney_input-prompts/Xbox_Series/Default/xbox_dpad_round_left.uasset" 2132
"C:/Users/fury8/OneDrive/Documents/Unreal Projects/EchoOfTheLamb/Content/Menus/Picture/kenney_input-prompts/Xbox_Series/Default/xbox_dpad_round_left.uexp" 2133
"C:/Users/fury8/OneDrive/Documents/Unreal Projects/EchoOfTheLamb/Content/Menus/Picture/kenney_input-prompts/Xbox_Series/Default/xbox_dpad_round_down.uasset" 2134
"C:/Users/fury8/OneDrive/Documents/Unreal Projects/EchoOfTheLamb/Content/Menus/Picture/kenney_input-prompts/Xbox_Series/Default/xbox_dpad_round_down.uexp" 2135
"C:/Users/fury8/OneDrive/Documents/Unreal Projects/EchoOfTheLamb/Content/Menus/Picture/kenney_input-prompts/Xbox_Series/Default/xbox_dpad_right_outline.uasset" 2136
"C:/Users/fury8/OneDrive/Documents/Unreal Projects/EchoOfTheLamb/Content/Menus/Picture/kenney_input-prompts/Xbox_Series/Default/xbox_dpad_right_outline.uexp" 2137
"C:/Users/fury8/OneDrive/Documents/Unreal Projects/EchoOfTheLamb/Content/Menus/Picture/kenney_input-prompts/Xbox_Series/Default/xbox_dpad_right.uasset" 2138
"C:/Users/fury8/OneDrive/Documents/Unreal Projects/EchoOfTheLamb/Content/Menus/Picture/kenney_input-prompts/Xbox_Series/Default/xbox_dpad_right.uexp" 2139
"C:/Users/fury8/OneDrive/Documents/Unreal Projects/EchoOfTheLamb/Content/Menus/Picture/kenney_input-prompts/Xbox_Series/Default/xbox_dpad_left_outline.uasset" 2140
"C:/Users/fury8/OneDrive/Documents/Unreal Projects/EchoOfTheLamb/Content/Menus/Picture/kenney_input-prompts/Xbox_Series/Default/xbox_dpad_left_outline.uexp" 2141
"C:/Users/fury8/OneDrive/Documents/Unreal Projects/EchoOfTheLamb/Content/Menus/Picture/kenney_input-prompts/Xbox_Series/Default/xbox_dpad_left.uasset" 2142
"C:/Users/fury8/OneDrive/Documents/Unreal Projects/EchoOfTheLamb/Content/Menus/Picture/kenney_input-prompts/Xbox_Series/Default/xbox_dpad_left.uexp" 2143
"C:/Users/fury8/OneDrive/Documents/Unreal Projects/EchoOfTheLamb/Content/Menus/Picture/kenney_input-prompts/Xbox_Series/Default/xbox_dpad_down_outline.uasset" 2144
"C:/Users/fury8/OneDrive/Documents/Unreal Projects/EchoOfTheLamb/Content/Menus/Picture/kenney_input-prompts/Xbox_Series/Default/xbox_dpad_down_outline.uexp" 2145
"C:/Users/fury8/OneDrive/Documents/Unreal Projects/EchoOfTheLamb/Content/Menus/Picture/kenney_input-prompts/Xbox_Series/Default/xbox_dpad_down.uasset" 2146
"C:/Users/fury8/OneDrive/Documents/Unreal Projects/EchoOfTheLamb/Content/Menus/Picture/kenney_input-prompts/Xbox_Series/Default/xbox_dpad_down.uexp" 2147
"C:/Users/fury8/OneDrive/Documents/Unreal Projects/EchoOfTheLamb/Content/Menus/Picture/kenney_input-prompts/Xbox_Series/Default/xbox_button_y_outline.uasset" 2148
"C:/Users/fury8/OneDrive/Documents/Unreal Projects/EchoOfTheLamb/Content/Menus/Picture/kenney_input-prompts/Xbox_Series/Default/xbox_button_y_outline.uexp" 2149
"C:/Users/fury8/OneDrive/Documents/Unreal Projects/EchoOfTheLamb/Content/Menus/Picture/kenney_input-prompts/Xbox_Series/Default/xbox_button_x_outline.uasset" 2150
"C:/Users/fury8/OneDrive/Documents/Unreal Projects/EchoOfTheLamb/Content/Menus/Picture/kenney_input-prompts/Xbox_Series/Default/xbox_button_x_outline.uexp" 2151
"C:/Users/fury8/OneDrive/Documents/Unreal Projects/EchoOfTheLamb/Content/Menus/Picture/kenney_input-prompts/Xbox_Series/Default/xbox_button_view_outline.uasset" 2152
"C:/Users/fury8/OneDrive/Documents/Unreal Projects/EchoOfTheLamb/Content/Menus/Picture/kenney_input-prompts/Xbox_Series/Default/xbox_button_view_outline.uexp" 2153
"C:/Users/fury8/OneDrive/Documents/Unreal Projects/EchoOfTheLamb/Content/Menus/Picture/kenney_input-prompts/Xbox_Series/Default/xbox_button_start_outline.uasset" 2154
"C:/Users/fury8/OneDrive/Documents/Unreal Projects/EchoOfTheLamb/Content/Menus/Picture/kenney_input-prompts/Xbox_Series/Default/xbox_button_start_outline.uexp" 2155
"C:/Users/fury8/OneDrive/Documents/Unreal Projects/EchoOfTheLamb/Content/Menus/Picture/kenney_input-prompts/Xbox_Series/Default/xbox_button_start_icon_outline.uasset" 2156
"C:/Users/fury8/OneDrive/Documents/Unreal Projects/EchoOfTheLamb/Content/Menus/Picture/kenney_input-prompts/Xbox_Series/Default/xbox_button_start_icon_outline.uexp" 2157
"C:/Users/fury8/OneDrive/Documents/Unreal Projects/EchoOfTheLamb/Content/Menus/Picture/kenney_input-prompts/Xbox_Series/Default/xbox_button_share_outline.uasset" 2158
"C:/Users/fury8/OneDrive/Documents/Unreal Projects/EchoOfTheLamb/Content/Menus/Picture/kenney_input-prompts/Xbox_Series/Default/xbox_button_share_outline.uexp" 2159
"C:/Users/fury8/OneDrive/Documents/Unreal Projects/EchoOfTheLamb/Content/Menus/Picture/kenney_input-prompts/Xbox_Series/Default/xbox_button_menu_outline.uasset" 2160
"C:/Users/fury8/OneDrive/Documents/Unreal Projects/EchoOfTheLamb/Content/Menus/Picture/kenney_input-prompts/Xbox_Series/Default/xbox_button_menu_outline.uexp" 2161
"C:/Users/fury8/OneDrive/Documents/Unreal Projects/EchoOfTheLamb/Content/Menus/Picture/kenney_input-prompts/Xbox_Series/Default/xbox_button_color_y_outline.uasset" 2162
"C:/Users/fury8/OneDrive/Documents/Unreal Projects/EchoOfTheLamb/Content/Menus/Picture/kenney_input-prompts/Xbox_Series/Default/xbox_button_color_y_outline.uexp" 2163
"C:/Users/fury8/OneDrive/Documents/Unreal Projects/EchoOfTheLamb/Content/Menus/Picture/kenney_input-prompts/Xbox_Series/Default/xbox_button_color_y.uasset" 2164
"C:/Users/fury8/OneDrive/Documents/Unreal Projects/EchoOfTheLamb/Content/Menus/Picture/kenney_input-prompts/Xbox_Series/Default/xbox_button_color_y.uexp" 2165
"C:/Users/fury8/OneDrive/Documents/Unreal Projects/EchoOfTheLamb/Content/Menus/Picture/kenney_input-prompts/Xbox_Series/Default/xbox_button_color_x_outline.uasset" 2166
"C:/Users/fury8/OneDrive/Documents/Unreal Projects/EchoOfTheLamb/Content/Menus/Picture/kenney_input-prompts/Xbox_Series/Default/xbox_button_color_x_outline.uexp" 2167
"C:/Users/fury8/OneDrive/Documents/Unreal Projects/EchoOfTheLamb/Content/Menus/Picture/kenney_input-prompts/Xbox_Series/Default/xbox_button_color_x.uasset" 2168
"C:/Users/fury8/OneDrive/Documents/Unreal Projects/EchoOfTheLamb/Content/Menus/Picture/kenney_input-prompts/Xbox_Series/Default/xbox_button_color_x.uexp" 2169
"C:/Users/fury8/OneDrive/Documents/Unreal Projects/EchoOfTheLamb/Content/Menus/Picture/kenney_input-prompts/Xbox_Series/Default/xbox_button_color_b_outline.uasset" 2170
"C:/Users/fury8/OneDrive/Documents/Unreal Projects/EchoOfTheLamb/Content/Menus/Picture/kenney_input-prompts/Xbox_Series/Default/xbox_button_color_b_outline.uexp" 2171
"C:/Users/fury8/OneDrive/Documents/Unreal Projects/EchoOfTheLamb/Content/Menus/Picture/kenney_input-prompts/Xbox_Series/Default/xbox_button_color_b.uasset" 2172
"C:/Users/fury8/OneDrive/Documents/Unreal Projects/EchoOfTheLamb/Content/Menus/Picture/kenney_input-prompts/Xbox_Series/Default/xbox_button_color_b.uexp" 2173
"C:/Users/fury8/OneDrive/Documents/Unreal Projects/EchoOfTheLamb/Content/Menus/Picture/kenney_input-prompts/Xbox_Series/Default/xbox_button_color_a_outline.uasset" 2174
"C:/Users/fury8/OneDrive/Documents/Unreal Projects/EchoOfTheLamb/Content/Menus/Picture/kenney_input-prompts/Xbox_Series/Default/xbox_button_color_a_outline.uexp" 2175
"C:/Users/fury8/OneDrive/Documents/Unreal Projects/EchoOfTheLamb/Content/Menus/Picture/kenney_input-prompts/Xbox_Series/Default/xbox_button_color_a.uasset" 2176
"C:/Users/fury8/OneDrive/Documents/Unreal Projects/EchoOfTheLamb/Content/Menus/Picture/kenney_input-prompts/Xbox_Series/Default/xbox_button_color_a.uexp" 2177
"C:/Users/fury8/OneDrive/Documents/Unreal Projects/EchoOfTheLamb/Content/Menus/Picture/kenney_input-prompts/Xbox_Series/Default/xbox_button_b_outline.uasset" 2178
"C:/Users/fury8/OneDrive/Documents/Unreal Projects/EchoOfTheLamb/Content/Menus/Picture/kenney_input-prompts/Xbox_Series/Default/xbox_button_b_outline.uexp" 2179
"C:/Users/fury8/OneDrive/Documents/Unreal Projects/EchoOfTheLamb/Content/Menus/Picture/kenney_input-prompts/Xbox_Series/Default/xbox_button_back_outline.uasset" 2180
"C:/Users/fury8/OneDrive/Documents/Unreal Projects/EchoOfTheLamb/Content/Menus/Picture/kenney_input-prompts/Xbox_Series/Default/xbox_button_back_outline.uexp" 2181
"C:/Users/fury8/OneDrive/Documents/Unreal Projects/EchoOfTheLamb/Content/Menus/Picture/kenney_input-prompts/Xbox_Series/Default/xbox_button_back_icon_outline.uasset" 2182
"C:/Users/fury8/OneDrive/Documents/Unreal Projects/EchoOfTheLamb/Content/Menus/Picture/kenney_input-prompts/Xbox_Series/Default/xbox_button_back_icon_outline.uexp" 2183
"C:/Users/fury8/OneDrive/Documents/Unreal Projects/EchoOfTheLamb/Content/Menus/Picture/kenney_input-prompts/Xbox_Series/Default/xbox_button_a_outline.uasset" 2184
"C:/Users/fury8/OneDrive/Documents/Unreal Projects/EchoOfTheLamb/Content/Menus/Picture/kenney_input-prompts/Xbox_Series/Default/xbox_button_a_outline.uexp" 2185
"C:/Users/fury8/OneDrive/Documents/Unreal Projects/EchoOfTheLamb/Content/Menus/Picture/kenney_input-prompts/PlayStation_Series/Default/playstation_trigger_r2_outline.uasset" 2186
"C:/Users/fury8/OneDrive/Documents/Unreal Projects/EchoOfTheLamb/Content/Menus/Picture/kenney_input-prompts/PlayStation_Series/Default/playstation_trigger_r2_outline.uexp" 2187
"C:/Users/fury8/OneDrive/Documents/Unreal Projects/EchoOfTheLamb/Content/Menus/Picture/kenney_input-prompts/PlayStation_Series/Default/playstation_trigger_r2_alternative_outline.uasset" 2188
"C:/Users/fury8/OneDrive/Documents/Unreal Projects/EchoOfTheLamb/Content/Menus/Picture/kenney_input-prompts/PlayStation_Series/Default/playstation_trigger_r2_alternative_outline.uexp" 2189
"C:/Users/fury8/OneDrive/Documents/Unreal Projects/EchoOfTheLamb/Content/Menus/Picture/kenney_input-prompts/PlayStation_Series/Default/playstation_trigger_r2_alternative.uasset" 2190
"C:/Users/fury8/OneDrive/Documents/Unreal Projects/EchoOfTheLamb/Content/Menus/Picture/kenney_input-prompts/PlayStation_Series/Default/playstation_trigger_r2_alternative.uexp" 2191
"C:/Users/fury8/OneDrive/Documents/Unreal Projects/EchoOfTheLamb/Content/Menus/Picture/kenney_input-prompts/PlayStation_Series/Default/playstation_trigger_r2.uasset" 2192
"C:/Users/fury8/OneDrive/Documents/Unreal Projects/EchoOfTheLamb/Content/Menus/Picture/kenney_input-prompts/PlayStation_Series/Default/playstation_trigger_r2.uexp" 2193
"C:/Users/fury8/OneDrive/Documents/Unreal Projects/EchoOfTheLamb/Content/Menus/Picture/kenney_input-prompts/PlayStation_Series/Default/playstation_trigger_r1_outline.uasset" 2194
"C:/Users/fury8/OneDrive/Documents/Unreal Projects/EchoOfTheLamb/Content/Menus/Picture/kenney_input-prompts/PlayStation_Series/Default/playstation_trigger_r1_outline.uexp" 2195
"C:/Users/fury8/OneDrive/Documents/Unreal Projects/EchoOfTheLamb/Content/Menus/Picture/kenney_input-prompts/PlayStation_Series/Default/playstation_trigger_r1_alternative_outline.uasset" 2196
"C:/Users/fury8/OneDrive/Documents/Unreal Projects/EchoOfTheLamb/Content/Menus/Picture/kenney_input-prompts/PlayStation_Series/Default/playstation_trigger_r1_alternative_outline.uexp" 2197
"C:/Users/fury8/OneDrive/Documents/Unreal Projects/EchoOfTheLamb/Content/Menus/Picture/kenney_input-prompts/PlayStation_Series/Default/playstation_trigger_r1_alternative.uasset" 2198
"C:/Users/fury8/OneDrive/Documents/Unreal Projects/EchoOfTheLamb/Content/Menus/Picture/kenney_input-prompts/PlayStation_Series/Default/playstation_trigger_r1_alternative.uexp" 2199
"C:/Users/fury8/OneDrive/Documents/Unreal Projects/EchoOfTheLamb/Content/Menus/Picture/kenney_input-prompts/PlayStation_Series/Default/playstation_trigger_r1.uasset" 2200
"C:/Users/fury8/OneDrive/Documents/Unreal Projects/EchoOfTheLamb/Content/Menus/Picture/kenney_input-prompts/PlayStation_Series/Default/playstation_trigger_r1.uexp" 2201
"C:/Users/fury8/OneDrive/Documents/Unreal Projects/EchoOfTheLamb/Content/Menus/Picture/kenney_input-prompts/PlayStation_Series/Default/playstation_trigger_l2_outline.uasset" 2202
"C:/Users/fury8/OneDrive/Documents/Unreal Projects/EchoOfTheLamb/Content/Menus/Picture/kenney_input-prompts/PlayStation_Series/Default/playstation_trigger_l2_outline.uexp" 2203
"C:/Users/fury8/OneDrive/Documents/Unreal Projects/EchoOfTheLamb/Content/Menus/Picture/kenney_input-prompts/PlayStation_Series/Default/playstation_trigger_l2_alternative_outline.uasset" 2204
"C:/Users/fury8/OneDrive/Documents/Unreal Projects/EchoOfTheLamb/Content/Menus/Picture/kenney_input-prompts/PlayStation_Series/Default/playstation_trigger_l2_alternative_outline.uexp" 2205
"C:/Users/fury8/OneDrive/Documents/Unreal Projects/EchoOfTheLamb/Content/Menus/Picture/kenney_input-prompts/PlayStation_Series/Default/playstation_trigger_l2_alternative.uasset" 2206
"C:/Users/fury8/OneDrive/Documents/Unreal Projects/EchoOfTheLamb/Content/Menus/Picture/kenney_input-prompts/PlayStation_Series/Default/playstation_trigger_l2_alternative.uexp" 2207
"C:/Users/fury8/OneDrive/Documents/Unreal Projects/EchoOfTheLamb/Content/Menus/Picture/kenney_input-prompts/PlayStation_Series/Default/playstation_trigger_l2.uasset" 2208
"C:/Users/fury8/OneDrive/Documents/Unreal Projects/EchoOfTheLamb/Content/Menus/Picture/kenney_input-prompts/PlayStation_Series/Default/playstation_trigger_l2.uexp" 2209
"C:/Users/fury8/OneDrive/Documents/Unreal Projects/EchoOfTheLamb/Content/Menus/Picture/kenney_input-prompts/PlayStation_Series/Default/playstation_trigger_l1_outline.uasset" 2210
"C:/Users/fury8/OneDrive/Documents/Unreal Projects/EchoOfTheLamb/Content/Menus/Picture/kenney_input-prompts/PlayStation_Series/Default/playstation_trigger_l1_outline.uexp" 2211
"C:/Users/fury8/OneDrive/Documents/Unreal Projects/EchoOfTheLamb/Content/Menus/Picture/kenney_input-prompts/PlayStation_Series/Default/playstation_trigger_l1_alternative_outline.uasset" 2212
"C:/Users/fury8/OneDrive/Documents/Unreal Projects/EchoOfTheLamb/Content/Menus/Picture/kenney_input-prompts/PlayStation_Series/Default/playstation_trigger_l1_alternative_outline.uexp" 2213
"C:/Users/fury8/OneDrive/Documents/Unreal Projects/EchoOfTheLamb/Content/Menus/Picture/kenney_input-prompts/PlayStation_Series/Default/playstation_trigger_l1_alternative.uasset" 2214
"C:/Users/fury8/OneDrive/Documents/Unreal Projects/EchoOfTheLamb/Content/Menus/Picture/kenney_input-prompts/PlayStation_Series/Default/playstation_trigger_l1_alternative.uexp" 2215
"C:/Users/fury8/OneDrive/Documents/Unreal Projects/EchoOfTheLamb/Content/Menus/Picture/kenney_input-prompts/PlayStation_Series/Default/playstation_trigger_l1.uasset" 2216
"C:/Users/fury8/OneDrive/Documents/Unreal Projects/EchoOfTheLamb/Content/Menus/Picture/kenney_input-prompts/PlayStation_Series/Default/playstation_trigger_l1.uexp" 2217
"C:/Users/fury8/OneDrive/Documents/Unreal Projects/EchoOfTheLamb/Content/Menus/Picture/kenney_input-prompts/PlayStation_Series/Default/playstation_stick_top_r.uasset" 2218
"C:/Users/fury8/OneDrive/Documents/Unreal Projects/EchoOfTheLamb/Content/Menus/Picture/kenney_input-prompts/PlayStation_Series/Default/playstation_stick_top_r.uexp" 2219
"C:/Users/fury8/OneDrive/Documents/Unreal Projects/EchoOfTheLamb/Content/Menus/Picture/kenney_input-prompts/PlayStation_Series/Default/playstation_stick_top_l.uasset" 2220
"C:/Users/fury8/OneDrive/Documents/Unreal Projects/EchoOfTheLamb/Content/Menus/Picture/kenney_input-prompts/PlayStation_Series/Default/playstation_stick_top_l.uexp" 2221
"C:/Users/fury8/OneDrive/Documents/Unreal Projects/EchoOfTheLamb/Content/Menus/Picture/kenney_input-prompts/PlayStation_Series/Default/playstation_stick_side_r.uasset" 2222
"C:/Users/fury8/OneDrive/Documents/Unreal Projects/EchoOfTheLamb/Content/Menus/Picture/kenney_input-prompts/PlayStation_Series/Default/playstation_stick_side_r.uexp" 2223
"C:/Users/fury8/OneDrive/Documents/Unreal Projects/EchoOfTheLamb/Content/Menus/Picture/kenney_input-prompts/PlayStation_Series/Default/playstation_stick_side_l.uasset" 2224
"C:/Users/fury8/OneDrive/Documents/Unreal Projects/EchoOfTheLamb/Content/Menus/Picture/kenney_input-prompts/PlayStation_Series/Default/playstation_stick_side_l.uexp" 2225
"C:/Users/fury8/OneDrive/Documents/Unreal Projects/EchoOfTheLamb/Content/Menus/Picture/kenney_input-prompts/PlayStation_Series/Default/playstation_stick_r_vertical.uasset" 2226
"C:/Users/fury8/OneDrive/Documents/Unreal Projects/EchoOfTheLamb/Content/Menus/Picture/kenney_input-prompts/PlayStation_Series/Default/playstation_stick_r_vertical.uexp" 2227
"C:/Users/fury8/OneDrive/Documents/Unreal Projects/EchoOfTheLamb/Content/Menus/Picture/kenney_input-prompts/PlayStation_Series/Default/playstation_stick_r_up.uasset" 2228
"C:/Users/fury8/OneDrive/Documents/Unreal Projects/EchoOfTheLamb/Content/Menus/Picture/kenney_input-prompts/PlayStation_Series/Default/playstation_stick_r_up.uexp" 2229
"C:/Users/fury8/OneDrive/Documents/Unreal Projects/EchoOfTheLamb/Content/Menus/Picture/kenney_input-prompts/PlayStation_Series/Default/playstation_stick_r_right.uasset" 2230
"C:/Users/fury8/OneDrive/Documents/Unreal Projects/EchoOfTheLamb/Content/Menus/Picture/kenney_input-prompts/PlayStation_Series/Default/playstation_stick_r_right.uexp" 2231
"C:/Users/fury8/OneDrive/Documents/Unreal Projects/EchoOfTheLamb/Content/Menus/Picture/kenney_input-prompts/PlayStation_Series/Default/playstation_stick_r_press.uasset" 2232
"C:/Users/fury8/OneDrive/Documents/Unreal Projects/EchoOfTheLamb/Content/Menus/Picture/kenney_input-prompts/PlayStation_Series/Default/playstation_stick_r_press.uexp" 2233
"C:/Users/fury8/OneDrive/Documents/Unreal Projects/EchoOfTheLamb/Content/Menus/Picture/kenney_input-prompts/PlayStation_Series/Default/playstation_stick_r_left.uasset" 2234
"C:/Users/fury8/OneDrive/Documents/Unreal Projects/EchoOfTheLamb/Content/Menus/Picture/kenney_input-prompts/PlayStation_Series/Default/playstation_stick_r_left.uexp" 2235
"C:/Users/fury8/OneDrive/Documents/Unreal Projects/EchoOfTheLamb/Content/Menus/Picture/kenney_input-prompts/PlayStation_Series/Default/playstation_stick_r_horizontal.uasset" 2236
"C:/Users/fury8/OneDrive/Documents/Unreal Projects/EchoOfTheLamb/Content/Menus/Picture/kenney_input-prompts/PlayStation_Series/Default/playstation_stick_r_horizontal.uexp" 2237
"C:/Users/fury8/OneDrive/Documents/Unreal Projects/EchoOfTheLamb/Content/Menus/Picture/kenney_input-prompts/PlayStation_Series/Default/playstation_stick_r_down.uasset" 2238
"C:/Users/fury8/OneDrive/Documents/Unreal Projects/EchoOfTheLamb/Content/Menus/Picture/kenney_input-prompts/PlayStation_Series/Default/playstation_stick_r_down.uexp" 2239
"C:/Users/fury8/OneDrive/Documents/Unreal Projects/EchoOfTheLamb/Content/Menus/Picture/kenney_input-prompts/PlayStation_Series/Default/playstation_stick_r.uasset" 2240
"C:/Users/fury8/OneDrive/Documents/Unreal Projects/EchoOfTheLamb/Content/Menus/Picture/kenney_input-prompts/PlayStation_Series/Default/playstation_stick_r.uexp" 2241
"C:/Users/fury8/OneDrive/Documents/Unreal Projects/EchoOfTheLamb/Content/Menus/Picture/kenney_input-prompts/PlayStation_Series/Default/playstation_stick_l_vertical.uasset" 2242
"C:/Users/fury8/OneDrive/Documents/Unreal Projects/EchoOfTheLamb/Content/Menus/Picture/kenney_input-prompts/PlayStation_Series/Default/playstation_stick_l_vertical.uexp" 2243
"C:/Users/fury8/OneDrive/Documents/Unreal Projects/EchoOfTheLamb/Content/Menus/Picture/kenney_input-prompts/PlayStation_Series/Default/playstation_stick_l_up.uasset" 2244
"C:/Users/fury8/OneDrive/Documents/Unreal Projects/EchoOfTheLamb/Content/Menus/Picture/kenney_input-prompts/PlayStation_Series/Default/playstation_stick_l_up.uexp" 2245
"C:/Users/fury8/OneDrive/Documents/Unreal Projects/EchoOfTheLamb/Content/Menus/Picture/kenney_input-prompts/PlayStation_Series/Default/playstation_stick_l_right.uasset" 2246
"C:/Users/fury8/OneDrive/Documents/Unreal Projects/EchoOfTheLamb/Content/Menus/Picture/kenney_input-prompts/PlayStation_Series/Default/playstation_stick_l_right.uexp" 2247
"C:/Users/fury8/OneDrive/Documents/Unreal Projects/EchoOfTheLamb/Content/Menus/Picture/kenney_input-prompts/PlayStation_Series/Default/playstation_stick_l_press.uasset" 2248
"C:/Users/fury8/OneDrive/Documents/Unreal Projects/EchoOfTheLamb/Content/Menus/Picture/kenney_input-prompts/PlayStation_Series/Default/playstation_stick_l_press.uexp" 2249
"C:/Users/fury8/OneDrive/Documents/Unreal Projects/EchoOfTheLamb/Content/Menus/Picture/kenney_input-prompts/PlayStation_Series/Default/playstation_stick_l_left.uasset" 2250
"C:/Users/fury8/OneDrive/Documents/Unreal Projects/EchoOfTheLamb/Content/Menus/Picture/kenney_input-prompts/PlayStation_Series/Default/playstation_stick_l_left.uexp" 2251
"C:/Users/fury8/OneDrive/Documents/Unreal Projects/EchoOfTheLamb/Content/Menus/Picture/kenney_input-prompts/PlayStation_Series/Default/playstation_stick_l_horizontal.uasset" 2252
"C:/Users/fury8/OneDrive/Documents/Unreal Projects/EchoOfTheLamb/Content/Menus/Picture/kenney_input-prompts/PlayStation_Series/Default/playstation_stick_l_horizontal.uexp" 2253
"C:/Users/fury8/OneDrive/Documents/Unreal Projects/EchoOfTheLamb/Content/Menus/Picture/kenney_input-prompts/PlayStation_Series/Default/playstation_stick_l_down.uasset" 2254
"C:/Users/fury8/OneDrive/Documents/Unreal Projects/EchoOfTheLamb/Content/Menus/Picture/kenney_input-prompts/PlayStation_Series/Default/playstation_stick_l_down.uexp" 2255
"C:/Users/fury8/OneDrive/Documents/Unreal Projects/EchoOfTheLamb/Content/Menus/Picture/kenney_input-prompts/PlayStation_Series/Default/playstation_stick_l.uasset" 2256
"C:/Users/fury8/OneDrive/Documents/Unreal Projects/EchoOfTheLamb/Content/Menus/Picture/kenney_input-prompts/PlayStation_Series/Default/playstation_stick_l.uexp" 2257
"C:/Users/fury8/OneDrive/Documents/Unreal Projects/EchoOfTheLamb/Content/Menus/Picture/kenney_input-prompts/PlayStation_Series/Default/playstation_dpad_vertical_outline.uasset" 2258
"C:/Users/fury8/OneDrive/Documents/Unreal Projects/EchoOfTheLamb/Content/Menus/Picture/kenney_input-prompts/PlayStation_Series/Default/playstation_dpad_vertical_outline.uexp" 2259
"C:/Users/fury8/OneDrive/Documents/Unreal Projects/EchoOfTheLamb/Content/Menus/Picture/kenney_input-prompts/PlayStation_Series/Default/playstation_dpad_vertical.uasset" 2260
"C:/Users/fury8/OneDrive/Documents/Unreal Projects/EchoOfTheLamb/Content/Menus/Picture/kenney_input-prompts/PlayStation_Series/Default/playstation_dpad_vertical.uexp" 2261
"C:/Users/fury8/OneDrive/Documents/Unreal Projects/EchoOfTheLamb/Content/Menus/Picture/kenney_input-prompts/PlayStation_Series/Default/playstation_dpad_up_outline.uasset" 2262
"C:/Users/fury8/OneDrive/Documents/Unreal Projects/EchoOfTheLamb/Content/Menus/Picture/kenney_input-prompts/PlayStation_Series/Default/playstation_dpad_up_outline.uexp" 2263
"C:/Users/fury8/OneDrive/Documents/Unreal Projects/EchoOfTheLamb/Content/Menus/Picture/kenney_input-prompts/PlayStation_Series/Default/playstation_dpad_up.uasset" 2264
"C:/Users/fury8/OneDrive/Documents/Unreal Projects/EchoOfTheLamb/Content/Menus/Picture/kenney_input-prompts/PlayStation_Series/Default/playstation_dpad_up.uexp" 2265
"C:/Users/fury8/OneDrive/Documents/Unreal Projects/EchoOfTheLamb/Content/Menus/Picture/kenney_input-prompts/PlayStation_Series/Default/playstation_dpad_right_outline.uasset" 2266
"C:/Users/fury8/OneDrive/Documents/Unreal Projects/EchoOfTheLamb/Content/Menus/Picture/kenney_input-prompts/PlayStation_Series/Default/playstation_dpad_right_outline.uexp" 2267
"C:/Users/fury8/OneDrive/Documents/Unreal Projects/EchoOfTheLamb/Content/Menus/Picture/kenney_input-prompts/PlayStation_Series/Default/playstation_dpad_right.uasset" 2268
"C:/Users/fury8/OneDrive/Documents/Unreal Projects/EchoOfTheLamb/Content/Menus/Picture/kenney_input-prompts/PlayStation_Series/Default/playstation_dpad_right.uexp" 2269
"C:/Users/fury8/OneDrive/Documents/Unreal Projects/EchoOfTheLamb/Content/Menus/Picture/kenney_input-prompts/PlayStation_Series/Default/playstation_dpad_none.uasset" 2270
"C:/Users/fury8/OneDrive/Documents/Unreal Projects/EchoOfTheLamb/Content/Menus/Picture/kenney_input-prompts/PlayStation_Series/Default/playstation_dpad_none.uexp" 2271
"C:/Users/fury8/OneDrive/Documents/Unreal Projects/EchoOfTheLamb/Content/Menus/Picture/kenney_input-prompts/PlayStation_Series/Default/playstation_dpad_left_outline.uasset" 2272
"C:/Users/fury8/OneDrive/Documents/Unreal Projects/EchoOfTheLamb/Content/Menus/Picture/kenney_input-prompts/PlayStation_Series/Default/playstation_dpad_left_outline.uexp" 2273
"C:/Users/fury8/OneDrive/Documents/Unreal Projects/EchoOfTheLamb/Content/Menus/Picture/kenney_input-prompts/PlayStation_Series/Default/playstation_dpad_left.uasset" 2274
"C:/Users/fury8/OneDrive/Documents/Unreal Projects/EchoOfTheLamb/Content/Menus/Picture/kenney_input-prompts/PlayStation_Series/Default/playstation_dpad_left.uexp" 2275
"C:/Users/fury8/OneDrive/Documents/Unreal Projects/EchoOfTheLamb/Content/Menus/Picture/kenney_input-prompts/PlayStation_Series/Default/playstation_dpad_horizontal_outline.uasset" 2276
"C:/Users/fury8/OneDrive/Documents/Unreal Projects/EchoOfTheLamb/Content/Menus/Picture/kenney_input-prompts/PlayStation_Series/Default/playstation_dpad_horizontal_outline.uexp" 2277
"C:/Users/fury8/OneDrive/Documents/Unreal Projects/EchoOfTheLamb/Content/Menus/Picture/kenney_input-prompts/PlayStation_Series/Default/playstation_dpad_horizontal.uasset" 2278
"C:/Users/fury8/OneDrive/Documents/Unreal Projects/EchoOfTheLamb/Content/Menus/Picture/kenney_input-prompts/PlayStation_Series/Default/playstation_dpad_horizontal.uexp" 2279
"C:/Users/fury8/OneDrive/Documents/Unreal Projects/EchoOfTheLamb/Content/Menus/Picture/kenney_input-prompts/PlayStation_Series/Default/playstation_dpad_down_outline.uasset" 2280
"C:/Users/fury8/OneDrive/Documents/Unreal Projects/EchoOfTheLamb/Content/Menus/Picture/kenney_input-prompts/PlayStation_Series/Default/playstation_dpad_down_outline.uexp" 2281
"C:/Users/fury8/OneDrive/Documents/Unreal Projects/EchoOfTheLamb/Content/Menus/Picture/kenney_input-prompts/PlayStation_Series/Default/playstation_dpad_down.uasset" 2282
"C:/Users/fury8/OneDrive/Documents/Unreal Projects/EchoOfTheLamb/Content/Menus/Picture/kenney_input-prompts/PlayStation_Series/Default/playstation_dpad_down.uexp" 2283
"C:/Users/fury8/OneDrive/Documents/Unreal Projects/EchoOfTheLamb/Content/Menus/Picture/kenney_input-prompts/PlayStation_Series/Default/playstation_dpad_all.uasset" 2284
"C:/Users/fury8/OneDrive/Documents/Unreal Projects/EchoOfTheLamb/Content/Menus/Picture/kenney_input-prompts/PlayStation_Series/Default/playstation_dpad_all.uexp" 2285
"C:/Users/fury8/OneDrive/Documents/Unreal Projects/EchoOfTheLamb/Content/Menus/Picture/kenney_input-prompts/PlayStation_Series/Default/playstation_dpad.uasset" 2286
"C:/Users/fury8/OneDrive/Documents/Unreal Projects/EchoOfTheLamb/Content/Menus/Picture/kenney_input-prompts/PlayStation_Series/Default/playstation_dpad.uexp" 2287
"C:/Users/fury8/OneDrive/Documents/Unreal Projects/EchoOfTheLamb/Content/Menus/Picture/kenney_input-prompts/PlayStation_Series/Default/playstation_button_triangle_outline.uasset" 2288
"C:/Users/fury8/OneDrive/Documents/Unreal Projects/EchoOfTheLamb/Content/Menus/Picture/kenney_input-prompts/PlayStation_Series/Default/playstation_button_triangle_outline.uexp" 2289
"C:/Users/fury8/OneDrive/Documents/Unreal Projects/EchoOfTheLamb/Content/Menus/Picture/kenney_input-prompts/PlayStation_Series/Default/playstation_button_triangle.uasset" 2290
"C:/Users/fury8/OneDrive/Documents/Unreal Projects/EchoOfTheLamb/Content/Menus/Picture/kenney_input-prompts/PlayStation_Series/Default/playstation_button_triangle.uexp" 2291
"C:/Users/fury8/OneDrive/Documents/Unreal Projects/EchoOfTheLamb/Content/Menus/Picture/kenney_input-prompts/PlayStation_Series/Default/playstation_button_square_outline.uasset" 2292
"C:/Users/fury8/OneDrive/Documents/Unreal Projects/EchoOfTheLamb/Content/Menus/Picture/kenney_input-prompts/PlayStation_Series/Default/playstation_button_square_outline.uexp" 2293
"C:/Users/fury8/OneDrive/Documents/Unreal Projects/EchoOfTheLamb/Content/Menus/Picture/kenney_input-prompts/PlayStation_Series/Default/playstation_button_square.uasset" 2294
"C:/Users/fury8/OneDrive/Documents/Unreal Projects/EchoOfTheLamb/Content/Menus/Picture/kenney_input-prompts/PlayStation_Series/Default/playstation_button_square.uexp" 2295
"C:/Users/fury8/OneDrive/Documents/Unreal Projects/EchoOfTheLamb/Content/Menus/Picture/kenney_input-prompts/PlayStation_Series/Default/playstation_button_r3_outline.uasset" 2296
"C:/Users/fury8/OneDrive/Documents/Unreal Projects/EchoOfTheLamb/Content/Menus/Picture/kenney_input-prompts/PlayStation_Series/Default/playstation_button_r3_outline.uexp" 2297
"C:/Users/fury8/OneDrive/Documents/Unreal Projects/EchoOfTheLamb/Content/Menus/Picture/kenney_input-prompts/PlayStation_Series/Default/playstation_button_r3.uasset" 2298
"C:/Users/fury8/OneDrive/Documents/Unreal Projects/EchoOfTheLamb/Content/Menus/Picture/kenney_input-prompts/PlayStation_Series/Default/playstation_button_r3.uexp" 2299
"C:/Users/fury8/OneDrive/Documents/Unreal Projects/EchoOfTheLamb/Content/Menus/Picture/kenney_input-prompts/PlayStation_Series/Default/playstation_button_l3_outline.uasset" 2300
"C:/Users/fury8/OneDrive/Documents/Unreal Projects/EchoOfTheLamb/Content/Menus/Picture/kenney_input-prompts/PlayStation_Series/Default/playstation_button_l3_outline.uexp" 2301
"C:/Users/fury8/OneDrive/Documents/Unreal Projects/EchoOfTheLamb/Content/Menus/Picture/kenney_input-prompts/PlayStation_Series/Default/playstation_button_l3.uasset" 2302
"C:/Users/fury8/OneDrive/Documents/Unreal Projects/EchoOfTheLamb/Content/Menus/Picture/kenney_input-prompts/PlayStation_Series/Default/playstation_button_l3.uexp" 2303
"C:/Users/fury8/OneDrive/Documents/Unreal Projects/EchoOfTheLamb/Content/Menus/Picture/kenney_input-prompts/PlayStation_Series/Default/playstation_button_cross_outline.uasset" 2304
"C:/Users/fury8/OneDrive/Documents/Unreal Projects/EchoOfTheLamb/Content/Menus/Picture/kenney_input-prompts/PlayStation_Series/Default/playstation_button_cross_outline.uexp" 2305
"C:/Users/fury8/OneDrive/Documents/Unreal Projects/EchoOfTheLamb/Content/Menus/Picture/kenney_input-prompts/PlayStation_Series/Default/playstation_button_cross.uasset" 2306
"C:/Users/fury8/OneDrive/Documents/Unreal Projects/EchoOfTheLamb/Content/Menus/Picture/kenney_input-prompts/PlayStation_Series/Default/playstation_button_cross.uexp" 2307
"C:/Users/fury8/OneDrive/Documents/Unreal Projects/EchoOfTheLamb/Content/Menus/Picture/kenney_input-prompts/PlayStation_Series/Default/playstation_button_color_triangle_outline.uasset" 2308
"C:/Users/fury8/OneDrive/Documents/Unreal Projects/EchoOfTheLamb/Content/Menus/Picture/kenney_input-prompts/PlayStation_Series/Default/playstation_button_color_triangle_outline.uexp" 2309
"C:/Users/fury8/OneDrive/Documents/Unreal Projects/EchoOfTheLamb/Content/Menus/Picture/kenney_input-prompts/PlayStation_Series/Default/playstation_button_color_triangle.uasset" 2310
"C:/Users/fury8/OneDrive/Documents/Unreal Projects/EchoOfTheLamb/Content/Menus/Picture/kenney_input-prompts/PlayStation_Series/Default/playstation_button_color_triangle.uexp" 2311
"C:/Users/fury8/OneDrive/Documents/Unreal Projects/EchoOfTheLamb/Content/Menus/Picture/kenney_input-prompts/PlayStation_Series/Default/playstation_button_color_square_outline.uasset" 2312
"C:/Users/fury8/OneDrive/Documents/Unreal Projects/EchoOfTheLamb/Content/Menus/Picture/kenney_input-prompts/PlayStation_Series/Default/playstation_button_color_square_outline.uexp" 2313
"C:/Users/fury8/OneDrive/Documents/Unreal Projects/EchoOfTheLamb/Content/Menus/Picture/kenney_input-prompts/PlayStation_Series/Default/playstation_button_color_square.uasset" 2314
"C:/Users/fury8/OneDrive/Documents/Unreal Projects/EchoOfTheLamb/Content/Menus/Picture/kenney_input-prompts/PlayStation_Series/Default/playstation_button_color_square.uexp" 2315
"C:/Users/fury8/OneDrive/Documents/Unreal Projects/EchoOfTheLamb/Content/Menus/Picture/kenney_input-prompts/PlayStation_Series/Default/playstation_button_color_cross_outline.uasset" 2316
"C:/Users/fury8/OneDrive/Documents/Unreal Projects/EchoOfTheLamb/Content/Menus/Picture/kenney_input-prompts/PlayStation_Series/Default/playstation_button_color_cross_outline.uexp" 2317
"C:/Users/fury8/OneDrive/Documents/Unreal Projects/EchoOfTheLamb/Content/Menus/Picture/kenney_input-prompts/PlayStation_Series/Default/playstation_button_color_cross.uasset" 2318
"C:/Users/fury8/OneDrive/Documents/Unreal Projects/EchoOfTheLamb/Content/Menus/Picture/kenney_input-prompts/PlayStation_Series/Default/playstation_button_color_cross.uexp" 2319
"C:/Users/fury8/OneDrive/Documents/Unreal Projects/EchoOfTheLamb/Content/Menus/Picture/kenney_input-prompts/PlayStation_Series/Default/playstation_button_color_circle_outline.uasset" 2320
"C:/Users/fury8/OneDrive/Documents/Unreal Projects/EchoOfTheLamb/Content/Menus/Picture/kenney_input-prompts/PlayStation_Series/Default/playstation_button_color_circle_outline.uexp" 2321
"C:/Users/fury8/OneDrive/Documents/Unreal Projects/EchoOfTheLamb/Content/Menus/Picture/kenney_input-prompts/PlayStation_Series/Default/playstation_button_color_circle.uasset" 2322
"C:/Users/fury8/OneDrive/Documents/Unreal Projects/EchoOfTheLamb/Content/Menus/Picture/kenney_input-prompts/PlayStation_Series/Default/playstation_button_color_circle.uexp" 2323
"C:/Users/fury8/OneDrive/Documents/Unreal Projects/EchoOfTheLamb/Content/Menus/Picture/kenney_input-prompts/PlayStation_Series/Default/playstation_button_circle_outline.uasset" 2324
"C:/Users/fury8/OneDrive/Documents/Unreal Projects/EchoOfTheLamb/Content/Menus/Picture/kenney_input-prompts/PlayStation_Series/Default/playstation_button_circle_outline.uexp" 2325
"C:/Users/fury8/OneDrive/Documents/Unreal Projects/EchoOfTheLamb/Content/Menus/Picture/kenney_input-prompts/PlayStation_Series/Default/playstation_button_circle.uasset" 2326
"C:/Users/fury8/OneDrive/Documents/Unreal Projects/EchoOfTheLamb/Content/Menus/Picture/kenney_input-prompts/PlayStation_Series/Default/playstation_button_circle.uexp" 2327
"C:/Users/fury8/OneDrive/Documents/Unreal Projects/EchoOfTheLamb/Content/Menus/Picture/kenney_input-prompts/PlayStation_Series/Default/playstation_button_analog_outline.uasset" 2328
"C:/Users/fury8/OneDrive/Documents/Unreal Projects/EchoOfTheLamb/Content/Menus/Picture/kenney_input-prompts/PlayStation_Series/Default/playstation_button_analog_outline.uexp" 2329
"C:/Users/fury8/OneDrive/Documents/Unreal Projects/EchoOfTheLamb/Content/Menus/Picture/kenney_input-prompts/PlayStation_Series/Default/playstation_button_analog.uasset" 2330
"C:/Users/fury8/OneDrive/Documents/Unreal Projects/EchoOfTheLamb/Content/Menus/Picture/kenney_input-prompts/PlayStation_Series/Default/playstation_button_analog.uexp" 2331
"C:/Users/fury8/OneDrive/Documents/Unreal Projects/EchoOfTheLamb/Content/Menus/Picture/kenney_input-prompts/PlayStation_Series/Default/playstation4_touchpad_outline.uasset" 2332
"C:/Users/fury8/OneDrive/Documents/Unreal Projects/EchoOfTheLamb/Content/Menus/Picture/kenney_input-prompts/PlayStation_Series/Default/playstation4_touchpad_outline.uexp" 2333
"C:/Users/fury8/OneDrive/Documents/Unreal Projects/EchoOfTheLamb/Content/Menus/Picture/kenney_input-prompts/PlayStation_Series/Default/playstation4_touchpad.uasset" 2334
"C:/Users/fury8/OneDrive/Documents/Unreal Projects/EchoOfTheLamb/Content/Menus/Picture/kenney_input-prompts/PlayStation_Series/Default/playstation4_touchpad.uexp" 2335
"C:/Users/fury8/OneDrive/Documents/Unreal Projects/EchoOfTheLamb/Content/Menus/Picture/kenney_input-prompts/PlayStation_Series/Default/playstation4_button_share_outline.uasset" 2336
"C:/Users/fury8/OneDrive/Documents/Unreal Projects/EchoOfTheLamb/Content/Menus/Picture/kenney_input-prompts/PlayStation_Series/Default/playstation4_button_share_outline.uexp" 2337
"C:/Users/fury8/OneDrive/Documents/Unreal Projects/EchoOfTheLamb/Content/Menus/Picture/kenney_input-prompts/PlayStation_Series/Default/playstation4_button_share.uasset" 2338
"C:/Users/fury8/OneDrive/Documents/Unreal Projects/EchoOfTheLamb/Content/Menus/Picture/kenney_input-prompts/PlayStation_Series/Default/playstation4_button_share.uexp" 2339
"C:/Users/fury8/OneDrive/Documents/Unreal Projects/EchoOfTheLamb/Content/Menus/Picture/kenney_input-prompts/PlayStation_Series/Default/playstation4_button_options_outline.uasset" 2340
"C:/Users/fury8/OneDrive/Documents/Unreal Projects/EchoOfTheLamb/Content/Menus/Picture/kenney_input-prompts/PlayStation_Series/Default/playstation4_button_options_outline.uexp" 2341
"C:/Users/fury8/OneDrive/Documents/Unreal Projects/EchoOfTheLamb/Content/Menus/Picture/kenney_input-prompts/PlayStation_Series/Default/playstation4_button_options.uasset" 2342
"C:/Users/fury8/OneDrive/Documents/Unreal Projects/EchoOfTheLamb/Content/Menus/Picture/kenney_input-prompts/PlayStation_Series/Default/playstation4_button_options.uexp" 2343
"C:/Users/fury8/OneDrive/Documents/Unreal Projects/EchoOfTheLamb/Content/Menus/Picture/kenney_input-prompts/PlayStation_Series/Default/playstation3_button_start_outline.uasset" 2344
"C:/Users/fury8/OneDrive/Documents/Unreal Projects/EchoOfTheLamb/Content/Menus/Picture/kenney_input-prompts/PlayStation_Series/Default/playstation3_button_start_outline.uexp" 2345
"C:/Users/fury8/OneDrive/Documents/Unreal Projects/EchoOfTheLamb/Content/Menus/Picture/kenney_input-prompts/PlayStation_Series/Default/playstation3_button_start.uasset" 2346
"C:/Users/fury8/OneDrive/Documents/Unreal Projects/EchoOfTheLamb/Content/Menus/Picture/kenney_input-prompts/PlayStation_Series/Default/playstation3_button_start.uexp" 2347
"C:/Users/fury8/OneDrive/Documents/Unreal Projects/EchoOfTheLamb/Content/Menus/Picture/kenney_input-prompts/PlayStation_Series/Default/playstation3_button_select_outline.uasset" 2348
"C:/Users/fury8/OneDrive/Documents/Unreal Projects/EchoOfTheLamb/Content/Menus/Picture/kenney_input-prompts/PlayStation_Series/Default/playstation3_button_select_outline.uexp" 2349
"C:/Users/fury8/OneDrive/Documents/Unreal Projects/EchoOfTheLamb/Content/Menus/Picture/kenney_input-prompts/PlayStation_Series/Default/playstation3_button_select.uasset" 2350
"C:/Users/fury8/OneDrive/Documents/Unreal Projects/EchoOfTheLamb/Content/Menus/Picture/kenney_input-prompts/PlayStation_Series/Default/playstation3_button_select.uexp" 2351
"C:/Users/fury8/OneDrive/Documents/Unreal Projects/EchoOfTheLamb/Content/Menus/Picture/kenney_input-prompts/PlayStation_Series/Default/controller_playstation5.uasset" 2352
"C:/Users/fury8/OneDrive/Documents/Unreal Projects/EchoOfTheLamb/Content/Menus/Picture/kenney_input-prompts/PlayStation_Series/Default/controller_playstation5.uexp" 2353
"C:/Users/fury8/OneDrive/Documents/Unreal Projects/EchoOfTheLamb/Content/Menus/Picture/kenney_input-prompts/PlayStation_Series/Default/controller_playstation4.uasset" 2354
"C:/Users/fury8/OneDrive/Documents/Unreal Projects/EchoOfTheLamb/Content/Menus/Picture/kenney_input-prompts/PlayStation_Series/Default/controller_playstation4.uexp" 2355
"C:/Users/fury8/OneDrive/Documents/Unreal Projects/EchoOfTheLamb/Content/Menus/Picture/kenney_input-prompts/PlayStation_Series/Default/controller_playstation3.uasset" 2356
"C:/Users/fury8/OneDrive/Documents/Unreal Projects/EchoOfTheLamb/Content/Menus/Picture/kenney_input-prompts/PlayStation_Series/Default/controller_playstation3.uexp" 2357
"C:/Users/fury8/OneDrive/Documents/Unreal Projects/EchoOfTheLamb/Content/Menus/Picture/kenney_input-prompts/PlayStation_Series/Default/controller_playstation2.uasset" 2358
"C:/Users/fury8/OneDrive/Documents/Unreal Projects/EchoOfTheLamb/Content/Menus/Picture/kenney_input-prompts/PlayStation_Series/Default/controller_playstation2.uexp" 2359
"C:/Users/fury8/OneDrive/Documents/Unreal Projects/EchoOfTheLamb/Content/Menus/Picture/kenney_input-prompts/Keyboard___Mouse/Default/mouse_vertical.uasset" 2360
"C:/Users/fury8/OneDrive/Documents/Unreal Projects/EchoOfTheLamb/Content/Menus/Picture/kenney_input-prompts/Keyboard___Mouse/Default/mouse_vertical.uexp" 2361
"C:/Users/fury8/OneDrive/Documents/Unreal Projects/EchoOfTheLamb/Content/Menus/Picture/kenney_input-prompts/Keyboard___Mouse/Default/mouse_small.uasset" 2362
"C:/Users/fury8/OneDrive/Documents/Unreal Projects/EchoOfTheLamb/Content/Menus/Picture/kenney_input-prompts/Keyboard___Mouse/Default/mouse_small.uexp" 2363
"C:/Users/fury8/OneDrive/Documents/Unreal Projects/EchoOfTheLamb/Content/Menus/Picture/kenney_input-prompts/Keyboard___Mouse/Default/mouse_scroll_vertical_outline.uasset" 2364
"C:/Users/fury8/OneDrive/Documents/Unreal Projects/EchoOfTheLamb/Content/Menus/Picture/kenney_input-prompts/Keyboard___Mouse/Default/mouse_scroll_vertical_outline.uexp" 2365
"C:/Users/fury8/OneDrive/Documents/Unreal Projects/EchoOfTheLamb/Content/Menus/Picture/kenney_input-prompts/Keyboard___Mouse/Default/mouse_scroll_vertical.uasset" 2366
"C:/Users/fury8/OneDrive/Documents/Unreal Projects/EchoOfTheLamb/Content/Menus/Picture/kenney_input-prompts/Keyboard___Mouse/Default/mouse_scroll_vertical.uexp" 2367
"C:/Users/fury8/OneDrive/Documents/Unreal Projects/EchoOfTheLamb/Content/Menus/Picture/kenney_input-prompts/Keyboard___Mouse/Default/mouse_scroll_up_outline.uasset" 2368
"C:/Users/fury8/OneDrive/Documents/Unreal Projects/EchoOfTheLamb/Content/Menus/Picture/kenney_input-prompts/Keyboard___Mouse/Default/mouse_scroll_up_outline.uexp" 2369
"C:/Users/fury8/OneDrive/Documents/Unreal Projects/EchoOfTheLamb/Content/Menus/Picture/kenney_input-prompts/Keyboard___Mouse/Default/mouse_scroll_up.uasset" 2370
"C:/Users/fury8/OneDrive/Documents/Unreal Projects/EchoOfTheLamb/Content/Menus/Picture/kenney_input-prompts/Keyboard___Mouse/Default/mouse_scroll_up.uexp" 2371
"C:/Users/fury8/OneDrive/Documents/Unreal Projects/EchoOfTheLamb/Content/Menus/Picture/kenney_input-prompts/Keyboard___Mouse/Default/mouse_scroll_outline.uasset" 2372
"C:/Users/fury8/OneDrive/Documents/Unreal Projects/EchoOfTheLamb/Content/Menus/Picture/kenney_input-prompts/Keyboard___Mouse/Default/mouse_scroll_outline.uexp" 2373
"C:/Users/fury8/OneDrive/Documents/Unreal Projects/EchoOfTheLamb/Content/Menus/Picture/kenney_input-prompts/Keyboard___Mouse/Default/mouse_scroll_down_outline.uasset" 2374
"C:/Users/fury8/OneDrive/Documents/Unreal Projects/EchoOfTheLamb/Content/Menus/Picture/kenney_input-prompts/Keyboard___Mouse/Default/mouse_scroll_down_outline.uexp" 2375
"C:/Users/fury8/OneDrive/Documents/Unreal Projects/EchoOfTheLamb/Content/Menus/Picture/kenney_input-prompts/Keyboard___Mouse/Default/mouse_scroll_down.uasset" 2376
"C:/Users/fury8/OneDrive/Documents/Unreal Projects/EchoOfTheLamb/Content/Menus/Picture/kenney_input-prompts/Keyboard___Mouse/Default/mouse_scroll_down.uexp" 2377
"C:/Users/fury8/OneDrive/Documents/Unreal Projects/EchoOfTheLamb/Content/Menus/Picture/kenney_input-prompts/Keyboard___Mouse/Default/mouse_scroll.uasset" 2378
"C:/Users/fury8/OneDrive/Documents/Unreal Projects/EchoOfTheLamb/Content/Menus/Picture/kenney_input-prompts/Keyboard___Mouse/Default/mouse_scroll.uexp" 2379
"C:/Users/fury8/OneDrive/Documents/Unreal Projects/EchoOfTheLamb/Content/Menus/Picture/kenney_input-prompts/Keyboard___Mouse/Default/mouse_right_outline.uasset" 2380
"C:/Users/fury8/OneDrive/Documents/Unreal Projects/EchoOfTheLamb/Content/Menus/Picture/kenney_input-prompts/Keyboard___Mouse/Default/mouse_right_outline.uexp" 2381
"C:/Users/fury8/OneDrive/Documents/Unreal Projects/EchoOfTheLamb/Content/Menus/Picture/kenney_input-prompts/Keyboard___Mouse/Default/mouse_right.uasset" 2382
"C:/Users/fury8/OneDrive/Documents/Unreal Projects/EchoOfTheLamb/Content/Menus/Picture/kenney_input-prompts/Keyboard___Mouse/Default/mouse_right.uexp" 2383
"C:/Users/fury8/OneDrive/Documents/Unreal Projects/EchoOfTheLamb/Content/Menus/Picture/kenney_input-prompts/Keyboard___Mouse/Default/mouse_outline.uasset" 2384
"C:/Users/fury8/OneDrive/Documents/Unreal Projects/EchoOfTheLamb/Content/Menus/Picture/kenney_input-prompts/Keyboard___Mouse/Default/mouse_outline.uexp" 2385
"C:/Users/fury8/OneDrive/Documents/Unreal Projects/EchoOfTheLamb/Content/Menus/Picture/kenney_input-prompts/Keyboard___Mouse/Default/mouse_move.uasset" 2386
"C:/Users/fury8/OneDrive/Documents/Unreal Projects/EchoOfTheLamb/Content/Menus/Picture/kenney_input-prompts/Keyboard___Mouse/Default/mouse_move.uexp" 2387
"C:/Users/fury8/OneDrive/Documents/Unreal Projects/EchoOfTheLamb/Content/Menus/Picture/kenney_input-prompts/Keyboard___Mouse/Default/mouse_left_outline.uasset" 2388
"C:/Users/fury8/OneDrive/Documents/Unreal Projects/EchoOfTheLamb/Content/Menus/Picture/kenney_input-prompts/Keyboard___Mouse/Default/mouse_left_outline.uexp" 2389
"C:/Users/fury8/OneDrive/Documents/Unreal Projects/EchoOfTheLamb/Content/Menus/Picture/kenney_input-prompts/Keyboard___Mouse/Default/mouse_left.uasset" 2390
"C:/Users/fury8/OneDrive/Documents/Unreal Projects/EchoOfTheLamb/Content/Menus/Picture/kenney_input-prompts/Keyboard___Mouse/Default/mouse_left.uexp" 2391
"C:/Users/fury8/OneDrive/Documents/Unreal Projects/EchoOfTheLamb/Content/Menus/Picture/kenney_input-prompts/Keyboard___Mouse/Default/mouse_horizontal.uasset" 2392
"C:/Users/fury8/OneDrive/Documents/Unreal Projects/EchoOfTheLamb/Content/Menus/Picture/kenney_input-prompts/Keyboard___Mouse/Default/mouse_horizontal.uexp" 2393
"C:/Users/fury8/OneDrive/Documents/Unreal Projects/EchoOfTheLamb/Content/Menus/Picture/kenney_input-prompts/Keyboard___Mouse/Default/mouse.uasset" 2394
"C:/Users/fury8/OneDrive/Documents/Unreal Projects/EchoOfTheLamb/Content/Menus/Picture/kenney_input-prompts/Keyboard___Mouse/Default/mouse.uexp" 2395
"C:/Users/fury8/OneDrive/Documents/Unreal Projects/EchoOfTheLamb/Content/Menus/Picture/kenney_input-prompts/Keyboard___Mouse/Default/keyboard_z_outline.uasset" 2396
"C:/Users/fury8/OneDrive/Documents/Unreal Projects/EchoOfTheLamb/Content/Menus/Picture/kenney_input-prompts/Keyboard___Mouse/Default/keyboard_z_outline.uexp" 2397
"C:/Users/fury8/OneDrive/Documents/Unreal Projects/EchoOfTheLamb/Content/Menus/Picture/kenney_input-prompts/Keyboard___Mouse/Default/keyboard_z.uasset" 2398
"C:/Users/fury8/OneDrive/Documents/Unreal Projects/EchoOfTheLamb/Content/Menus/Picture/kenney_input-prompts/Keyboard___Mouse/Default/keyboard_z.uexp" 2399
"C:/Users/fury8/OneDrive/Documents/Unreal Projects/EchoOfTheLamb/Content/Menus/Picture/kenney_input-prompts/Keyboard___Mouse/Default/keyboard_y_outline.uasset" 2400
"C:/Users/fury8/OneDrive/Documents/Unreal Projects/EchoOfTheLamb/Content/Menus/Picture/kenney_input-prompts/Keyboard___Mouse/Default/keyboard_y_outline.uexp" 2401
"C:/Users/fury8/OneDrive/Documents/Unreal Projects/EchoOfTheLamb/Content/Menus/Picture/kenney_input-prompts/Keyboard___Mouse/Default/keyboard_y.uasset" 2402
"C:/Users/fury8/OneDrive/Documents/Unreal Projects/EchoOfTheLamb/Content/Menus/Picture/kenney_input-prompts/Keyboard___Mouse/Default/keyboard_y.uexp" 2403
"C:/Users/fury8/OneDrive/Documents/Unreal Projects/EchoOfTheLamb/Content/Menus/Picture/kenney_input-prompts/Keyboard___Mouse/Default/keyboard_x_outline.uasset" 2404
"C:/Users/fury8/OneDrive/Documents/Unreal Projects/EchoOfTheLamb/Content/Menus/Picture/kenney_input-prompts/Keyboard___Mouse/Default/keyboard_x_outline.uexp" 2405
"C:/Users/fury8/OneDrive/Documents/Unreal Projects/EchoOfTheLamb/Content/Menus/Picture/kenney_input-prompts/Keyboard___Mouse/Default/keyboard_x.uasset" 2406
"C:/Users/fury8/OneDrive/Documents/Unreal Projects/EchoOfTheLamb/Content/Menus/Picture/kenney_input-prompts/Keyboard___Mouse/Default/keyboard_x.uexp" 2407
"C:/Users/fury8/OneDrive/Documents/Unreal Projects/EchoOfTheLamb/Content/Menus/Picture/kenney_input-prompts/Keyboard___Mouse/Default/keyboard_w_outline.uasset" 2408
"C:/Users/fury8/OneDrive/Documents/Unreal Projects/EchoOfTheLamb/Content/Menus/Picture/kenney_input-prompts/Keyboard___Mouse/Default/keyboard_w_outline.uexp" 2409
"C:/Users/fury8/OneDrive/Documents/Unreal Projects/EchoOfTheLamb/Content/Menus/Picture/kenney_input-prompts/Keyboard___Mouse/Default/keyboard_win_outline.uasset" 2410
"C:/Users/fury8/OneDrive/Documents/Unreal Projects/EchoOfTheLamb/Content/Menus/Picture/kenney_input-prompts/Keyboard___Mouse/Default/keyboard_win_outline.uexp" 2411
"C:/Users/fury8/OneDrive/Documents/Unreal Projects/EchoOfTheLamb/Content/Menus/Picture/kenney_input-prompts/Keyboard___Mouse/Default/keyboard_win.uasset" 2412
"C:/Users/fury8/OneDrive/Documents/Unreal Projects/EchoOfTheLamb/Content/Menus/Picture/kenney_input-prompts/Keyboard___Mouse/Default/keyboard_win.uexp" 2413
"C:/Users/fury8/OneDrive/Documents/Unreal Projects/EchoOfTheLamb/Content/Menus/Picture/kenney_input-prompts/Keyboard___Mouse/Default/keyboard_w.uasset" 2414
"C:/Users/fury8/OneDrive/Documents/Unreal Projects/EchoOfTheLamb/Content/Menus/Picture/kenney_input-prompts/Keyboard___Mouse/Default/keyboard_w.uexp" 2415
"C:/Users/fury8/OneDrive/Documents/Unreal Projects/EchoOfTheLamb/Content/Menus/Picture/kenney_input-prompts/Keyboard___Mouse/Default/keyboard_v_outline.uasset" 2416
"C:/Users/fury8/OneDrive/Documents/Unreal Projects/EchoOfTheLamb/Content/Menus/Picture/kenney_input-prompts/Keyboard___Mouse/Default/keyboard_v_outline.uexp" 2417
"C:/Users/fury8/OneDrive/Documents/Unreal Projects/EchoOfTheLamb/Content/Menus/Picture/kenney_input-prompts/Keyboard___Mouse/Default/keyboard_v.uasset" 2418
"C:/Users/fury8/OneDrive/Documents/Unreal Projects/EchoOfTheLamb/Content/Menus/Picture/kenney_input-prompts/Keyboard___Mouse/Default/keyboard_v.uexp" 2419
"C:/Users/fury8/OneDrive/Documents/Unreal Projects/EchoOfTheLamb/Content/Menus/Picture/kenney_input-prompts/Keyboard___Mouse/Default/keyboard_u_outline.uasset" 2420
"C:/Users/fury8/OneDrive/Documents/Unreal Projects/EchoOfTheLamb/Content/Menus/Picture/kenney_input-prompts/Keyboard___Mouse/Default/keyboard_u_outline.uexp" 2421
"C:/Users/fury8/OneDrive/Documents/Unreal Projects/EchoOfTheLamb/Content/Menus/Picture/kenney_input-prompts/Keyboard___Mouse/Default/keyboard_u.uasset" 2422
"C:/Users/fury8/OneDrive/Documents/Unreal Projects/EchoOfTheLamb/Content/Menus/Picture/kenney_input-prompts/Keyboard___Mouse/Default/keyboard_u.uexp" 2423
"C:/Users/fury8/OneDrive/Documents/Unreal Projects/EchoOfTheLamb/Content/Menus/Picture/kenney_input-prompts/Keyboard___Mouse/Default/keyboard_t_outline.uasset" 2424
"C:/Users/fury8/OneDrive/Documents/Unreal Projects/EchoOfTheLamb/Content/Menus/Picture/kenney_input-prompts/Keyboard___Mouse/Default/keyboard_t_outline.uexp" 2425
"C:/Users/fury8/OneDrive/Documents/Unreal Projects/EchoOfTheLamb/Content/Menus/Picture/kenney_input-prompts/Keyboard___Mouse/Default/keyboard_tilde_outline.uasset" 2426
"C:/Users/fury8/OneDrive/Documents/Unreal Projects/EchoOfTheLamb/Content/Menus/Picture/kenney_input-prompts/Keyboard___Mouse/Default/keyboard_tilde_outline.uexp" 2427
"C:/Users/fury8/OneDrive/Documents/Unreal Projects/EchoOfTheLamb/Content/Menus/Picture/kenney_input-prompts/Keyboard___Mouse/Default/keyboard_tilde.uasset" 2428
"C:/Users/fury8/OneDrive/Documents/Unreal Projects/EchoOfTheLamb/Content/Menus/Picture/kenney_input-prompts/Keyboard___Mouse/Default/keyboard_tilde.uexp" 2429
"C:/Users/fury8/OneDrive/Documents/Unreal Projects/EchoOfTheLamb/Content/Menus/Picture/kenney_input-prompts/Keyboard___Mouse/Default/keyboard_tab_outline.uasset" 2430
"C:/Users/fury8/OneDrive/Documents/Unreal Projects/EchoOfTheLamb/Content/Menus/Picture/kenney_input-prompts/Keyboard___Mouse/Default/keyboard_tab_outline.uexp" 2431
"C:/Users/fury8/OneDrive/Documents/Unreal Projects/EchoOfTheLamb/Content/Menus/Picture/kenney_input-prompts/Keyboard___Mouse/Default/keyboard_tab_icon_outline.uasset" 2432
"C:/Users/fury8/OneDrive/Documents/Unreal Projects/EchoOfTheLamb/Content/Menus/Picture/kenney_input-prompts/Keyboard___Mouse/Default/keyboard_tab_icon_outline.uexp" 2433
"C:/Users/fury8/OneDrive/Documents/Unreal Projects/EchoOfTheLamb/Content/Menus/Picture/kenney_input-prompts/Keyboard___Mouse/Default/keyboard_tab_icon_alternative_outline.uasset" 2434
"C:/Users/fury8/OneDrive/Documents/Unreal Projects/EchoOfTheLamb/Content/Menus/Picture/kenney_input-prompts/Keyboard___Mouse/Default/keyboard_tab_icon_alternative_outline.uexp" 2435
"C:/Users/fury8/OneDrive/Documents/Unreal Projects/EchoOfTheLamb/Content/Menus/Picture/kenney_input-prompts/Keyboard___Mouse/Default/keyboard_tab_icon_alternative.uasset" 2436
"C:/Users/fury8/OneDrive/Documents/Unreal Projects/EchoOfTheLamb/Content/Menus/Picture/kenney_input-prompts/Keyboard___Mouse/Default/keyboard_tab_icon_alternative.uexp" 2437
"C:/Users/fury8/OneDrive/Documents/Unreal Projects/EchoOfTheLamb/Content/Menus/Picture/kenney_input-prompts/Keyboard___Mouse/Default/keyboard_tab_icon.uasset" 2438
"C:/Users/fury8/OneDrive/Documents/Unreal Projects/EchoOfTheLamb/Content/Menus/Picture/kenney_input-prompts/Keyboard___Mouse/Default/keyboard_tab_icon.uexp" 2439
"C:/Users/fury8/OneDrive/Documents/Unreal Projects/EchoOfTheLamb/Content/Menus/Picture/kenney_input-prompts/Keyboard___Mouse/Default/keyboard_tab.uasset" 2440
"C:/Users/fury8/OneDrive/Documents/Unreal Projects/EchoOfTheLamb/Content/Menus/Picture/kenney_input-prompts/Keyboard___Mouse/Default/keyboard_tab.uexp" 2441
"C:/Users/fury8/OneDrive/Documents/Unreal Projects/EchoOfTheLamb/Content/Menus/Picture/kenney_input-prompts/Keyboard___Mouse/Default/keyboard_t.uasset" 2442
"C:/Users/fury8/OneDrive/Documents/Unreal Projects/EchoOfTheLamb/Content/Menus/Picture/kenney_input-prompts/Keyboard___Mouse/Default/keyboard_t.uexp" 2443
"C:/Users/fury8/OneDrive/Documents/Unreal Projects/EchoOfTheLamb/Content/Menus/Picture/kenney_input-prompts/Keyboard___Mouse/Default/keyboard_s_outline.uasset" 2444
"C:/Users/fury8/OneDrive/Documents/Unreal Projects/EchoOfTheLamb/Content/Menus/Picture/kenney_input-prompts/Keyboard___Mouse/Default/keyboard_s_outline.uexp" 2445
"C:/Users/fury8/OneDrive/Documents/Unreal Projects/EchoOfTheLamb/Content/Menus/Picture/kenney_input-prompts/Keyboard___Mouse/Default/keyboard_space_outline.uasset" 2446
"C:/Users/fury8/OneDrive/Documents/Unreal Projects/EchoOfTheLamb/Content/Menus/Picture/kenney_input-prompts/Keyboard___Mouse/Default/keyboard_space_outline.uexp" 2447
"C:/Users/fury8/OneDrive/Documents/Unreal Projects/EchoOfTheLamb/Content/Menus/Picture/kenney_input-prompts/Keyboard___Mouse/Default/keyboard_space_icon_outline.uasset" 2448
"C:/Users/fury8/OneDrive/Documents/Unreal Projects/EchoOfTheLamb/Content/Menus/Picture/kenney_input-prompts/Keyboard___Mouse/Default/keyboard_space_icon_outline.uexp" 2449
"C:/Users/fury8/OneDrive/Documents/Unreal Projects/EchoOfTheLamb/Content/Menus/Picture/kenney_input-prompts/Keyboard___Mouse/Default/keyboard_space_icon.uasset" 2450
"C:/Users/fury8/OneDrive/Documents/Unreal Projects/EchoOfTheLamb/Content/Menus/Picture/kenney_input-prompts/Keyboard___Mouse/Default/keyboard_space_icon.uexp" 2451
"C:/Users/fury8/OneDrive/Documents/Unreal Projects/EchoOfTheLamb/Content/Menus/Picture/kenney_input-prompts/Keyboard___Mouse/Default/keyboard_space.uasset" 2452
"C:/Users/fury8/OneDrive/Documents/Unreal Projects/EchoOfTheLamb/Content/Menus/Picture/kenney_input-prompts/Keyboard___Mouse/Default/keyboard_space.uexp" 2453
"C:/Users/fury8/OneDrive/Documents/Unreal Projects/EchoOfTheLamb/Content/Menus/Picture/kenney_input-prompts/Keyboard___Mouse/Default/keyboard_slash_forward_outline.uasset" 2454
"C:/Users/fury8/OneDrive/Documents/Unreal Projects/EchoOfTheLamb/Content/Menus/Picture/kenney_input-prompts/Keyboard___Mouse/Default/keyboard_slash_forward_outline.uexp" 2455
"C:/Users/fury8/OneDrive/Documents/Unreal Projects/EchoOfTheLamb/Content/Menus/Picture/kenney_input-prompts/Keyboard___Mouse/Default/keyboard_slash_forward.uasset" 2456
"C:/Users/fury8/OneDrive/Documents/Unreal Projects/EchoOfTheLamb/Content/Menus/Picture/kenney_input-prompts/Keyboard___Mouse/Default/keyboard_slash_forward.uexp" 2457
"C:/Users/fury8/OneDrive/Documents/Unreal Projects/EchoOfTheLamb/Content/Menus/Picture/kenney_input-prompts/Keyboard___Mouse/Default/keyboard_slash_back_outline.uasset" 2458
"C:/Users/fury8/OneDrive/Documents/Unreal Projects/EchoOfTheLamb/Content/Menus/Picture/kenney_input-prompts/Keyboard___Mouse/Default/keyboard_slash_back_outline.uexp" 2459
"C:/Users/fury8/OneDrive/Documents/Unreal Projects/EchoOfTheLamb/Content/Menus/Picture/kenney_input-prompts/Keyboard___Mouse/Default/keyboard_slash_back.uasset" 2460
"C:/Users/fury8/OneDrive/Documents/Unreal Projects/EchoOfTheLamb/Content/Menus/Picture/kenney_input-prompts/Keyboard___Mouse/Default/keyboard_slash_back.uexp" 2461
"C:/Users/fury8/OneDrive/Documents/Unreal Projects/EchoOfTheLamb/Content/Menus/Picture/kenney_input-prompts/Keyboard___Mouse/Default/keyboard_shift_outline.uasset" 2462
"C:/Users/fury8/OneDrive/Documents/Unreal Projects/EchoOfTheLamb/Content/Menus/Picture/kenney_input-prompts/Keyboard___Mouse/Default/keyboard_shift_outline.uexp" 2463
"C:/Users/fury8/OneDrive/Documents/Unreal Projects/EchoOfTheLamb/Content/Menus/Picture/kenney_input-prompts/Keyboard___Mouse/Default/keyboard_shift_icon_outline.uasset" 2464
"C:/Users/fury8/OneDrive/Documents/Unreal Projects/EchoOfTheLamb/Content/Menus/Picture/kenney_input-prompts/Keyboard___Mouse/Default/keyboard_shift_icon_outline.uexp" 2465
"C:/Users/fury8/OneDrive/Documents/Unreal Projects/EchoOfTheLamb/Content/Menus/Picture/kenney_input-prompts/Keyboard___Mouse/Default/keyboard_shift_icon.uasset" 2466
"C:/Users/fury8/OneDrive/Documents/Unreal Projects/EchoOfTheLamb/Content/Menus/Picture/kenney_input-prompts/Keyboard___Mouse/Default/keyboard_shift_icon.uexp" 2467
"C:/Users/fury8/OneDrive/Documents/Unreal Projects/EchoOfTheLamb/Content/Menus/Picture/kenney_input-prompts/Keyboard___Mouse/Default/keyboard_shift.uasset" 2468
"C:/Users/fury8/OneDrive/Documents/Unreal Projects/EchoOfTheLamb/Content/Menus/Picture/kenney_input-prompts/Keyboard___Mouse/Default/keyboard_shift.uexp" 2469
"C:/Users/fury8/OneDrive/Documents/Unreal Projects/EchoOfTheLamb/Content/Menus/Picture/kenney_input-prompts/Keyboard___Mouse/Default/keyboard_semicolon_outline.uasset" 2470
"C:/Users/fury8/OneDrive/Documents/Unreal Projects/EchoOfTheLamb/Content/Menus/Picture/kenney_input-prompts/Keyboard___Mouse/Default/keyboard_semicolon_outline.uexp" 2471
"C:/Users/fury8/OneDrive/Documents/Unreal Projects/EchoOfTheLamb/Content/Menus/Picture/kenney_input-prompts/Keyboard___Mouse/Default/keyboard_semicolon.uasset" 2472
"C:/Users/fury8/OneDrive/Documents/Unreal Projects/EchoOfTheLamb/Content/Menus/Picture/kenney_input-prompts/Keyboard___Mouse/Default/keyboard_semicolon.uexp" 2473
"C:/Users/fury8/OneDrive/Documents/Unreal Projects/EchoOfTheLamb/Content/Menus/Picture/kenney_input-prompts/Keyboard___Mouse/Default/keyboard_s.uasset" 2474
"C:/Users/fury8/OneDrive/Documents/Unreal Projects/EchoOfTheLamb/Content/Menus/Picture/kenney_input-prompts/Keyboard___Mouse/Default/keyboard_s.uexp" 2475
"C:/Users/fury8/OneDrive/Documents/Unreal Projects/EchoOfTheLamb/Content/Menus/Picture/kenney_input-prompts/Keyboard___Mouse/Default/keyboard_r_outline.uasset" 2476
"C:/Users/fury8/OneDrive/Documents/Unreal Projects/EchoOfTheLamb/Content/Menus/Picture/kenney_input-prompts/Keyboard___Mouse/Default/keyboard_r_outline.uexp" 2477
"C:/Users/fury8/OneDrive/Documents/Unreal Projects/EchoOfTheLamb/Content/Menus/Picture/kenney_input-prompts/Keyboard___Mouse/Default/keyboard_return_outline.uasset" 2478
"C:/Users/fury8/OneDrive/Documents/Unreal Projects/EchoOfTheLamb/Content/Menus/Picture/kenney_input-prompts/Keyboard___Mouse/Default/keyboard_return_outline.uexp" 2479
"C:/Users/fury8/OneDrive/Documents/Unreal Projects/EchoOfTheLamb/Content/Menus/Picture/kenney_input-prompts/Keyboard___Mouse/Default/keyboard_return.uasset" 2480
"C:/Users/fury8/OneDrive/Documents/Unreal Projects/EchoOfTheLamb/Content/Menus/Picture/kenney_input-prompts/Keyboard___Mouse/Default/keyboard_return.uexp" 2481
"C:/Users/fury8/OneDrive/Documents/Unreal Projects/EchoOfTheLamb/Content/Menus/Picture/kenney_input-prompts/Keyboard___Mouse/Default/keyboard_r.uasset" 2482
"C:/Users/fury8/OneDrive/Documents/Unreal Projects/EchoOfTheLamb/Content/Menus/Picture/kenney_input-prompts/Keyboard___Mouse/Default/keyboard_r.uexp" 2483
"C:/Users/fury8/OneDrive/Documents/Unreal Projects/EchoOfTheLamb/Content/Menus/Picture/kenney_input-prompts/Keyboard___Mouse/Default/keyboard_q_outline.uasset" 2484
"C:/Users/fury8/OneDrive/Documents/Unreal Projects/EchoOfTheLamb/Content/Menus/Picture/kenney_input-prompts/Keyboard___Mouse/Default/keyboard_q_outline.uexp" 2485
"C:/Users/fury8/OneDrive/Documents/Unreal Projects/EchoOfTheLamb/Content/Menus/Picture/kenney_input-prompts/Keyboard___Mouse/Default/keyboard_quote_outline.uasset" 2486
"C:/Users/fury8/OneDrive/Documents/Unreal Projects/EchoOfTheLamb/Content/Menus/Picture/kenney_input-prompts/Keyboard___Mouse/Default/keyboard_quote_outline.uexp" 2487
"C:/Users/fury8/OneDrive/Documents/Unreal Projects/EchoOfTheLamb/Content/Menus/Picture/kenney_input-prompts/Keyboard___Mouse/Default/keyboard_quote.uasset" 2488
"C:/Users/fury8/OneDrive/Documents/Unreal Projects/EchoOfTheLamb/Content/Menus/Picture/kenney_input-prompts/Keyboard___Mouse/Default/keyboard_quote.uexp" 2489
"C:/Users/fury8/OneDrive/Documents/Unreal Projects/EchoOfTheLamb/Content/Menus/Picture/kenney_input-prompts/Keyboard___Mouse/Default/keyboard_question_outline.uasset" 2490
"C:/Users/fury8/OneDrive/Documents/Unreal Projects/EchoOfTheLamb/Content/Menus/Picture/kenney_input-prompts/Keyboard___Mouse/Default/keyboard_question_outline.uexp" 2491
"C:/Users/fury8/OneDrive/Documents/Unreal Projects/EchoOfTheLamb/Content/Menus/Picture/kenney_input-prompts/Keyboard___Mouse/Default/keyboard_question.uasset" 2492
"C:/Users/fury8/OneDrive/Documents/Unreal Projects/EchoOfTheLamb/Content/Menus/Picture/kenney_input-prompts/Keyboard___Mouse/Default/keyboard_question.uexp" 2493
"C:/Users/fury8/OneDrive/Documents/Unreal Projects/EchoOfTheLamb/Content/Menus/Picture/kenney_input-prompts/Keyboard___Mouse/Default/keyboard_q.uasset" 2494
"C:/Users/fury8/OneDrive/Documents/Unreal Projects/EchoOfTheLamb/Content/Menus/Picture/kenney_input-prompts/Keyboard___Mouse/Default/keyboard_q.uexp" 2495
"C:/Users/fury8/OneDrive/Documents/Unreal Projects/EchoOfTheLamb/Content/Menus/Picture/kenney_input-prompts/Keyboard___Mouse/Default/keyboard_p_outline.uasset" 2496
"C:/Users/fury8/OneDrive/Documents/Unreal Projects/EchoOfTheLamb/Content/Menus/Picture/kenney_input-prompts/Keyboard___Mouse/Default/keyboard_p_outline.uexp" 2497
"C:/Users/fury8/OneDrive/Documents/Unreal Projects/EchoOfTheLamb/Content/Menus/Picture/kenney_input-prompts/Keyboard___Mouse/Default/keyboard_printscreen_outline.uasset" 2498
"C:/Users/fury8/OneDrive/Documents/Unreal Projects/EchoOfTheLamb/Content/Menus/Picture/kenney_input-prompts/Keyboard___Mouse/Default/keyboard_printscreen_outline.uexp" 2499
"C:/Users/fury8/OneDrive/Documents/Unreal Projects/EchoOfTheLamb/Content/Menus/Picture/kenney_input-prompts/Keyboard___Mouse/Default/keyboard_printscreen.uasset" 2500
"C:/Users/fury8/OneDrive/Documents/Unreal Projects/EchoOfTheLamb/Content/Menus/Picture/kenney_input-prompts/Keyboard___Mouse/Default/keyboard_printscreen.uexp" 2501
"C:/Users/fury8/OneDrive/Documents/Unreal Projects/EchoOfTheLamb/Content/Menus/Picture/kenney_input-prompts/Keyboard___Mouse/Default/keyboard_plus_outline.uasset" 2502
"C:/Users/fury8/OneDrive/Documents/Unreal Projects/EchoOfTheLamb/Content/Menus/Picture/kenney_input-prompts/Keyboard___Mouse/Default/keyboard_plus_outline.uexp" 2503
"C:/Users/fury8/OneDrive/Documents/Unreal Projects/EchoOfTheLamb/Content/Menus/Picture/kenney_input-prompts/Keyboard___Mouse/Default/keyboard_plus.uasset" 2504
"C:/Users/fury8/OneDrive/Documents/Unreal Projects/EchoOfTheLamb/Content/Menus/Picture/kenney_input-prompts/Keyboard___Mouse/Default/keyboard_plus.uexp" 2505
"C:/Users/fury8/OneDrive/Documents/Unreal Projects/EchoOfTheLamb/Content/Menus/Picture/kenney_input-prompts/Keyboard___Mouse/Default/keyboard_period_outline.uasset" 2506
"C:/Users/fury8/OneDrive/Documents/Unreal Projects/EchoOfTheLamb/Content/Menus/Picture/kenney_input-prompts/Keyboard___Mouse/Default/keyboard_period_outline.uexp" 2507
"C:/Users/fury8/OneDrive/Documents/Unreal Projects/EchoOfTheLamb/Content/Menus/Picture/kenney_input-prompts/Keyboard___Mouse/Default/keyboard_period.uasset" 2508
"C:/Users/fury8/OneDrive/Documents/Unreal Projects/EchoOfTheLamb/Content/Menus/Picture/kenney_input-prompts/Keyboard___Mouse/Default/keyboard_period.uexp" 2509
"C:/Users/fury8/OneDrive/Documents/Unreal Projects/EchoOfTheLamb/Content/Menus/Picture/kenney_input-prompts/Keyboard___Mouse/Default/keyboard_page_up_outline.uasset" 2510
"C:/Users/fury8/OneDrive/Documents/Unreal Projects/EchoOfTheLamb/Content/Menus/Picture/kenney_input-prompts/Keyboard___Mouse/Default/keyboard_page_up_outline.uexp" 2511
"C:/Users/fury8/OneDrive/Documents/Unreal Projects/EchoOfTheLamb/Content/Menus/Picture/kenney_input-prompts/Keyboard___Mouse/Default/keyboard_page_up.uasset" 2512
"C:/Users/fury8/OneDrive/Documents/Unreal Projects/EchoOfTheLamb/Content/Menus/Picture/kenney_input-prompts/Keyboard___Mouse/Default/keyboard_page_up.uexp" 2513
"C:/Users/fury8/OneDrive/Documents/Unreal Projects/EchoOfTheLamb/Content/Menus/Picture/kenney_input-prompts/Keyboard___Mouse/Default/keyboard_page_down_outline.uasset" 2514
"C:/Users/fury8/OneDrive/Documents/Unreal Projects/EchoOfTheLamb/Content/Menus/Picture/kenney_input-prompts/Keyboard___Mouse/Default/keyboard_page_down_outline.uexp" 2515
"C:/Users/fury8/OneDrive/Documents/Unreal Projects/EchoOfTheLamb/Content/Menus/Picture/kenney_input-prompts/Keyboard___Mouse/Default/keyboard_page_down.uasset" 2516
"C:/Users/fury8/OneDrive/Documents/Unreal Projects/EchoOfTheLamb/Content/Menus/Picture/kenney_input-prompts/Keyboard___Mouse/Default/keyboard_page_down.uexp" 2517
"C:/Users/fury8/OneDrive/Documents/Unreal Projects/EchoOfTheLamb/Content/Menus/Picture/kenney_input-prompts/Keyboard___Mouse/Default/keyboard_p.uasset" 2518
"C:/Users/fury8/OneDrive/Documents/Unreal Projects/EchoOfTheLamb/Content/Menus/Picture/kenney_input-prompts/Keyboard___Mouse/Default/keyboard_p.uexp" 2519
"C:/Users/fury8/OneDrive/Documents/Unreal Projects/EchoOfTheLamb/Content/Menus/Picture/kenney_input-prompts/Keyboard___Mouse/Default/keyboard_o_outline.uasset" 2520
"C:/Users/fury8/OneDrive/Documents/Unreal Projects/EchoOfTheLamb/Content/Menus/Picture/kenney_input-prompts/Keyboard___Mouse/Default/keyboard_o_outline.uexp" 2521
"C:/Users/fury8/OneDrive/Documents/Unreal Projects/EchoOfTheLamb/Content/Menus/Picture/kenney_input-prompts/Keyboard___Mouse/Default/keyboard_option_outline.uasset" 2522
"C:/Users/fury8/OneDrive/Documents/Unreal Projects/EchoOfTheLamb/Content/Menus/Picture/kenney_input-prompts/Keyboard___Mouse/Default/keyboard_option_outline.uexp" 2523
"C:/Users/fury8/OneDrive/Documents/Unreal Projects/EchoOfTheLamb/Content/Menus/Picture/kenney_input-prompts/Keyboard___Mouse/Default/keyboard_option.uasset" 2524
"C:/Users/fury8/OneDrive/Documents/Unreal Projects/EchoOfTheLamb/Content/Menus/Picture/kenney_input-prompts/Keyboard___Mouse/Default/keyboard_option.uexp" 2525
"C:/Users/fury8/OneDrive/Documents/Unreal Projects/EchoOfTheLamb/Content/Menus/Picture/kenney_input-prompts/Keyboard___Mouse/Default/keyboard_o.uasset" 2526
"C:/Users/fury8/OneDrive/Documents/Unreal Projects/EchoOfTheLamb/Content/Menus/Picture/kenney_input-prompts/Keyboard___Mouse/Default/keyboard_o.uexp" 2527
"C:/Users/fury8/OneDrive/Documents/Unreal Projects/EchoOfTheLamb/Content/Menus/Picture/kenney_input-prompts/Keyboard___Mouse/Default/keyboard_n_outline.uasset" 2528
"C:/Users/fury8/OneDrive/Documents/Unreal Projects/EchoOfTheLamb/Content/Menus/Picture/kenney_input-prompts/Keyboard___Mouse/Default/keyboard_n_outline.uexp" 2529
"C:/Users/fury8/OneDrive/Documents/Unreal Projects/EchoOfTheLamb/Content/Menus/Picture/kenney_input-prompts/Keyboard___Mouse/Default/keyboard_numpad_plus_outline.uasset" 2530
"C:/Users/fury8/OneDrive/Documents/Unreal Projects/EchoOfTheLamb/Content/Menus/Picture/kenney_input-prompts/Keyboard___Mouse/Default/keyboard_numpad_plus_outline.uexp" 2531
"C:/Users/fury8/OneDrive/Documents/Unreal Projects/EchoOfTheLamb/Content/Menus/Picture/kenney_input-prompts/Keyboard___Mouse/Default/keyboard_numpad_plus.uasset" 2532
"C:/Users/fury8/OneDrive/Documents/Unreal Projects/EchoOfTheLamb/Content/Menus/Picture/kenney_input-prompts/Keyboard___Mouse/Default/keyboard_numpad_plus.uexp" 2533
"C:/Users/fury8/OneDrive/Documents/Unreal Projects/EchoOfTheLamb/Content/Menus/Picture/kenney_input-prompts/Keyboard___Mouse/Default/keyboard_numpad_enter_outline.uasset" 2534
"C:/Users/fury8/OneDrive/Documents/Unreal Projects/EchoOfTheLamb/Content/Menus/Picture/kenney_input-prompts/Keyboard___Mouse/Default/keyboard_numpad_enter_outline.uexp" 2535
"C:/Users/fury8/OneDrive/Documents/Unreal Projects/EchoOfTheLamb/Content/Menus/Picture/kenney_input-prompts/Keyboard___Mouse/Default/keyboard_numpad_enter.uasset" 2536
"C:/Users/fury8/OneDrive/Documents/Unreal Projects/EchoOfTheLamb/Content/Menus/Picture/kenney_input-prompts/Keyboard___Mouse/Default/keyboard_numpad_enter.uexp" 2537
"C:/Users/fury8/OneDrive/Documents/Unreal Projects/EchoOfTheLamb/Content/Menus/Picture/kenney_input-prompts/Keyboard___Mouse/Default/keyboard_numlock_outline.uasset" 2538
"C:/Users/fury8/OneDrive/Documents/Unreal Projects/EchoOfTheLamb/Content/Menus/Picture/kenney_input-prompts/Keyboard___Mouse/Default/keyboard_numlock_outline.uexp" 2539
"C:/Users/fury8/OneDrive/Documents/Unreal Projects/EchoOfTheLamb/Content/Menus/Picture/kenney_input-prompts/Keyboard___Mouse/Default/keyboard_numlock.uasset" 2540
"C:/Users/fury8/OneDrive/Documents/Unreal Projects/EchoOfTheLamb/Content/Menus/Picture/kenney_input-prompts/Keyboard___Mouse/Default/keyboard_numlock.uexp" 2541
"C:/Users/fury8/OneDrive/Documents/Unreal Projects/EchoOfTheLamb/Content/Menus/Picture/kenney_input-prompts/Keyboard___Mouse/Default/keyboard_n.uasset" 2542
"C:/Users/fury8/OneDrive/Documents/Unreal Projects/EchoOfTheLamb/Content/Menus/Picture/kenney_input-prompts/Keyboard___Mouse/Default/keyboard_n.uexp" 2543
"C:/Users/fury8/OneDrive/Documents/Unreal Projects/EchoOfTheLamb/Content/Menus/Picture/kenney_input-prompts/Keyboard___Mouse/Default/keyboard_m_outline.uasset" 2544
"C:/Users/fury8/OneDrive/Documents/Unreal Projects/EchoOfTheLamb/Content/Menus/Picture/kenney_input-prompts/Keyboard___Mouse/Default/keyboard_m_outline.uexp" 2545
"C:/Users/fury8/OneDrive/Documents/Unreal Projects/EchoOfTheLamb/Content/Menus/Picture/kenney_input-prompts/Keyboard___Mouse/Default/keyboard_minus_outline.uasset" 2546
"C:/Users/fury8/OneDrive/Documents/Unreal Projects/EchoOfTheLamb/Content/Menus/Picture/kenney_input-prompts/Keyboard___Mouse/Default/keyboard_minus_outline.uexp" 2547
"C:/Users/fury8/OneDrive/Documents/Unreal Projects/EchoOfTheLamb/Content/Menus/Picture/kenney_input-prompts/Keyboard___Mouse/Default/keyboard_minus.uasset" 2548
"C:/Users/fury8/OneDrive/Documents/Unreal Projects/EchoOfTheLamb/Content/Menus/Picture/kenney_input-prompts/Keyboard___Mouse/Default/keyboard_minus.uexp" 2549
"C:/Users/fury8/OneDrive/Documents/Unreal Projects/EchoOfTheLamb/Content/Menus/Picture/kenney_input-prompts/Keyboard___Mouse/Default/keyboard_m.uasset" 2550
"C:/Users/fury8/OneDrive/Documents/Unreal Projects/EchoOfTheLamb/Content/Menus/Picture/kenney_input-prompts/Keyboard___Mouse/Default/keyboard_m.uexp" 2551
"C:/Users/fury8/OneDrive/Documents/Unreal Projects/EchoOfTheLamb/Content/Menus/Picture/kenney_input-prompts/Keyboard___Mouse/Default/keyboard_l_outline.uasset" 2552
"C:/Users/fury8/OneDrive/Documents/Unreal Projects/EchoOfTheLamb/Content/Menus/Picture/kenney_input-prompts/Keyboard___Mouse/Default/keyboard_l_outline.uexp" 2553
"C:/Users/fury8/OneDrive/Documents/Unreal Projects/EchoOfTheLamb/Content/Menus/Picture/kenney_input-prompts/Keyboard___Mouse/Default/keyboard_l.uasset" 2554
"C:/Users/fury8/OneDrive/Documents/Unreal Projects/EchoOfTheLamb/Content/Menus/Picture/kenney_input-prompts/Keyboard___Mouse/Default/keyboard_l.uexp" 2555
"C:/Users/fury8/OneDrive/Documents/Unreal Projects/EchoOfTheLamb/Content/Menus/Picture/kenney_input-prompts/Keyboard___Mouse/Default/keyboard_k_outline.uasset" 2556
"C:/Users/fury8/OneDrive/Documents/Unreal Projects/EchoOfTheLamb/Content/Menus/Picture/kenney_input-prompts/Keyboard___Mouse/Default/keyboard_k_outline.uexp" 2557
"C:/Users/fury8/OneDrive/Documents/Unreal Projects/EchoOfTheLamb/Content/Menus/Picture/kenney_input-prompts/Keyboard___Mouse/Default/keyboard_k.uasset" 2558
"C:/Users/fury8/OneDrive/Documents/Unreal Projects/EchoOfTheLamb/Content/Menus/Picture/kenney_input-prompts/Keyboard___Mouse/Default/keyboard_k.uexp" 2559
"C:/Users/fury8/OneDrive/Documents/Unreal Projects/EchoOfTheLamb/Content/Menus/Picture/kenney_input-prompts/Keyboard___Mouse/Default/keyboard_j_outline.uasset" 2560
"C:/Users/fury8/OneDrive/Documents/Unreal Projects/EchoOfTheLamb/Content/Menus/Picture/kenney_input-prompts/Keyboard___Mouse/Default/keyboard_j_outline.uexp" 2561
"C:/Users/fury8/OneDrive/Documents/Unreal Projects/EchoOfTheLamb/Content/Menus/Picture/kenney_input-prompts/Keyboard___Mouse/Default/keyboard_j.uasset" 2562
"C:/Users/fury8/OneDrive/Documents/Unreal Projects/EchoOfTheLamb/Content/Menus/Picture/kenney_input-prompts/Keyboard___Mouse/Default/keyboard_j.uexp" 2563
"C:/Users/fury8/OneDrive/Documents/Unreal Projects/EchoOfTheLamb/Content/Menus/Picture/kenney_input-prompts/Keyboard___Mouse/Default/keyboard_i_outline.uasset" 2564
"C:/Users/fury8/OneDrive/Documents/Unreal Projects/EchoOfTheLamb/Content/Menus/Picture/kenney_input-prompts/Keyboard___Mouse/Default/keyboard_i_outline.uexp" 2565
"C:/Users/fury8/OneDrive/Documents/Unreal Projects/EchoOfTheLamb/Content/Menus/Picture/kenney_input-prompts/Keyboard___Mouse/Default/keyboard_insert_outline.uasset" 2566
"C:/Users/fury8/OneDrive/Documents/Unreal Projects/EchoOfTheLamb/Content/Menus/Picture/kenney_input-prompts/Keyboard___Mouse/Default/keyboard_insert_outline.uexp" 2567
"C:/Users/fury8/OneDrive/Documents/Unreal Projects/EchoOfTheLamb/Content/Menus/Picture/kenney_input-prompts/Keyboard___Mouse/Default/keyboard_insert.uasset" 2568
"C:/Users/fury8/OneDrive/Documents/Unreal Projects/EchoOfTheLamb/Content/Menus/Picture/kenney_input-prompts/Keyboard___Mouse/Default/keyboard_insert.uexp" 2569
"C:/Users/fury8/OneDrive/Documents/Unreal Projects/EchoOfTheLamb/Content/Menus/Picture/kenney_input-prompts/Keyboard___Mouse/Default/keyboard_i.uasset" 2570
"C:/Users/fury8/OneDrive/Documents/Unreal Projects/EchoOfTheLamb/Content/Menus/Picture/kenney_input-prompts/Keyboard___Mouse/Default/keyboard_i.uexp" 2571
"C:/Users/fury8/OneDrive/Documents/Unreal Projects/EchoOfTheLamb/Content/Menus/Picture/kenney_input-prompts/Keyboard___Mouse/Default/keyboard_h_outline.uasset" 2572
"C:/Users/fury8/OneDrive/Documents/Unreal Projects/EchoOfTheLamb/Content/Menus/Picture/kenney_input-prompts/Keyboard___Mouse/Default/keyboard_h_outline.uexp" 2573
"C:/Users/fury8/OneDrive/Documents/Unreal Projects/EchoOfTheLamb/Content/Menus/Picture/kenney_input-prompts/Keyboard___Mouse/Default/keyboard_home_outline.uasset" 2574
"C:/Users/fury8/OneDrive/Documents/Unreal Projects/EchoOfTheLamb/Content/Menus/Picture/kenney_input-prompts/Keyboard___Mouse/Default/keyboard_home_outline.uexp" 2575
"C:/Users/fury8/OneDrive/Documents/Unreal Projects/EchoOfTheLamb/Content/Menus/Picture/kenney_input-prompts/Keyboard___Mouse/Default/keyboard_home.uasset" 2576
"C:/Users/fury8/OneDrive/Documents/Unreal Projects/EchoOfTheLamb/Content/Menus/Picture/kenney_input-prompts/Keyboard___Mouse/Default/keyboard_home.uexp" 2577
"C:/Users/fury8/OneDrive/Documents/Unreal Projects/EchoOfTheLamb/Content/Menus/Picture/kenney_input-prompts/Keyboard___Mouse/Default/keyboard_h.uasset" 2578
"C:/Users/fury8/OneDrive/Documents/Unreal Projects/EchoOfTheLamb/Content/Menus/Picture/kenney_input-prompts/Keyboard___Mouse/Default/keyboard_h.uexp" 2579
"C:/Users/fury8/OneDrive/Documents/Unreal Projects/EchoOfTheLamb/Content/Menus/Picture/kenney_input-prompts/Keyboard___Mouse/Default/keyboard_g_outline.uasset" 2580
"C:/Users/fury8/OneDrive/Documents/Unreal Projects/EchoOfTheLamb/Content/Menus/Picture/kenney_input-prompts/Keyboard___Mouse/Default/keyboard_g_outline.uexp" 2581
"C:/Users/fury8/OneDrive/Documents/Unreal Projects/EchoOfTheLamb/Content/Menus/Picture/kenney_input-prompts/Keyboard___Mouse/Default/keyboard_g.uasset" 2582
"C:/Users/fury8/OneDrive/Documents/Unreal Projects/EchoOfTheLamb/Content/Menus/Picture/kenney_input-prompts/Keyboard___Mouse/Default/keyboard_g.uexp" 2583
"C:/Users/fury8/OneDrive/Documents/Unreal Projects/EchoOfTheLamb/Content/Menus/Picture/kenney_input-prompts/Keyboard___Mouse/Default/keyboard_f_outline.uasset" 2584
"C:/Users/fury8/OneDrive/Documents/Unreal Projects/EchoOfTheLamb/Content/Menus/Picture/kenney_input-prompts/Keyboard___Mouse/Default/keyboard_f_outline.uexp" 2585
"C:/Users/fury8/OneDrive/Documents/Unreal Projects/EchoOfTheLamb/Content/Menus/Picture/kenney_input-prompts/Keyboard___Mouse/Default/keyboard_function_outline.uasset" 2586
"C:/Users/fury8/OneDrive/Documents/Unreal Projects/EchoOfTheLamb/Content/Menus/Picture/kenney_input-prompts/Keyboard___Mouse/Default/keyboard_function_outline.uexp" 2587
"C:/Users/fury8/OneDrive/Documents/Unreal Projects/EchoOfTheLamb/Content/Menus/Picture/kenney_input-prompts/Keyboard___Mouse/Default/keyboard_function.uasset" 2588
"C:/Users/fury8/OneDrive/Documents/Unreal Projects/EchoOfTheLamb/Content/Menus/Picture/kenney_input-prompts/Keyboard___Mouse/Default/keyboard_function.uexp" 2589
"C:/Users/fury8/OneDrive/Documents/Unreal Projects/EchoOfTheLamb/Content/Menus/Picture/kenney_input-prompts/Keyboard___Mouse/Default/keyboard_f9_outline.uasset" 2590
"C:/Users/fury8/OneDrive/Documents/Unreal Projects/EchoOfTheLamb/Content/Menus/Picture/kenney_input-prompts/Keyboard___Mouse/Default/keyboard_f9_outline.uexp" 2591
"C:/Users/fury8/OneDrive/Documents/Unreal Projects/EchoOfTheLamb/Content/Menus/Picture/kenney_input-prompts/Keyboard___Mouse/Default/keyboard_f9.uasset" 2592
"C:/Users/fury8/OneDrive/Documents/Unreal Projects/EchoOfTheLamb/Content/Menus/Picture/kenney_input-prompts/Keyboard___Mouse/Default/keyboard_f9.uexp" 2593
"C:/Users/fury8/OneDrive/Documents/Unreal Projects/EchoOfTheLamb/Content/Menus/Picture/kenney_input-prompts/Keyboard___Mouse/Default/keyboard_f8_outline.uasset" 2594
"C:/Users/fury8/OneDrive/Documents/Unreal Projects/EchoOfTheLamb/Content/Menus/Picture/kenney_input-prompts/Keyboard___Mouse/Default/keyboard_f8_outline.uexp" 2595
"C:/Users/fury8/OneDrive/Documents/Unreal Projects/EchoOfTheLamb/Content/Menus/Picture/kenney_input-prompts/Keyboard___Mouse/Default/keyboard_f8.uasset" 2596
"C:/Users/fury8/OneDrive/Documents/Unreal Projects/EchoOfTheLamb/Content/Menus/Picture/kenney_input-prompts/Keyboard___Mouse/Default/keyboard_f8.uexp" 2597
"C:/Users/fury8/OneDrive/Documents/Unreal Projects/EchoOfTheLamb/Content/Menus/Picture/kenney_input-prompts/Keyboard___Mouse/Default/keyboard_f7_outline.uasset" 2598
"C:/Users/fury8/OneDrive/Documents/Unreal Projects/EchoOfTheLamb/Content/Menus/Picture/kenney_input-prompts/Keyboard___Mouse/Default/keyboard_f7_outline.uexp" 2599
"C:/Users/fury8/OneDrive/Documents/Unreal Projects/EchoOfTheLamb/Content/Menus/Picture/kenney_input-prompts/Keyboard___Mouse/Default/keyboard_f7.uasset" 2600
"C:/Users/fury8/OneDrive/Documents/Unreal Projects/EchoOfTheLamb/Content/Menus/Picture/kenney_input-prompts/Keyboard___Mouse/Default/keyboard_f7.uexp" 2601
"C:/Users/fury8/OneDrive/Documents/Unreal Projects/EchoOfTheLamb/Content/Menus/Picture/kenney_input-prompts/Keyboard___Mouse/Default/keyboard_f6_outline.uasset" 2602
"C:/Users/fury8/OneDrive/Documents/Unreal Projects/EchoOfTheLamb/Content/Menus/Picture/kenney_input-prompts/Keyboard___Mouse/Default/keyboard_f6_outline.uexp" 2603
"C:/Users/fury8/OneDrive/Documents/Unreal Projects/EchoOfTheLamb/Content/Menus/Picture/kenney_input-prompts/Keyboard___Mouse/Default/keyboard_f6.uasset" 2604
"C:/Users/fury8/OneDrive/Documents/Unreal Projects/EchoOfTheLamb/Content/Menus/Picture/kenney_input-prompts/Keyboard___Mouse/Default/keyboard_f6.uexp" 2605
"C:/Users/fury8/OneDrive/Documents/Unreal Projects/EchoOfTheLamb/Content/Menus/Picture/kenney_input-prompts/Keyboard___Mouse/Default/keyboard_f5_outline.uasset" 2606
"C:/Users/fury8/OneDrive/Documents/Unreal Projects/EchoOfTheLamb/Content/Menus/Picture/kenney_input-prompts/Keyboard___Mouse/Default/keyboard_f5_outline.uexp" 2607
"C:/Users/fury8/OneDrive/Documents/Unreal Projects/EchoOfTheLamb/Content/Menus/Picture/kenney_input-prompts/Keyboard___Mouse/Default/keyboard_f5.uasset" 2608
"C:/Users/fury8/OneDrive/Documents/Unreal Projects/EchoOfTheLamb/Content/Menus/Picture/kenney_input-prompts/Keyboard___Mouse/Default/keyboard_f5.uexp" 2609
"C:/Users/fury8/OneDrive/Documents/Unreal Projects/EchoOfTheLamb/Content/Menus/Picture/kenney_input-prompts/Keyboard___Mouse/Default/keyboard_f4_outline.uasset" 2610
"C:/Users/fury8/OneDrive/Documents/Unreal Projects/EchoOfTheLamb/Content/Menus/Picture/kenney_input-prompts/Keyboard___Mouse/Default/keyboard_f4_outline.uexp" 2611
"C:/Users/fury8/OneDrive/Documents/Unreal Projects/EchoOfTheLamb/Content/Menus/Picture/kenney_input-prompts/Keyboard___Mouse/Default/keyboard_f4.uasset" 2612
"C:/Users/fury8/OneDrive/Documents/Unreal Projects/EchoOfTheLamb/Content/Menus/Picture/kenney_input-prompts/Keyboard___Mouse/Default/keyboard_f4.uexp" 2613
"C:/Users/fury8/OneDrive/Documents/Unreal Projects/EchoOfTheLamb/Content/Menus/Picture/kenney_input-prompts/Keyboard___Mouse/Default/keyboard_f3_outline.uasset" 2614
"C:/Users/fury8/OneDrive/Documents/Unreal Projects/EchoOfTheLamb/Content/Menus/Picture/kenney_input-prompts/Keyboard___Mouse/Default/keyboard_f3_outline.uexp" 2615
"C:/Users/fury8/OneDrive/Documents/Unreal Projects/EchoOfTheLamb/Content/Menus/Picture/kenney_input-prompts/Keyboard___Mouse/Default/keyboard_f3.uasset" 2616
"C:/Users/fury8/OneDrive/Documents/Unreal Projects/EchoOfTheLamb/Content/Menus/Picture/kenney_input-prompts/Keyboard___Mouse/Default/keyboard_f3.uexp" 2617
"C:/Users/fury8/OneDrive/Documents/Unreal Projects/EchoOfTheLamb/Content/Menus/Picture/kenney_input-prompts/Keyboard___Mouse/Default/keyboard_f2_outline.uasset" 2618
"C:/Users/fury8/OneDrive/Documents/Unreal Projects/EchoOfTheLamb/Content/Menus/Picture/kenney_input-prompts/Keyboard___Mouse/Default/keyboard_f2_outline.uexp" 2619
"C:/Users/fury8/OneDrive/Documents/Unreal Projects/EchoOfTheLamb/Content/Menus/Picture/kenney_input-prompts/Keyboard___Mouse/Default/keyboard_f2.uasset" 2620
"C:/Users/fury8/OneDrive/Documents/Unreal Projects/EchoOfTheLamb/Content/Menus/Picture/kenney_input-prompts/Keyboard___Mouse/Default/keyboard_f2.uexp" 2621
"C:/Users/fury8/OneDrive/Documents/Unreal Projects/EchoOfTheLamb/Content/Menus/Picture/kenney_input-prompts/Keyboard___Mouse/Default/keyboard_f1_outline.uasset" 2622
"C:/Users/fury8/OneDrive/Documents/Unreal Projects/EchoOfTheLamb/Content/Menus/Picture/kenney_input-prompts/Keyboard___Mouse/Default/keyboard_f1_outline.uexp" 2623
"C:/Users/fury8/OneDrive/Documents/Unreal Projects/EchoOfTheLamb/Content/Menus/Picture/kenney_input-prompts/Keyboard___Mouse/Default/keyboard_f12_outline.uasset" 2624
"C:/Users/fury8/OneDrive/Documents/Unreal Projects/EchoOfTheLamb/Content/Menus/Picture/kenney_input-prompts/Keyboard___Mouse/Default/keyboard_f12_outline.uexp" 2625
"C:/Users/fury8/OneDrive/Documents/Unreal Projects/EchoOfTheLamb/Content/Menus/Picture/kenney_input-prompts/Keyboard___Mouse/Default/keyboard_f12.uasset" 2626
"C:/Users/fury8/OneDrive/Documents/Unreal Projects/EchoOfTheLamb/Content/Menus/Picture/kenney_input-prompts/Keyboard___Mouse/Default/keyboard_f12.uexp" 2627
"C:/Users/fury8/OneDrive/Documents/Unreal Projects/EchoOfTheLamb/Content/Menus/Picture/kenney_input-prompts/Keyboard___Mouse/Default/keyboard_f11_outline.uasset" 2628
"C:/Users/fury8/OneDrive/Documents/Unreal Projects/EchoOfTheLamb/Content/Menus/Picture/kenney_input-prompts/Keyboard___Mouse/Default/keyboard_f11_outline.uexp" 2629
"C:/Users/fury8/OneDrive/Documents/Unreal Projects/EchoOfTheLamb/Content/Menus/Picture/kenney_input-prompts/Keyboard___Mouse/Default/keyboard_f11.uasset" 2630
"C:/Users/fury8/OneDrive/Documents/Unreal Projects/EchoOfTheLamb/Content/Menus/Picture/kenney_input-prompts/Keyboard___Mouse/Default/keyboard_f11.uexp" 2631
"C:/Users/fury8/OneDrive/Documents/Unreal Projects/EchoOfTheLamb/Content/Menus/Picture/kenney_input-prompts/Keyboard___Mouse/Default/keyboard_f10_outline.uasset" 2632
"C:/Users/fury8/OneDrive/Documents/Unreal Projects/EchoOfTheLamb/Content/Menus/Picture/kenney_input-prompts/Keyboard___Mouse/Default/keyboard_f10_outline.uexp" 2633
"C:/Users/fury8/OneDrive/Documents/Unreal Projects/EchoOfTheLamb/Content/Menus/Picture/kenney_input-prompts/Keyboard___Mouse/Default/keyboard_f10.uasset" 2634
"C:/Users/fury8/OneDrive/Documents/Unreal Projects/EchoOfTheLamb/Content/Menus/Picture/kenney_input-prompts/Keyboard___Mouse/Default/keyboard_f10.uexp" 2635
"C:/Users/fury8/OneDrive/Documents/Unreal Projects/EchoOfTheLamb/Content/Menus/Picture/kenney_input-prompts/Keyboard___Mouse/Default/keyboard_f1.uasset" 2636
"C:/Users/fury8/OneDrive/Documents/Unreal Projects/EchoOfTheLamb/Content/Menus/Picture/kenney_input-prompts/Keyboard___Mouse/Default/keyboard_f1.uexp" 2637
"C:/Users/fury8/OneDrive/Documents/Unreal Projects/EchoOfTheLamb/Content/Menus/Picture/kenney_input-prompts/Keyboard___Mouse/Default/keyboard_f.uasset" 2638
"C:/Users/fury8/OneDrive/Documents/Unreal Projects/EchoOfTheLamb/Content/Menus/Picture/kenney_input-prompts/Keyboard___Mouse/Default/keyboard_f.uexp" 2639
"C:/Users/fury8/OneDrive/Documents/Unreal Projects/EchoOfTheLamb/Content/Menus/Picture/kenney_input-prompts/Keyboard___Mouse/Default/keyboard_e_outline.uasset" 2640
"C:/Users/fury8/OneDrive/Documents/Unreal Projects/EchoOfTheLamb/Content/Menus/Picture/kenney_input-prompts/Keyboard___Mouse/Default/keyboard_e_outline.uexp" 2641
"C:/Users/fury8/OneDrive/Documents/Unreal Projects/EchoOfTheLamb/Content/Menus/Picture/kenney_input-prompts/Keyboard___Mouse/Default/keyboard_exclamation_outline.uasset" 2642
"C:/Users/fury8/OneDrive/Documents/Unreal Projects/EchoOfTheLamb/Content/Menus/Picture/kenney_input-prompts/Keyboard___Mouse/Default/keyboard_exclamation_outline.uexp" 2643
"C:/Users/fury8/OneDrive/Documents/Unreal Projects/EchoOfTheLamb/Content/Menus/Picture/kenney_input-prompts/Keyboard___Mouse/Default/keyboard_exclamation.uasset" 2644
"C:/Users/fury8/OneDrive/Documents/Unreal Projects/EchoOfTheLamb/Content/Menus/Picture/kenney_input-prompts/Keyboard___Mouse/Default/keyboard_exclamation.uexp" 2645
"C:/Users/fury8/OneDrive/Documents/Unreal Projects/EchoOfTheLamb/Content/Menus/Picture/kenney_input-prompts/Keyboard___Mouse/Default/keyboard_escape_outline.uasset" 2646
"C:/Users/fury8/OneDrive/Documents/Unreal Projects/EchoOfTheLamb/Content/Menus/Picture/kenney_input-prompts/Keyboard___Mouse/Default/keyboard_escape_outline.uexp" 2647
"C:/Users/fury8/OneDrive/Documents/Unreal Projects/EchoOfTheLamb/Content/Menus/Picture/kenney_input-prompts/Keyboard___Mouse/Default/keyboard_escape.uasset" 2648
"C:/Users/fury8/OneDrive/Documents/Unreal Projects/EchoOfTheLamb/Content/Menus/Picture/kenney_input-prompts/Keyboard___Mouse/Default/keyboard_escape.uexp" 2649
"C:/Users/fury8/OneDrive/Documents/Unreal Projects/EchoOfTheLamb/Content/Menus/Picture/kenney_input-prompts/Keyboard___Mouse/Default/keyboard_equals_outline.uasset" 2650
"C:/Users/fury8/OneDrive/Documents/Unreal Projects/EchoOfTheLamb/Content/Menus/Picture/kenney_input-prompts/Keyboard___Mouse/Default/keyboard_equals_outline.uexp" 2651
"C:/Users/fury8/OneDrive/Documents/Unreal Projects/EchoOfTheLamb/Content/Menus/Picture/kenney_input-prompts/Keyboard___Mouse/Default/keyboard_equals.uasset" 2652
"C:/Users/fury8/OneDrive/Documents/Unreal Projects/EchoOfTheLamb/Content/Menus/Picture/kenney_input-prompts/Keyboard___Mouse/Default/keyboard_equals.uexp" 2653
"C:/Users/fury8/OneDrive/Documents/Unreal Projects/EchoOfTheLamb/Content/Menus/Picture/kenney_input-prompts/Keyboard___Mouse/Default/keyboard_enter_outline.uasset" 2654
"C:/Users/fury8/OneDrive/Documents/Unreal Projects/EchoOfTheLamb/Content/Menus/Picture/kenney_input-prompts/Keyboard___Mouse/Default/keyboard_enter_outline.uexp" 2655
"C:/Users/fury8/OneDrive/Documents/Unreal Projects/EchoOfTheLamb/Content/Menus/Picture/kenney_input-prompts/Keyboard___Mouse/Default/keyboard_enter.uasset" 2656
"C:/Users/fury8/OneDrive/Documents/Unreal Projects/EchoOfTheLamb/Content/Menus/Picture/kenney_input-prompts/Keyboard___Mouse/Default/keyboard_enter.uexp" 2657
"C:/Users/fury8/OneDrive/Documents/Unreal Projects/EchoOfTheLamb/Content/Menus/Picture/kenney_input-prompts/Keyboard___Mouse/Default/keyboard_end_outline.uasset" 2658
"C:/Users/fury8/OneDrive/Documents/Unreal Projects/EchoOfTheLamb/Content/Menus/Picture/kenney_input-prompts/Keyboard___Mouse/Default/keyboard_end_outline.uexp" 2659
"C:/Users/fury8/OneDrive/Documents/Unreal Projects/EchoOfTheLamb/Content/Menus/Picture/kenney_input-prompts/Keyboard___Mouse/Default/keyboard_end.uasset" 2660
"C:/Users/fury8/OneDrive/Documents/Unreal Projects/EchoOfTheLamb/Content/Menus/Picture/kenney_input-prompts/Keyboard___Mouse/Default/keyboard_end.uexp" 2661
"C:/Users/fury8/OneDrive/Documents/Unreal Projects/EchoOfTheLamb/Content/Menus/Picture/kenney_input-prompts/Keyboard___Mouse/Default/keyboard_e.uasset" 2662
"C:/Users/fury8/OneDrive/Documents/Unreal Projects/EchoOfTheLamb/Content/Menus/Picture/kenney_input-prompts/Keyboard___Mouse/Default/keyboard_e.uexp" 2663
"C:/Users/fury8/OneDrive/Documents/Unreal Projects/EchoOfTheLamb/Content/Menus/Picture/kenney_input-prompts/Keyboard___Mouse/Default/keyboard_d_outline.uasset" 2664
"C:/Users/fury8/OneDrive/Documents/Unreal Projects/EchoOfTheLamb/Content/Menus/Picture/kenney_input-prompts/Keyboard___Mouse/Default/keyboard_d_outline.uexp" 2665
"C:/Users/fury8/OneDrive/Documents/Unreal Projects/EchoOfTheLamb/Content/Menus/Picture/kenney_input-prompts/Keyboard___Mouse/Default/keyboard_delete_outline.uasset" 2666
"C:/Users/fury8/OneDrive/Documents/Unreal Projects/EchoOfTheLamb/Content/Menus/Picture/kenney_input-prompts/Keyboard___Mouse/Default/keyboard_delete_outline.uexp" 2667
"C:/Users/fury8/OneDrive/Documents/Unreal Projects/EchoOfTheLamb/Content/Menus/Picture/kenney_input-prompts/Keyboard___Mouse/Default/keyboard_delete.uasset" 2668
"C:/Users/fury8/OneDrive/Documents/Unreal Projects/EchoOfTheLamb/Content/Menus/Picture/kenney_input-prompts/Keyboard___Mouse/Default/keyboard_delete.uexp" 2669
"C:/Users/fury8/OneDrive/Documents/Unreal Projects/EchoOfTheLamb/Content/Menus/Picture/kenney_input-prompts/Keyboard___Mouse/Default/keyboard_d.uasset" 2670
"C:/Users/fury8/OneDrive/Documents/Unreal Projects/EchoOfTheLamb/Content/Menus/Picture/kenney_input-prompts/Keyboard___Mouse/Default/keyboard_d.uexp" 2671
"C:/Users/fury8/OneDrive/Documents/Unreal Projects/EchoOfTheLamb/Content/Menus/Picture/kenney_input-prompts/Keyboard___Mouse/Default/keyboard_c_outline.uasset" 2672
"C:/Users/fury8/OneDrive/Documents/Unreal Projects/EchoOfTheLamb/Content/Menus/Picture/kenney_input-prompts/Keyboard___Mouse/Default/keyboard_c_outline.uexp" 2673
"C:/Users/fury8/OneDrive/Documents/Unreal Projects/EchoOfTheLamb/Content/Menus/Picture/kenney_input-prompts/Keyboard___Mouse/Default/keyboard_ctrl_outline.uasset" 2674
"C:/Users/fury8/OneDrive/Documents/Unreal Projects/EchoOfTheLamb/Content/Menus/Picture/kenney_input-prompts/Keyboard___Mouse/Default/keyboard_ctrl_outline.uexp" 2675
"C:/Users/fury8/OneDrive/Documents/Unreal Projects/EchoOfTheLamb/Content/Menus/Picture/kenney_input-prompts/Keyboard___Mouse/Default/keyboard_ctrl.uasset" 2676
"C:/Users/fury8/OneDrive/Documents/Unreal Projects/EchoOfTheLamb/Content/Menus/Picture/kenney_input-prompts/Keyboard___Mouse/Default/keyboard_ctrl.uexp" 2677
"C:/Users/fury8/OneDrive/Documents/Unreal Projects/EchoOfTheLamb/Content/Menus/Picture/kenney_input-prompts/Keyboard___Mouse/Default/keyboard_comma_outline.uasset" 2678
"C:/Users/fury8/OneDrive/Documents/Unreal Projects/EchoOfTheLamb/Content/Menus/Picture/kenney_input-prompts/Keyboard___Mouse/Default/keyboard_comma_outline.uexp" 2679
"C:/Users/fury8/OneDrive/Documents/Unreal Projects/EchoOfTheLamb/Content/Menus/Picture/kenney_input-prompts/Keyboard___Mouse/Default/keyboard_command_outline.uasset" 2680
"C:/Users/fury8/OneDrive/Documents/Unreal Projects/EchoOfTheLamb/Content/Menus/Picture/kenney_input-prompts/Keyboard___Mouse/Default/keyboard_command_outline.uexp" 2681
"C:/Users/fury8/OneDrive/Documents/Unreal Projects/EchoOfTheLamb/Content/Menus/Picture/kenney_input-prompts/Keyboard___Mouse/Default/keyboard_command.uasset" 2682
"C:/Users/fury8/OneDrive/Documents/Unreal Projects/EchoOfTheLamb/Content/Menus/Picture/kenney_input-prompts/Keyboard___Mouse/Default/keyboard_command.uexp" 2683
"C:/Users/fury8/OneDrive/Documents/Unreal Projects/EchoOfTheLamb/Content/Menus/Picture/kenney_input-prompts/Keyboard___Mouse/Default/keyboard_comma.uasset" 2684
"C:/Users/fury8/OneDrive/Documents/Unreal Projects/EchoOfTheLamb/Content/Menus/Picture/kenney_input-prompts/Keyboard___Mouse/Default/keyboard_comma.uexp" 2685
"C:/Users/fury8/OneDrive/Documents/Unreal Projects/EchoOfTheLamb/Content/Menus/Picture/kenney_input-prompts/Keyboard___Mouse/Default/keyboard_colon_outline.uasset" 2686
"C:/Users/fury8/OneDrive/Documents/Unreal Projects/EchoOfTheLamb/Content/Menus/Picture/kenney_input-prompts/Keyboard___Mouse/Default/keyboard_colon_outline.uexp" 2687
"C:/Users/fury8/OneDrive/Documents/Unreal Projects/EchoOfTheLamb/Content/Menus/Picture/kenney_input-prompts/Keyboard___Mouse/Default/keyboard_colon.uasset" 2688
"C:/Users/fury8/OneDrive/Documents/Unreal Projects/EchoOfTheLamb/Content/Menus/Picture/kenney_input-prompts/Keyboard___Mouse/Default/keyboard_colon.uexp" 2689
"C:/Users/fury8/OneDrive/Documents/Unreal Projects/EchoOfTheLamb/Content/Menus/Picture/kenney_input-prompts/Keyboard___Mouse/Default/keyboard_caret_outline.uasset" 2690
"C:/Users/fury8/OneDrive/Documents/Unreal Projects/EchoOfTheLamb/Content/Menus/Picture/kenney_input-prompts/Keyboard___Mouse/Default/keyboard_caret_outline.uexp" 2691
"C:/Users/fury8/OneDrive/Documents/Unreal Projects/EchoOfTheLamb/Content/Menus/Picture/kenney_input-prompts/Keyboard___Mouse/Default/keyboard_caret.uasset" 2692
"C:/Users/fury8/OneDrive/Documents/Unreal Projects/EchoOfTheLamb/Content/Menus/Picture/kenney_input-prompts/Keyboard___Mouse/Default/keyboard_caret.uexp" 2693
"C:/Users/fury8/OneDrive/Documents/Unreal Projects/EchoOfTheLamb/Content/Menus/Picture/kenney_input-prompts/Keyboard___Mouse/Default/keyboard_capslock_outline.uasset" 2694
"C:/Users/fury8/OneDrive/Documents/Unreal Projects/EchoOfTheLamb/Content/Menus/Picture/kenney_input-prompts/Keyboard___Mouse/Default/keyboard_capslock_outline.uexp" 2695
"C:/Users/fury8/OneDrive/Documents/Unreal Projects/EchoOfTheLamb/Content/Menus/Picture/kenney_input-prompts/Keyboard___Mouse/Default/keyboard_capslock_icon_outline.uasset" 2696
"C:/Users/fury8/OneDrive/Documents/Unreal Projects/EchoOfTheLamb/Content/Menus/Picture/kenney_input-prompts/Keyboard___Mouse/Default/keyboard_capslock_icon_outline.uexp" 2697
"C:/Users/fury8/OneDrive/Documents/Unreal Projects/EchoOfTheLamb/Content/Menus/Picture/kenney_input-prompts/Keyboard___Mouse/Default/keyboard_capslock_icon.uasset" 2698
"C:/Users/fury8/OneDrive/Documents/Unreal Projects/EchoOfTheLamb/Content/Menus/Picture/kenney_input-prompts/Keyboard___Mouse/Default/keyboard_capslock_icon.uexp" 2699
"C:/Users/fury8/OneDrive/Documents/Unreal Projects/EchoOfTheLamb/Content/Menus/Picture/kenney_input-prompts/Keyboard___Mouse/Default/keyboard_capslock.uasset" 2700
"C:/Users/fury8/OneDrive/Documents/Unreal Projects/EchoOfTheLamb/Content/Menus/Picture/kenney_input-prompts/Keyboard___Mouse/Default/keyboard_capslock.uexp" 2701
"C:/Users/fury8/OneDrive/Documents/Unreal Projects/EchoOfTheLamb/Content/Menus/Picture/kenney_input-prompts/Keyboard___Mouse/Default/keyboard_c.uasset" 2702
"C:/Users/fury8/OneDrive/Documents/Unreal Projects/EchoOfTheLamb/Content/Menus/Picture/kenney_input-prompts/Keyboard___Mouse/Default/keyboard_c.uexp" 2703
"C:/Users/fury8/OneDrive/Documents/Unreal Projects/EchoOfTheLamb/Content/Menus/Picture/kenney_input-prompts/Keyboard___Mouse/Default/keyboard_b_outline.uasset" 2704
"C:/Users/fury8/OneDrive/Documents/Unreal Projects/EchoOfTheLamb/Content/Menus/Picture/kenney_input-prompts/Keyboard___Mouse/Default/keyboard_b_outline.uexp" 2705
"C:/Users/fury8/OneDrive/Documents/Unreal Projects/EchoOfTheLamb/Content/Menus/Picture/kenney_input-prompts/Keyboard___Mouse/Default/keyboard_bracket_open_outline.uasset" 2706
"C:/Users/fury8/OneDrive/Documents/Unreal Projects/EchoOfTheLamb/Content/Menus/Picture/kenney_input-prompts/Keyboard___Mouse/Default/keyboard_bracket_open_outline.uexp" 2707
"C:/Users/fury8/OneDrive/Documents/Unreal Projects/EchoOfTheLamb/Content/Menus/Picture/kenney_input-prompts/Keyboard___Mouse/Default/keyboard_bracket_open.uasset" 2708
"C:/Users/fury8/OneDrive/Documents/Unreal Projects/EchoOfTheLamb/Content/Menus/Picture/kenney_input-prompts/Keyboard___Mouse/Default/keyboard_bracket_open.uexp" 2709
"C:/Users/fury8/OneDrive/Documents/Unreal Projects/EchoOfTheLamb/Content/Menus/Picture/kenney_input-prompts/Keyboard___Mouse/Default/keyboard_bracket_less_outline.uasset" 2710
"C:/Users/fury8/OneDrive/Documents/Unreal Projects/EchoOfTheLamb/Content/Menus/Picture/kenney_input-prompts/Keyboard___Mouse/Default/keyboard_bracket_less_outline.uexp" 2711
"C:/Users/fury8/OneDrive/Documents/Unreal Projects/EchoOfTheLamb/Content/Menus/Picture/kenney_input-prompts/Keyboard___Mouse/Default/keyboard_bracket_less.uasset" 2712
"C:/Users/fury8/OneDrive/Documents/Unreal Projects/EchoOfTheLamb/Content/Menus/Picture/kenney_input-prompts/Keyboard___Mouse/Default/keyboard_bracket_less.uexp" 2713
"C:/Users/fury8/OneDrive/Documents/Unreal Projects/EchoOfTheLamb/Content/Menus/Picture/kenney_input-prompts/Keyboard___Mouse/Default/keyboard_bracket_greater_outline.uasset" 2714
"C:/Users/fury8/OneDrive/Documents/Unreal Projects/EchoOfTheLamb/Content/Menus/Picture/kenney_input-prompts/Keyboard___Mouse/Default/keyboard_bracket_greater_outline.uexp" 2715
"C:/Users/fury8/OneDrive/Documents/Unreal Projects/EchoOfTheLamb/Content/Menus/Picture/kenney_input-prompts/Keyboard___Mouse/Default/keyboard_bracket_greater.uasset" 2716
"C:/Users/fury8/OneDrive/Documents/Unreal Projects/EchoOfTheLamb/Content/Menus/Picture/kenney_input-prompts/Keyboard___Mouse/Default/keyboard_bracket_greater.uexp" 2717
"C:/Users/fury8/OneDrive/Documents/Unreal Projects/EchoOfTheLamb/Content/Menus/Picture/kenney_input-prompts/Keyboard___Mouse/Default/keyboard_bracket_close_outline.uasset" 2718
"C:/Users/fury8/OneDrive/Documents/Unreal Projects/EchoOfTheLamb/Content/Menus/Picture/kenney_input-prompts/Keyboard___Mouse/Default/keyboard_bracket_close_outline.uexp" 2719
"C:/Users/fury8/OneDrive/Documents/Unreal Projects/EchoOfTheLamb/Content/Menus/Picture/kenney_input-prompts/Keyboard___Mouse/Default/keyboard_bracket_close.uasset" 2720
"C:/Users/fury8/OneDrive/Documents/Unreal Projects/EchoOfTheLamb/Content/Menus/Picture/kenney_input-prompts/Keyboard___Mouse/Default/keyboard_bracket_close.uexp" 2721
"C:/Users/fury8/OneDrive/Documents/Unreal Projects/EchoOfTheLamb/Content/Menus/Picture/kenney_input-prompts/Keyboard___Mouse/Default/keyboard_backspace_outline.uasset" 2722
"C:/Users/fury8/OneDrive/Documents/Unreal Projects/EchoOfTheLamb/Content/Menus/Picture/kenney_input-prompts/Keyboard___Mouse/Default/keyboard_backspace_outline.uexp" 2723
"C:/Users/fury8/OneDrive/Documents/Unreal Projects/EchoOfTheLamb/Content/Menus/Picture/kenney_input-prompts/Keyboard___Mouse/Default/keyboard_backspace_icon_outline.uasset" 2724
"C:/Users/fury8/OneDrive/Documents/Unreal Projects/EchoOfTheLamb/Content/Menus/Picture/kenney_input-prompts/Keyboard___Mouse/Default/keyboard_backspace_icon_outline.uexp" 2725
"C:/Users/fury8/OneDrive/Documents/Unreal Projects/EchoOfTheLamb/Content/Menus/Picture/kenney_input-prompts/Keyboard___Mouse/Default/keyboard_backspace_icon_alternative_outline.uasset" 2726
"C:/Users/fury8/OneDrive/Documents/Unreal Projects/EchoOfTheLamb/Content/Menus/Picture/kenney_input-prompts/Keyboard___Mouse/Default/keyboard_backspace_icon_alternative_outline.uexp" 2727
"C:/Users/fury8/OneDrive/Documents/Unreal Projects/EchoOfTheLamb/Content/Menus/Picture/kenney_input-prompts/Keyboard___Mouse/Default/keyboard_backspace_icon_alternative.uasset" 2728
"C:/Users/fury8/OneDrive/Documents/Unreal Projects/EchoOfTheLamb/Content/Menus/Picture/kenney_input-prompts/Keyboard___Mouse/Default/keyboard_backspace_icon_alternative.uexp" 2729
"C:/Users/fury8/OneDrive/Documents/Unreal Projects/EchoOfTheLamb/Content/Menus/Picture/kenney_input-prompts/Keyboard___Mouse/Default/keyboard_backspace_icon.uasset" 2730
"C:/Users/fury8/OneDrive/Documents/Unreal Projects/EchoOfTheLamb/Content/Menus/Picture/kenney_input-prompts/Keyboard___Mouse/Default/keyboard_backspace_icon.uexp" 2731
"C:/Users/fury8/OneDrive/Documents/Unreal Projects/EchoOfTheLamb/Content/Menus/Picture/kenney_input-prompts/Keyboard___Mouse/Default/keyboard_backspace.uasset" 2732
"C:/Users/fury8/OneDrive/Documents/Unreal Projects/EchoOfTheLamb/Content/Menus/Picture/kenney_input-prompts/Keyboard___Mouse/Default/keyboard_backspace.uexp" 2733
"C:/Users/fury8/OneDrive/Documents/Unreal Projects/EchoOfTheLamb/Content/Menus/Picture/kenney_input-prompts/Keyboard___Mouse/Default/keyboard_b.uasset" 2734
"C:/Users/fury8/OneDrive/Documents/Unreal Projects/EchoOfTheLamb/Content/Menus/Picture/kenney_input-prompts/Keyboard___Mouse/Default/keyboard_b.uexp" 2735
"C:/Users/fury8/OneDrive/Documents/Unreal Projects/EchoOfTheLamb/Content/Menus/Picture/kenney_input-prompts/Keyboard___Mouse/Default/keyboard_a_outline.uasset" 2736
"C:/Users/fury8/OneDrive/Documents/Unreal Projects/EchoOfTheLamb/Content/Menus/Picture/kenney_input-prompts/Keyboard___Mouse/Default/keyboard_a_outline.uexp" 2737
"C:/Users/fury8/OneDrive/Documents/Unreal Projects/EchoOfTheLamb/Content/Menus/Picture/kenney_input-prompts/Keyboard___Mouse/Default/keyboard_asterisk_outline.uasset" 2738
"C:/Users/fury8/OneDrive/Documents/Unreal Projects/EchoOfTheLamb/Content/Menus/Picture/kenney_input-prompts/Keyboard___Mouse/Default/keyboard_asterisk_outline.uexp" 2739
"C:/Users/fury8/OneDrive/Documents/Unreal Projects/EchoOfTheLamb/Content/Menus/Picture/kenney_input-prompts/Keyboard___Mouse/Default/keyboard_asterisk.uasset" 2740
"C:/Users/fury8/OneDrive/Documents/Unreal Projects/EchoOfTheLamb/Content/Menus/Picture/kenney_input-prompts/Keyboard___Mouse/Default/keyboard_asterisk.uexp" 2741
"C:/Users/fury8/OneDrive/Documents/Unreal Projects/EchoOfTheLamb/Content/Menus/Picture/kenney_input-prompts/Keyboard___Mouse/Default/keyboard_arrow_up_outline.uasset" 2742
"C:/Users/fury8/OneDrive/Documents/Unreal Projects/EchoOfTheLamb/Content/Menus/Picture/kenney_input-prompts/Keyboard___Mouse/Default/keyboard_arrow_up_outline.uexp" 2743
"C:/Users/fury8/OneDrive/Documents/Unreal Projects/EchoOfTheLamb/Content/Menus/Picture/kenney_input-prompts/Keyboard___Mouse/Default/keyboard_arrow_up.uasset" 2744
"C:/Users/fury8/OneDrive/Documents/Unreal Projects/EchoOfTheLamb/Content/Menus/Picture/kenney_input-prompts/Keyboard___Mouse/Default/keyboard_arrow_up.uexp" 2745
"C:/Users/fury8/OneDrive/Documents/Unreal Projects/EchoOfTheLamb/Content/Menus/Picture/kenney_input-prompts/Keyboard___Mouse/Default/keyboard_arrow_right_outline.uasset" 2746
"C:/Users/fury8/OneDrive/Documents/Unreal Projects/EchoOfTheLamb/Content/Menus/Picture/kenney_input-prompts/Keyboard___Mouse/Default/keyboard_arrow_right_outline.uexp" 2747
"C:/Users/fury8/OneDrive/Documents/Unreal Projects/EchoOfTheLamb/Content/Menus/Picture/kenney_input-prompts/Keyboard___Mouse/Default/keyboard_arrow_right.uasset" 2748
"C:/Users/fury8/OneDrive/Documents/Unreal Projects/EchoOfTheLamb/Content/Menus/Picture/kenney_input-prompts/Keyboard___Mouse/Default/keyboard_arrow_right.uexp" 2749
"C:/Users/fury8/OneDrive/Documents/Unreal Projects/EchoOfTheLamb/Content/Menus/Picture/kenney_input-prompts/Keyboard___Mouse/Default/keyboard_arrow_left_outline.uasset" 2750
"C:/Users/fury8/OneDrive/Documents/Unreal Projects/EchoOfTheLamb/Content/Menus/Picture/kenney_input-prompts/Keyboard___Mouse/Default/keyboard_arrow_left_outline.uexp" 2751
"C:/Users/fury8/OneDrive/Documents/Unreal Projects/EchoOfTheLamb/Content/Menus/Picture/kenney_input-prompts/Keyboard___Mouse/Default/keyboard_arrow_left.uasset" 2752
"C:/Users/fury8/OneDrive/Documents/Unreal Projects/EchoOfTheLamb/Content/Menus/Picture/kenney_input-prompts/Keyboard___Mouse/Default/keyboard_arrow_left.uexp" 2753
"C:/Users/fury8/OneDrive/Documents/Unreal Projects/EchoOfTheLamb/Content/Menus/Picture/kenney_input-prompts/Keyboard___Mouse/Default/keyboard_arrow_down_outline.uasset" 2754
"C:/Users/fury8/OneDrive/Documents/Unreal Projects/EchoOfTheLamb/Content/Menus/Picture/kenney_input-prompts/Keyboard___Mouse/Default/keyboard_arrow_down_outline.uexp" 2755
"C:/Users/fury8/OneDrive/Documents/Unreal Projects/EchoOfTheLamb/Content/Menus/Picture/kenney_input-prompts/Keyboard___Mouse/Default/keyboard_arrow_down.uasset" 2756
"C:/Users/fury8/OneDrive/Documents/Unreal Projects/EchoOfTheLamb/Content/Menus/Picture/kenney_input-prompts/Keyboard___Mouse/Default/keyboard_arrow_down.uexp" 2757
"C:/Users/fury8/OneDrive/Documents/Unreal Projects/EchoOfTheLamb/Content/Menus/Picture/kenney_input-prompts/Keyboard___Mouse/Default/keyboard_arrows_up_outline.uasset" 2758
"C:/Users/fury8/OneDrive/Documents/Unreal Projects/EchoOfTheLamb/Content/Menus/Picture/kenney_input-prompts/Keyboard___Mouse/Default/keyboard_arrows_up_outline.uexp" 2759
"C:/Users/fury8/OneDrive/Documents/Unreal Projects/EchoOfTheLamb/Content/Menus/Picture/kenney_input-prompts/Keyboard___Mouse/Default/keyboard_arrows_up.uasset" 2760
"C:/Users/fury8/OneDrive/Documents/Unreal Projects/EchoOfTheLamb/Content/Menus/Picture/kenney_input-prompts/Keyboard___Mouse/Default/keyboard_arrows_up.uexp" 2761
"C:/Users/fury8/OneDrive/Documents/Unreal Projects/EchoOfTheLamb/Content/Menus/Picture/kenney_input-prompts/Keyboard___Mouse/Default/keyboard_arrows_right_outline.uasset" 2762
"C:/Users/fury8/OneDrive/Documents/Unreal Projects/EchoOfTheLamb/Content/Menus/Picture/kenney_input-prompts/Keyboard___Mouse/Default/keyboard_arrows_right_outline.uexp" 2763
"C:/Users/fury8/OneDrive/Documents/Unreal Projects/EchoOfTheLamb/Content/Menus/Picture/kenney_input-prompts/Keyboard___Mouse/Default/keyboard_arrows_right.uasset" 2764
"C:/Users/fury8/OneDrive/Documents/Unreal Projects/EchoOfTheLamb/Content/Menus/Picture/kenney_input-prompts/Keyboard___Mouse/Default/keyboard_arrows_right.uexp" 2765
"C:/Users/fury8/OneDrive/Documents/Unreal Projects/EchoOfTheLamb/Content/Menus/Picture/kenney_input-prompts/Keyboard___Mouse/Default/keyboard_arrows_left_outline.uasset" 2766
"C:/Users/fury8/OneDrive/Documents/Unreal Projects/EchoOfTheLamb/Content/Menus/Picture/kenney_input-prompts/Keyboard___Mouse/Default/keyboard_arrows_left_outline.uexp" 2767
"C:/Users/fury8/OneDrive/Documents/Unreal Projects/EchoOfTheLamb/Content/Menus/Picture/kenney_input-prompts/Keyboard___Mouse/Default/keyboard_arrows_left.uasset" 2768
"C:/Users/fury8/OneDrive/Documents/Unreal Projects/EchoOfTheLamb/Content/Menus/Picture/kenney_input-prompts/Keyboard___Mouse/Default/keyboard_arrows_left.uexp" 2769
"C:/Users/fury8/OneDrive/Documents/Unreal Projects/EchoOfTheLamb/Content/Menus/Picture/kenney_input-prompts/Keyboard___Mouse/Default/keyboard_arrows_down_outline.uasset" 2770
"C:/Users/fury8/OneDrive/Documents/Unreal Projects/EchoOfTheLamb/Content/Menus/Picture/kenney_input-prompts/Keyboard___Mouse/Default/keyboard_arrows_down_outline.uexp" 2771
"C:/Users/fury8/OneDrive/Documents/Unreal Projects/EchoOfTheLamb/Content/Menus/Picture/kenney_input-prompts/Keyboard___Mouse/Default/keyboard_arrows_down.uasset" 2772
"C:/Users/fury8/OneDrive/Documents/Unreal Projects/EchoOfTheLamb/Content/Menus/Picture/kenney_input-prompts/Keyboard___Mouse/Default/keyboard_arrows_down.uexp" 2773
"C:/Users/fury8/OneDrive/Documents/Unreal Projects/EchoOfTheLamb/Content/Menus/Picture/kenney_input-prompts/Keyboard___Mouse/Default/keyboard_apostrophe_outline.uasset" 2774
"C:/Users/fury8/OneDrive/Documents/Unreal Projects/EchoOfTheLamb/Content/Menus/Picture/kenney_input-prompts/Keyboard___Mouse/Default/keyboard_apostrophe_outline.uexp" 2775
"C:/Users/fury8/OneDrive/Documents/Unreal Projects/EchoOfTheLamb/Content/Menus/Picture/kenney_input-prompts/Keyboard___Mouse/Default/keyboard_apostrophe.uasset" 2776
"C:/Users/fury8/OneDrive/Documents/Unreal Projects/EchoOfTheLamb/Content/Menus/Picture/kenney_input-prompts/Keyboard___Mouse/Default/keyboard_apostrophe.uexp" 2777
"C:/Users/fury8/OneDrive/Documents/Unreal Projects/EchoOfTheLamb/Content/Menus/Picture/kenney_input-prompts/Keyboard___Mouse/Default/keyboard_any_outline.uasset" 2778
"C:/Users/fury8/OneDrive/Documents/Unreal Projects/EchoOfTheLamb/Content/Menus/Picture/kenney_input-prompts/Keyboard___Mouse/Default/keyboard_any_outline.uexp" 2779
"C:/Users/fury8/OneDrive/Documents/Unreal Projects/EchoOfTheLamb/Content/Menus/Picture/kenney_input-prompts/Keyboard___Mouse/Default/keyboard_any.uasset" 2780
"C:/Users/fury8/OneDrive/Documents/Unreal Projects/EchoOfTheLamb/Content/Menus/Picture/kenney_input-prompts/Keyboard___Mouse/Default/keyboard_any.uexp" 2781
"C:/Users/fury8/OneDrive/Documents/Unreal Projects/EchoOfTheLamb/Content/Menus/Picture/kenney_input-prompts/Keyboard___Mouse/Default/keyboard_alt_outline.uasset" 2782
"C:/Users/fury8/OneDrive/Documents/Unreal Projects/EchoOfTheLamb/Content/Menus/Picture/kenney_input-prompts/Keyboard___Mouse/Default/keyboard_alt_outline.uexp" 2783
"C:/Users/fury8/OneDrive/Documents/Unreal Projects/EchoOfTheLamb/Content/Menus/Picture/kenney_input-prompts/Keyboard___Mouse/Default/keyboard_alt.uasset" 2784
"C:/Users/fury8/OneDrive/Documents/Unreal Projects/EchoOfTheLamb/Content/Menus/Picture/kenney_input-prompts/Keyboard___Mouse/Default/keyboard_alt.uexp" 2785
"C:/Users/fury8/OneDrive/Documents/Unreal Projects/EchoOfTheLamb/Content/Menus/Picture/kenney_input-prompts/Keyboard___Mouse/Default/keyboard_a.uasset" 2786
"C:/Users/fury8/OneDrive/Documents/Unreal Projects/EchoOfTheLamb/Content/Menus/Picture/kenney_input-prompts/Keyboard___Mouse/Default/keyboard_a.uexp" 2787
"C:/Users/fury8/OneDrive/Documents/Unreal Projects/EchoOfTheLamb/Content/Menus/Picture/kenney_input-prompts/Keyboard___Mouse/Default/keyboard_9_outline.uasset" 2788
"C:/Users/fury8/OneDrive/Documents/Unreal Projects/EchoOfTheLamb/Content/Menus/Picture/kenney_input-prompts/Keyboard___Mouse/Default/keyboard_9_outline.uexp" 2789
"C:/Users/fury8/OneDrive/Documents/Unreal Projects/EchoOfTheLamb/Content/Menus/Picture/kenney_input-prompts/Keyboard___Mouse/Default/keyboard_9.uasset" 2790
"C:/Users/fury8/OneDrive/Documents/Unreal Projects/EchoOfTheLamb/Content/Menus/Picture/kenney_input-prompts/Keyboard___Mouse/Default/keyboard_9.uexp" 2791
"C:/Users/fury8/OneDrive/Documents/Unreal Projects/EchoOfTheLamb/Content/Menus/Picture/kenney_input-prompts/Keyboard___Mouse/Default/keyboard_8_outline.uasset" 2792
"C:/Users/fury8/OneDrive/Documents/Unreal Projects/EchoOfTheLamb/Content/Menus/Picture/kenney_input-prompts/Keyboard___Mouse/Default/keyboard_8_outline.uexp" 2793
"C:/Users/fury8/OneDrive/Documents/Unreal Projects/EchoOfTheLamb/Content/Menus/Picture/kenney_input-prompts/Keyboard___Mouse/Default/keyboard_8.uasset" 2794
"C:/Users/fury8/OneDrive/Documents/Unreal Projects/EchoOfTheLamb/Content/Menus/Picture/kenney_input-prompts/Keyboard___Mouse/Default/keyboard_8.uexp" 2795
"C:/Users/fury8/OneDrive/Documents/Unreal Projects/EchoOfTheLamb/Content/Menus/Picture/kenney_input-prompts/Keyboard___Mouse/Default/keyboard_7_outline.uasset" 2796
"C:/Users/fury8/OneDrive/Documents/Unreal Projects/EchoOfTheLamb/Content/Menus/Picture/kenney_input-prompts/Keyboard___Mouse/Default/keyboard_7_outline.uexp" 2797
"C:/Users/fury8/OneDrive/Documents/Unreal Projects/EchoOfTheLamb/Content/Menus/Picture/kenney_input-prompts/Keyboard___Mouse/Default/keyboard_7.uasset" 2798
"C:/Users/fury8/OneDrive/Documents/Unreal Projects/EchoOfTheLamb/Content/Menus/Picture/kenney_input-prompts/Keyboard___Mouse/Default/keyboard_7.uexp" 2799
"C:/Users/fury8/OneDrive/Documents/Unreal Projects/EchoOfTheLamb/Content/Menus/Picture/kenney_input-prompts/Keyboard___Mouse/Default/keyboard_6_outline.uasset" 2800
"C:/Users/fury8/OneDrive/Documents/Unreal Projects/EchoOfTheLamb/Content/Menus/Picture/kenney_input-prompts/Keyboard___Mouse/Default/keyboard_6_outline.uexp" 2801
"C:/Users/fury8/OneDrive/Documents/Unreal Projects/EchoOfTheLamb/Content/Menus/Picture/kenney_input-prompts/Keyboard___Mouse/Default/keyboard_6.uasset" 2802
"C:/Users/fury8/OneDrive/Documents/Unreal Projects/EchoOfTheLamb/Content/Menus/Picture/kenney_input-prompts/Keyboard___Mouse/Default/keyboard_6.uexp" 2803
"C:/Users/fury8/OneDrive/Documents/Unreal Projects/EchoOfTheLamb/Content/Menus/Picture/kenney_input-prompts/Keyboard___Mouse/Default/keyboard_5_outline.uasset" 2804
"C:/Users/fury8/OneDrive/Documents/Unreal Projects/EchoOfTheLamb/Content/Menus/Picture/kenney_input-prompts/Keyboard___Mouse/Default/keyboard_5_outline.uexp" 2805
"C:/Users/fury8/OneDrive/Documents/Unreal Projects/EchoOfTheLamb/Content/Menus/Picture/kenney_input-prompts/Keyboard___Mouse/Default/keyboard_5.uasset" 2806
"C:/Users/fury8/OneDrive/Documents/Unreal Projects/EchoOfTheLamb/Content/Menus/Picture/kenney_input-prompts/Keyboard___Mouse/Default/keyboard_5.uexp" 2807
"C:/Users/fury8/OneDrive/Documents/Unreal Projects/EchoOfTheLamb/Content/Menus/Picture/kenney_input-prompts/Keyboard___Mouse/Default/keyboard_4_outline.uasset" 2808
"C:/Users/fury8/OneDrive/Documents/Unreal Projects/EchoOfTheLamb/Content/Menus/Picture/kenney_input-prompts/Keyboard___Mouse/Default/keyboard_4_outline.uexp" 2809
"C:/Users/fury8/OneDrive/Documents/Unreal Projects/EchoOfTheLamb/Content/Menus/Picture/kenney_input-prompts/Keyboard___Mouse/Default/keyboard_4.uasset" 2810
"C:/Users/fury8/OneDrive/Documents/Unreal Projects/EchoOfTheLamb/Content/Menus/Picture/kenney_input-prompts/Keyboard___Mouse/Default/keyboard_4.uexp" 2811
"C:/Users/fury8/OneDrive/Documents/Unreal Projects/EchoOfTheLamb/Content/Menus/Picture/kenney_input-prompts/Keyboard___Mouse/Default/keyboard_3_outline.uasset" 2812
"C:/Users/fury8/OneDrive/Documents/Unreal Projects/EchoOfTheLamb/Content/Menus/Picture/kenney_input-prompts/Keyboard___Mouse/Default/keyboard_3_outline.uexp" 2813
"C:/Users/fury8/OneDrive/Documents/Unreal Projects/EchoOfTheLamb/Content/Menus/Picture/kenney_input-prompts/Keyboard___Mouse/Default/keyboard_3.uasset" 2814
"C:/Users/fury8/OneDrive/Documents/Unreal Projects/EchoOfTheLamb/Content/Menus/Picture/kenney_input-prompts/Keyboard___Mouse/Default/keyboard_3.uexp" 2815
"C:/Users/fury8/OneDrive/Documents/Unreal Projects/EchoOfTheLamb/Content/Menus/Picture/kenney_input-prompts/Keyboard___Mouse/Default/keyboard_2_outline.uasset" 2816
"C:/Users/fury8/OneDrive/Documents/Unreal Projects/EchoOfTheLamb/Content/Menus/Picture/kenney_input-prompts/Keyboard___Mouse/Default/keyboard_2_outline.uexp" 2817
"C:/Users/fury8/OneDrive/Documents/Unreal Projects/EchoOfTheLamb/Content/Menus/Picture/kenney_input-prompts/Keyboard___Mouse/Default/keyboard_2.uasset" 2818
"C:/Users/fury8/OneDrive/Documents/Unreal Projects/EchoOfTheLamb/Content/Menus/Picture/kenney_input-prompts/Keyboard___Mouse/Default/keyboard_2.uexp" 2819
"C:/Users/fury8/OneDrive/Documents/Unreal Projects/EchoOfTheLamb/Content/Menus/Picture/kenney_input-prompts/Keyboard___Mouse/Default/keyboard_1_outline.uasset" 2820
"C:/Users/fury8/OneDrive/Documents/Unreal Projects/EchoOfTheLamb/Content/Menus/Picture/kenney_input-prompts/Keyboard___Mouse/Default/keyboard_1_outline.uexp" 2821
"C:/Users/fury8/OneDrive/Documents/Unreal Projects/EchoOfTheLamb/Content/Menus/Picture/kenney_input-prompts/Keyboard___Mouse/Default/keyboard_1.uasset" 2822
"C:/Users/fury8/OneDrive/Documents/Unreal Projects/EchoOfTheLamb/Content/Menus/Picture/kenney_input-prompts/Keyboard___Mouse/Default/keyboard_1.uexp" 2823
"C:/Users/fury8/OneDrive/Documents/Unreal Projects/EchoOfTheLamb/Content/Menus/Picture/kenney_input-prompts/Keyboard___Mouse/Default/keyboard_0_outline.uasset" 2824
"C:/Users/fury8/OneDrive/Documents/Unreal Projects/EchoOfTheLamb/Content/Menus/Picture/kenney_input-prompts/Keyboard___Mouse/Default/keyboard_0_outline.uexp" 2825
"C:/Users/fury8/OneDrive/Documents/Unreal Projects/EchoOfTheLamb/Content/Menus/Picture/kenney_input-prompts/Keyboard___Mouse/Default/keyboard_0.uasset" 2826
"C:/Users/fury8/OneDrive/Documents/Unreal Projects/EchoOfTheLamb/Content/Menus/Picture/kenney_input-prompts/Keyboard___Mouse/Default/keyboard_0.uexp" 2827
"C:/Users/fury8/OneDrive/Documents/Unreal Projects/EchoOfTheLamb/Content/FirstPerson/Blueprints/Weapon/FPWeapon/Mesh/SK_FPGun_PhysicsAsset.uasset" 2828
"C:/Users/fury8/OneDrive/Documents/Unreal Projects/EchoOfTheLamb/Content/FirstPerson/Blueprints/Weapon/FPWeapon/Mesh/SK_FPGun_PhysicsAsset.uexp" 2829
"C:/Users/fury8/OneDrive/Documents/Unreal Projects/EchoOfTheLamb/Content/FirstPerson/Blueprints/Weapon/FPWeapon/Materials/MaterialLayers/T_ML_FineRubber.ubulk" 2830
"C:/Users/fury8/OneDrive/Documents/Unreal Projects/EchoOfTheLamb/Content/FirstPerson/Blueprints/Weapon/FPWeapon/Materials/MaterialLayers/T_ML_FineRubber.uasset" 2831
"C:/Users/fury8/OneDrive/Documents/Unreal Projects/EchoOfTheLamb/Content/FirstPerson/Blueprints/Weapon/FPWeapon/Materials/MaterialLayers/T_ML_FineRubber.uexp" 2832
"../../../Engine/Content/Maps/Entry_BuiltData.uasset" 2833
"../../../Engine/Content/Maps/Entry_BuiltData.uexp" 2834
"../../../Engine/Content/Maps/Entry.uexp" 2835
"../../../Engine/Content/Maps/Entry.umap" 2836
"C:/Users/fury8/OneDrive/Documents/Unreal Projects/EchoOfTheLamb/Content/Maps/WaitingRoom_BuiltData.ubulk" 2837
"C:/Users/fury8/OneDrive/Documents/Unreal Projects/EchoOfTheLamb/Content/Maps/WaitingRoom_BuiltData.uasset" 2838
"C:/Users/fury8/OneDrive/Documents/Unreal Projects/EchoOfTheLamb/Content/Maps/WaitingRoom_BuiltData.uexp" 2839
"C:/Users/fury8/OneDrive/Documents/Unreal Projects/EchoOfTheLamb/Content/Maps/WaitingRoom.uexp" 2840
"C:/Users/fury8/OneDrive/Documents/Unreal Projects/EchoOfTheLamb/Content/Maps/WaitingRoom.umap" 2841
"C:/Users/fury8/OneDrive/Documents/Unreal Projects/EchoOfTheLamb/Content/Manage/GM_Match.uasset" 2842
"C:/Users/fury8/OneDrive/Documents/Unreal Projects/EchoOfTheLamb/Content/Manage/GM_Match.uexp" 2843
"C:/Users/fury8/OneDrive/Documents/Unreal Projects/EchoOfTheLamb/Content/Maps/TestMap.uexp" 2844
"C:/Users/fury8/OneDrive/Documents/Unreal Projects/EchoOfTheLamb/Content/Maps/TestMap.umap" 2845
"C:/Users/fury8/OneDrive/Documents/Unreal Projects/EchoOfTheLamb/Content/Maps/MainMenu.uexp" 2846
"C:/Users/fury8/OneDrive/Documents/Unreal Projects/EchoOfTheLamb/Content/Maps/MainMenu.umap" 2847
"C:/Users/fury8/OneDrive/Documents/Unreal Projects/EchoOfTheLamb/Content/Maps/LVL_Match.uexp" 2848
"C:/Users/fury8/OneDrive/Documents/Unreal Projects/EchoOfTheLamb/Content/Maps/LVL_Match.umap" 2849
"C:/Users/fury8/OneDrive/Documents/Unreal Projects/EchoOfTheLamb/Content/FirstPerson/Blueprints/BP_FirstPersonPlayerController.uasset" 2850
"C:/Users/fury8/OneDrive/Documents/Unreal Projects/EchoOfTheLamb/Content/FirstPerson/Blueprints/BP_FirstPersonPlayerController.uexp" 2851
"C:/Users/fury8/OneDrive/Documents/Unreal Projects/EchoOfTheLamb/Content/FirstPerson/Blueprints/BP_FirstPersonGameMode.uasset" 2852
"C:/Users/fury8/OneDrive/Documents/Unreal Projects/EchoOfTheLamb/Content/FirstPerson/Blueprints/BP_FirstPersonGameMode.uexp" 2853
"C:/Users/fury8/OneDrive/Documents/Unreal Projects/EchoOfTheLamb/Content/LevelPrototyping/Materials/MI_PrototypeGrid_Gray_02.uasset" 2854
"C:/Users/fury8/OneDrive/Documents/Unreal Projects/EchoOfTheLamb/Content/LevelPrototyping/Materials/MI_PrototypeGrid_Gray_02.uexp" 2855
"C:/Users/fury8/OneDrive/Documents/Unreal Projects/EchoOfTheLamb/Content/Gyms/MovementGym.uexp" 2856
"C:/Users/fury8/OneDrive/Documents/Unreal Projects/EchoOfTheLamb/Content/Gyms/MovementGym.umap" 2857
"C:/Users/fury8/OneDrive/Documents/Unreal Projects/EchoOfTheLamb/Content/StarterContent/Textures/T_Frame_M.ubulk" 2858
"C:/Users/fury8/OneDrive/Documents/Unreal Projects/EchoOfTheLamb/Content/StarterContent/Textures/T_Frame_M.uasset" 2859
"C:/Users/fury8/OneDrive/Documents/Unreal Projects/EchoOfTheLamb/Content/StarterContent/Textures/T_Frame_M.uexp" 2860
"C:/Users/fury8/OneDrive/Documents/Unreal Projects/EchoOfTheLamb/Content/StarterContent/Textures/T_Frame_N.ubulk" 2861
"C:/Users/fury8/OneDrive/Documents/Unreal Projects/EchoOfTheLamb/Content/StarterContent/Textures/T_Frame_N.uasset" 2862
"C:/Users/fury8/OneDrive/Documents/Unreal Projects/EchoOfTheLamb/Content/StarterContent/Textures/T_Frame_N.uexp" 2863
"C:/Users/fury8/OneDrive/Documents/Unreal Projects/EchoOfTheLamb/Content/StarterContent/Props/Materials/M_Frame.uasset" 2864
"C:/Users/fury8/OneDrive/Documents/Unreal Projects/EchoOfTheLamb/Content/StarterContent/Props/Materials/M_Frame.uexp" 2865
"C:/Users/fury8/OneDrive/Documents/Unreal Projects/EchoOfTheLamb/Content/StarterContent/Props/SM_DoorFrame.ubulk" 2866
"C:/Users/fury8/OneDrive/Documents/Unreal Projects/EchoOfTheLamb/Content/StarterContent/Props/SM_DoorFrame.uasset" 2867
"C:/Users/fury8/OneDrive/Documents/Unreal Projects/EchoOfTheLamb/Content/StarterContent/Props/SM_DoorFrame.uexp" 2868
"C:/Users/fury8/OneDrive/Documents/Unreal Projects/EchoOfTheLamb/Content/StarterContent/Materials/M_Metal_Brushed_Nickel.uasset" 2869
"C:/Users/fury8/OneDrive/Documents/Unreal Projects/EchoOfTheLamb/Content/StarterContent/Materials/M_Metal_Brushed_Nickel.uexp" 2870
"C:/Users/fury8/OneDrive/Documents/Unreal Projects/EchoOfTheLamb/Content/StarterContent/Textures/T_Lamp_N.ubulk" 2871
"C:/Users/fury8/OneDrive/Documents/Unreal Projects/EchoOfTheLamb/Content/StarterContent/Textures/T_Lamp_N.uasset" 2872
"C:/Users/fury8/OneDrive/Documents/Unreal Projects/EchoOfTheLamb/Content/StarterContent/Textures/T_Lamp_N.uexp" 2873
"C:/Users/fury8/OneDrive/Documents/Unreal Projects/EchoOfTheLamb/Content/StarterContent/Textures/T_Lamp_M.ubulk" 2874
"C:/Users/fury8/OneDrive/Documents/Unreal Projects/EchoOfTheLamb/Content/StarterContent/Textures/T_Lamp_M.uasset" 2875
"C:/Users/fury8/OneDrive/Documents/Unreal Projects/EchoOfTheLamb/Content/StarterContent/Textures/T_Lamp_M.uexp" 2876
"C:/Users/fury8/OneDrive/Documents/Unreal Projects/EchoOfTheLamb/Content/StarterContent/Props/Materials/M_Lamp.uasset" 2877
"C:/Users/fury8/OneDrive/Documents/Unreal Projects/EchoOfTheLamb/Content/StarterContent/Props/Materials/M_Lamp.uexp" 2878
"C:/Users/fury8/OneDrive/Documents/Unreal Projects/EchoOfTheLamb/Content/StarterContent/Props/SM_Lamp_Ceiling.ubulk" 2879
"C:/Users/fury8/OneDrive/Documents/Unreal Projects/EchoOfTheLamb/Content/StarterContent/Props/SM_Lamp_Ceiling.uasset" 2880
"C:/Users/fury8/OneDrive/Documents/Unreal Projects/EchoOfTheLamb/Content/StarterContent/Props/SM_Lamp_Ceiling.uexp" 2881
"C:/Users/fury8/OneDrive/Documents/Unreal Projects/EchoOfTheLamb/Content/StarterContent/Blueprints/Blueprint_CeilingLight.uasset" 2882
"C:/Users/fury8/OneDrive/Documents/Unreal Projects/EchoOfTheLamb/Content/StarterContent/Blueprints/Blueprint_CeilingLight.uexp" 2883
"../../../Engine/Content/Functions/Engine_MaterialFunctions03/Procedurals/ComputeFilterWidth.uasset" 2884
"../../../Engine/Content/Functions/Engine_MaterialFunctions03/Procedurals/ComputeFilterWidth.uexp" 2885
"../../../Engine/Content/EngineMaterials/AntiAliasedTextMaterialTranslucent.uasset" 2886
"../../../Engine/Content/EngineMaterials/AntiAliasedTextMaterialTranslucent.uexp" 2887
"C:/Users/fury8/OneDrive/Documents/Unreal Projects/EchoOfTheLamb/Content/StarterContent/Architecture/Wall_Door_400x300.ubulk" 2888
"C:/Users/fury8/OneDrive/Documents/Unreal Projects/EchoOfTheLamb/Content/StarterContent/Architecture/Wall_Door_400x300.uasset" 2889
"C:/Users/fury8/OneDrive/Documents/Unreal Projects/EchoOfTheLamb/Content/StarterContent/Architecture/Wall_Door_400x300.uexp" 2890
"C:/Users/fury8/OneDrive/Documents/Unreal Projects/EchoOfTheLamb/Content/StarterContent/Textures/T_Wood_Pine_D.ubulk" 2891
"C:/Users/fury8/OneDrive/Documents/Unreal Projects/EchoOfTheLamb/Content/StarterContent/Textures/T_Wood_Pine_D.uasset" 2892
"C:/Users/fury8/OneDrive/Documents/Unreal Projects/EchoOfTheLamb/Content/StarterContent/Textures/T_Wood_Pine_D.uexp" 2893
"C:/Users/fury8/OneDrive/Documents/Unreal Projects/EchoOfTheLamb/Content/StarterContent/Textures/T_Wood_Pine_N.ubulk" 2894
"C:/Users/fury8/OneDrive/Documents/Unreal Projects/EchoOfTheLamb/Content/StarterContent/Textures/T_Wood_Pine_N.uasset" 2895
"C:/Users/fury8/OneDrive/Documents/Unreal Projects/EchoOfTheLamb/Content/StarterContent/Textures/T_Wood_Pine_N.uexp" 2896
"C:/Users/fury8/OneDrive/Documents/Unreal Projects/EchoOfTheLamb/Content/StarterContent/Materials/M_Wood_Pine.uasset" 2897
"C:/Users/fury8/OneDrive/Documents/Unreal Projects/EchoOfTheLamb/Content/StarterContent/Materials/M_Wood_Pine.uexp" 2898
"C:/Users/fury8/OneDrive/Documents/Unreal Projects/EchoOfTheLamb/Content/StarterContent/Textures/T_Rock_Smooth_Granite_D.ubulk" 2899
"C:/Users/fury8/OneDrive/Documents/Unreal Projects/EchoOfTheLamb/Content/StarterContent/Textures/T_Rock_Smooth_Granite_D.uasset" 2900
"C:/Users/fury8/OneDrive/Documents/Unreal Projects/EchoOfTheLamb/Content/StarterContent/Textures/T_Rock_Smooth_Granite_D.uexp" 2901
"C:/Users/fury8/OneDrive/Documents/Unreal Projects/EchoOfTheLamb/Content/StarterContent/Textures/T_CobbleStone_Smooth_D.ubulk" 2902
"C:/Users/fury8/OneDrive/Documents/Unreal Projects/EchoOfTheLamb/Content/StarterContent/Textures/T_CobbleStone_Smooth_D.uasset" 2903
"C:/Users/fury8/OneDrive/Documents/Unreal Projects/EchoOfTheLamb/Content/StarterContent/Textures/T_CobbleStone_Smooth_D.uexp" 2904
"C:/Users/fury8/OneDrive/Documents/Unreal Projects/EchoOfTheLamb/Content/StarterContent/Textures/T_Gradinet_01.ubulk" 2905
"C:/Users/fury8/OneDrive/Documents/Unreal Projects/EchoOfTheLamb/Content/StarterContent/Textures/T_Gradinet_01.uasset" 2906
"C:/Users/fury8/OneDrive/Documents/Unreal Projects/EchoOfTheLamb/Content/StarterContent/Textures/T_Gradinet_01.uexp" 2907
"C:/Users/fury8/OneDrive/Documents/Unreal Projects/EchoOfTheLamb/Content/StarterContent/Textures/T_CobbleStone_Smooth_M.ubulk" 2908
"C:/Users/fury8/OneDrive/Documents/Unreal Projects/EchoOfTheLamb/Content/StarterContent/Textures/T_CobbleStone_Smooth_M.uasset" 2909
"C:/Users/fury8/OneDrive/Documents/Unreal Projects/EchoOfTheLamb/Content/StarterContent/Textures/T_CobbleStone_Smooth_M.uexp" 2910
"C:/Users/fury8/OneDrive/Documents/Unreal Projects/EchoOfTheLamb/Content/StarterContent/Textures/T_CobbleStone_Smooth_N.ubulk" 2911
"C:/Users/fury8/OneDrive/Documents/Unreal Projects/EchoOfTheLamb/Content/StarterContent/Textures/T_CobbleStone_Smooth_N.uasset" 2912
"C:/Users/fury8/OneDrive/Documents/Unreal Projects/EchoOfTheLamb/Content/StarterContent/Textures/T_CobbleStone_Smooth_N.uexp" 2913
"C:/Users/fury8/OneDrive/Documents/Unreal Projects/EchoOfTheLamb/Content/StarterContent/Materials/M_CobbleStone_Smooth.uasset" 2914
"C:/Users/fury8/OneDrive/Documents/Unreal Projects/EchoOfTheLamb/Content/StarterContent/Materials/M_CobbleStone_Smooth.uexp" 2915
"C:/Users/fury8/OneDrive/Documents/Unreal Projects/EchoOfTheLamb/Content/StarterContent/Textures/T_Rock_Basalt_N.ubulk" 2916
"C:/Users/fury8/OneDrive/Documents/Unreal Projects/EchoOfTheLamb/Content/StarterContent/Textures/T_Rock_Basalt_N.uasset" 2917
"C:/Users/fury8/OneDrive/Documents/Unreal Projects/EchoOfTheLamb/Content/StarterContent/Textures/T_Rock_Basalt_N.uexp" 2918
"C:/Users/fury8/OneDrive/Documents/Unreal Projects/EchoOfTheLamb/Content/StarterContent/Materials/M_Rock_Basalt.uasset" 2919
"C:/Users/fury8/OneDrive/Documents/Unreal Projects/EchoOfTheLamb/Content/StarterContent/Materials/M_Rock_Basalt.uexp" 2920
"C:/Users/fury8/OneDrive/Documents/Unreal Projects/EchoOfTheLamb/Content/StarterContent/Shapes/Shape_Cube.ubulk" 2921
"C:/Users/fury8/OneDrive/Documents/Unreal Projects/EchoOfTheLamb/Content/StarterContent/Shapes/Shape_Cube.uasset" 2922
"C:/Users/fury8/OneDrive/Documents/Unreal Projects/EchoOfTheLamb/Content/StarterContent/Shapes/Shape_Cube.uexp" 2923
"C:/Users/fury8/OneDrive/Documents/Unreal Projects/EchoOfTheLamb/Content/StarterContent/Props/MaterialSphere.ubulk" 2924
"C:/Users/fury8/OneDrive/Documents/Unreal Projects/EchoOfTheLamb/Content/StarterContent/Props/MaterialSphere.uasset" 2925
"C:/Users/fury8/OneDrive/Documents/Unreal Projects/EchoOfTheLamb/Content/StarterContent/Props/MaterialSphere.uexp" 2926
"C:/Users/fury8/OneDrive/Documents/Unreal Projects/EchoOfTheLamb/Content/StarterContent/Textures/T_Rock_Slate_D.ubulk" 2927
"C:/Users/fury8/OneDrive/Documents/Unreal Projects/EchoOfTheLamb/Content/StarterContent/Textures/T_Rock_Slate_D.uasset" 2928
"C:/Users/fury8/OneDrive/Documents/Unreal Projects/EchoOfTheLamb/Content/StarterContent/Textures/T_Rock_Slate_D.uexp" 2929
"C:/Users/fury8/OneDrive/Documents/Unreal Projects/EchoOfTheLamb/Content/StarterContent/Textures/T_Rock_Slate_N.ubulk" 2930
"C:/Users/fury8/OneDrive/Documents/Unreal Projects/EchoOfTheLamb/Content/StarterContent/Textures/T_Rock_Slate_N.uasset" 2931
"C:/Users/fury8/OneDrive/Documents/Unreal Projects/EchoOfTheLamb/Content/StarterContent/Textures/T_Rock_Slate_N.uexp" 2932
"C:/Users/fury8/OneDrive/Documents/Unreal Projects/EchoOfTheLamb/Content/StarterContent/Materials/M_Rock_Slate.uasset" 2933
"C:/Users/fury8/OneDrive/Documents/Unreal Projects/EchoOfTheLamb/Content/StarterContent/Materials/M_Rock_Slate.uexp" 2934
"C:/Users/fury8/OneDrive/Documents/Unreal Projects/EchoOfTheLamb/Content/StarterContent/Textures/T_Brick_Clay_Beveled_M.ubulk" 2935
"C:/Users/fury8/OneDrive/Documents/Unreal Projects/EchoOfTheLamb/Content/StarterContent/Textures/T_Brick_Clay_Beveled_M.uasset" 2936
"C:/Users/fury8/OneDrive/Documents/Unreal Projects/EchoOfTheLamb/Content/StarterContent/Textures/T_Brick_Clay_Beveled_M.uexp" 2937
"C:/Users/fury8/OneDrive/Documents/Unreal Projects/EchoOfTheLamb/Content/StarterContent/Textures/T_Brick_Clay_Beveled_N.ubulk" 2938
"C:/Users/fury8/OneDrive/Documents/Unreal Projects/EchoOfTheLamb/Content/StarterContent/Textures/T_Brick_Clay_Beveled_N.uasset" 2939
"C:/Users/fury8/OneDrive/Documents/Unreal Projects/EchoOfTheLamb/Content/StarterContent/Textures/T_Brick_Clay_Beveled_N.uexp" 2940
"C:/Users/fury8/OneDrive/Documents/Unreal Projects/EchoOfTheLamb/Content/StarterContent/Textures/T_Brick_Clay_Beveled_D.ubulk" 2941
"C:/Users/fury8/OneDrive/Documents/Unreal Projects/EchoOfTheLamb/Content/StarterContent/Textures/T_Brick_Clay_Beveled_D.uasset" 2942
"C:/Users/fury8/OneDrive/Documents/Unreal Projects/EchoOfTheLamb/Content/StarterContent/Textures/T_Brick_Clay_Beveled_D.uexp" 2943
"C:/Users/fury8/OneDrive/Documents/Unreal Projects/EchoOfTheLamb/Content/StarterContent/Materials/M_Brick_Clay_Beveled.uasset" 2944
"C:/Users/fury8/OneDrive/Documents/Unreal Projects/EchoOfTheLamb/Content/StarterContent/Materials/M_Brick_Clay_Beveled.uexp" 2945
"C:/Users/fury8/OneDrive/Documents/Unreal Projects/EchoOfTheLamb/Content/StarterContent/Textures/T_Tech_Hex_Tile_M.ubulk" 2946
"C:/Users/fury8/OneDrive/Documents/Unreal Projects/EchoOfTheLamb/Content/StarterContent/Textures/T_Tech_Hex_Tile_M.uasset" 2947
"C:/Users/fury8/OneDrive/Documents/Unreal Projects/EchoOfTheLamb/Content/StarterContent/Textures/T_Tech_Hex_Tile_M.uexp" 2948
"C:/Users/fury8/OneDrive/Documents/Unreal Projects/EchoOfTheLamb/Content/StarterContent/Textures/T_Tech_Hex_Tile_N.ubulk" 2949
"C:/Users/fury8/OneDrive/Documents/Unreal Projects/EchoOfTheLamb/Content/StarterContent/Textures/T_Tech_Hex_Tile_N.uasset" 2950
"C:/Users/fury8/OneDrive/Documents/Unreal Projects/EchoOfTheLamb/Content/StarterContent/Textures/T_Tech_Hex_Tile_N.uexp" 2951
"C:/Users/fury8/OneDrive/Documents/Unreal Projects/EchoOfTheLamb/Content/StarterContent/Materials/M_Tech_Hex_Tile.uasset" 2952
"C:/Users/fury8/OneDrive/Documents/Unreal Projects/EchoOfTheLamb/Content/StarterContent/Materials/M_Tech_Hex_Tile.uexp" 2953
"../../../Engine/Content/Functions/Engine_MaterialFunctions01/Opacity/AlphaOffset.uasset" 2954
"../../../Engine/Content/Functions/Engine_MaterialFunctions01/Opacity/AlphaOffset.uexp" 2955
"C:/Users/fury8/OneDrive/Documents/Unreal Projects/EchoOfTheLamb/Content/StarterContent/Textures/T_Wood_Floor_Walnut_M.ubulk" 2956
"C:/Users/fury8/OneDrive/Documents/Unreal Projects/EchoOfTheLamb/Content/StarterContent/Textures/T_Wood_Floor_Walnut_M.uasset" 2957
"C:/Users/fury8/OneDrive/Documents/Unreal Projects/EchoOfTheLamb/Content/StarterContent/Textures/T_Wood_Floor_Walnut_M.uexp" 2958
"C:/Users/fury8/OneDrive/Documents/Unreal Projects/EchoOfTheLamb/Content/StarterContent/Textures/T_Wood_Floor_Walnut_D.ubulk" 2959
"C:/Users/fury8/OneDrive/Documents/Unreal Projects/EchoOfTheLamb/Content/StarterContent/Textures/T_Wood_Floor_Walnut_D.uasset" 2960
"C:/Users/fury8/OneDrive/Documents/Unreal Projects/EchoOfTheLamb/Content/StarterContent/Textures/T_Wood_Floor_Walnut_D.uexp" 2961
"C:/Users/fury8/OneDrive/Documents/Unreal Projects/EchoOfTheLamb/Content/StarterContent/Textures/T_Wood_Floor_Walnut_N.ubulk" 2962
"C:/Users/fury8/OneDrive/Documents/Unreal Projects/EchoOfTheLamb/Content/StarterContent/Textures/T_Wood_Floor_Walnut_N.uasset" 2963
"C:/Users/fury8/OneDrive/Documents/Unreal Projects/EchoOfTheLamb/Content/StarterContent/Textures/T_Wood_Floor_Walnut_N.uexp" 2964
"C:/Users/fury8/OneDrive/Documents/Unreal Projects/EchoOfTheLamb/Content/StarterContent/Materials/M_Wood_Floor_Walnut_Worn.uasset" 2965
"C:/Users/fury8/OneDrive/Documents/Unreal Projects/EchoOfTheLamb/Content/StarterContent/Materials/M_Wood_Floor_Walnut_Worn.uexp" 2966
"C:/Users/fury8/OneDrive/Documents/Unreal Projects/EchoOfTheLamb/Content/StarterContent/Textures/T_Ground_Gravel_N.ubulk" 2967
"C:/Users/fury8/OneDrive/Documents/Unreal Projects/EchoOfTheLamb/Content/StarterContent/Textures/T_Ground_Gravel_N.uasset" 2968
"C:/Users/fury8/OneDrive/Documents/Unreal Projects/EchoOfTheLamb/Content/StarterContent/Textures/T_Ground_Gravel_N.uexp" 2969
"C:/Users/fury8/OneDrive/Documents/Unreal Projects/EchoOfTheLamb/Content/StarterContent/Textures/T_Ground_Gravel_D.ubulk" 2970
"C:/Users/fury8/OneDrive/Documents/Unreal Projects/EchoOfTheLamb/Content/StarterContent/Textures/T_Ground_Gravel_D.uasset" 2971
"C:/Users/fury8/OneDrive/Documents/Unreal Projects/EchoOfTheLamb/Content/StarterContent/Textures/T_Ground_Gravel_D.uexp" 2972
"C:/Users/fury8/OneDrive/Documents/Unreal Projects/EchoOfTheLamb/Content/StarterContent/Materials/M_Ground_Gravel.uasset" 2973
"C:/Users/fury8/OneDrive/Documents/Unreal Projects/EchoOfTheLamb/Content/StarterContent/Materials/M_Ground_Gravel.uexp" 2974
"C:/Users/fury8/OneDrive/Documents/Unreal Projects/EchoOfTheLamb/Content/StarterContent/Audio/Steam01_Cue.uasset" 2975
"C:/Users/fury8/OneDrive/Documents/Unreal Projects/EchoOfTheLamb/Content/StarterContent/Audio/Steam01_Cue.uexp" 2976
"C:/Users/fury8/OneDrive/Documents/Unreal Projects/EchoOfTheLamb/Content/StarterContent/Particles/P_Steam_Lit.uasset" 2977
"C:/Users/fury8/OneDrive/Documents/Unreal Projects/EchoOfTheLamb/Content/StarterContent/Particles/P_Steam_Lit.uexp" 2978
"C:/Users/fury8/OneDrive/Documents/Unreal Projects/EchoOfTheLamb/Content/StarterContent/Blueprints/Blueprint_Effect_Steam.uasset" 2979
"C:/Users/fury8/OneDrive/Documents/Unreal Projects/EchoOfTheLamb/Content/StarterContent/Blueprints/Blueprint_Effect_Steam.uexp" 2980
"../../../Engine/Content/EngineSky/T_Sky_Stars.ubulk" 2981
"../../../Engine/Content/EngineSky/T_Sky_Stars.uasset" 2982
"../../../Engine/Content/EngineSky/T_Sky_Stars.uexp" 2983
"../../../Engine/Content/EngineSky/T_Sky_Clouds_M.ubulk" 2984
"../../../Engine/Content/EngineSky/T_Sky_Clouds_M.uasset" 2985
"../../../Engine/Content/EngineSky/T_Sky_Clouds_M.uexp" 2986
"../../../Engine/Content/EngineSky/T_Sky_Blue.ubulk" 2987
"../../../Engine/Content/EngineSky/T_Sky_Blue.uasset" 2988
"../../../Engine/Content/EngineSky/T_Sky_Blue.uexp" 2989
"../../../Engine/Content/EngineSky/M_Sky_Panning_Clouds2.uasset" 2990
"../../../Engine/Content/EngineSky/M_Sky_Panning_Clouds2.uexp" 2991
"../../../Engine/Content/EngineSky/SM_SkySphere.ubulk" 2992
"../../../Engine/Content/EngineSky/SM_SkySphere.uasset" 2993
"../../../Engine/Content/EngineSky/SM_SkySphere.uexp" 2994
"C:/Users/fury8/OneDrive/Documents/Unreal Projects/EchoOfTheLamb/Content/StarterContent/Audio/Fire_Sparks01_Cue.uasset" 2995
"C:/Users/fury8/OneDrive/Documents/Unreal Projects/EchoOfTheLamb/Content/StarterContent/Audio/Fire_Sparks01_Cue.uexp" 2996
"C:/Users/fury8/OneDrive/Documents/Unreal Projects/EchoOfTheLamb/Content/StarterContent/Textures/T_Spark_Core.ubulk" 2997
"C:/Users/fury8/OneDrive/Documents/Unreal Projects/EchoOfTheLamb/Content/StarterContent/Textures/T_Spark_Core.uasset" 2998
"C:/Users/fury8/OneDrive/Documents/Unreal Projects/EchoOfTheLamb/Content/StarterContent/Textures/T_Spark_Core.uexp" 2999
"C:/Users/fury8/OneDrive/Documents/Unreal Projects/EchoOfTheLamb/Content/StarterContent/Particles/Materials/M_Spark.uasset" 3000
"C:/Users/fury8/OneDrive/Documents/Unreal Projects/EchoOfTheLamb/Content/StarterContent/Particles/Materials/M_Spark.uexp" 3001
"C:/Users/fury8/OneDrive/Documents/Unreal Projects/EchoOfTheLamb/Content/StarterContent/Particles/Materials/M_Radial_Gradient.uasset" 3002
"C:/Users/fury8/OneDrive/Documents/Unreal Projects/EchoOfTheLamb/Content/StarterContent/Particles/Materials/M_Radial_Gradient.uexp" 3003
"C:/Users/fury8/OneDrive/Documents/Unreal Projects/EchoOfTheLamb/Content/StarterContent/Particles/P_Sparks.uasset" 3004
"C:/Users/fury8/OneDrive/Documents/Unreal Projects/EchoOfTheLamb/Content/StarterContent/Particles/P_Sparks.uexp" 3005
"C:/Users/fury8/OneDrive/Documents/Unreal Projects/EchoOfTheLamb/Content/StarterContent/Blueprints/Blueprint_Effect_Sparks.uasset" 3006
"C:/Users/fury8/OneDrive/Documents/Unreal Projects/EchoOfTheLamb/Content/StarterContent/Blueprints/Blueprint_Effect_Sparks.uexp" 3007
"C:/Users/fury8/OneDrive/Documents/Unreal Projects/EchoOfTheLamb/Content/StarterContent/Textures/T_Water_N.ubulk" 3008
"C:/Users/fury8/OneDrive/Documents/Unreal Projects/EchoOfTheLamb/Content/StarterContent/Textures/T_Water_N.uasset" 3009
"C:/Users/fury8/OneDrive/Documents/Unreal Projects/EchoOfTheLamb/Content/StarterContent/Textures/T_Water_N.uexp" 3010
"C:/Users/fury8/OneDrive/Documents/Unreal Projects/EchoOfTheLamb/Content/StarterContent/Materials/M_Water_Lake.uasset" 3011
"C:/Users/fury8/OneDrive/Documents/Unreal Projects/EchoOfTheLamb/Content/StarterContent/Materials/M_Water_Lake.uexp" 3012
"C:/Users/fury8/OneDrive/Documents/Unreal Projects/EchoOfTheLamb/Content/StarterContent/Architecture/Wall_400x200.ubulk" 3013
"C:/Users/fury8/OneDrive/Documents/Unreal Projects/EchoOfTheLamb/Content/StarterContent/Architecture/Wall_400x200.uasset" 3014
"C:/Users/fury8/OneDrive/Documents/Unreal Projects/EchoOfTheLamb/Content/StarterContent/Architecture/Wall_400x200.uexp" 3015
"C:/Users/fury8/OneDrive/Documents/Unreal Projects/EchoOfTheLamb/Content/StarterContent/Textures/T_Checker_Noise_M.ubulk" 3016
"C:/Users/fury8/OneDrive/Documents/Unreal Projects/EchoOfTheLamb/Content/StarterContent/Textures/T_Checker_Noise_M.uasset" 3017
"C:/Users/fury8/OneDrive/Documents/Unreal Projects/EchoOfTheLamb/Content/StarterContent/Textures/T_Checker_Noise_M.uexp" 3018
"C:/Users/fury8/OneDrive/Documents/Unreal Projects/EchoOfTheLamb/Content/StarterContent/Textures/T_Tech_Dot_M.ubulk" 3019
"C:/Users/fury8/OneDrive/Documents/Unreal Projects/EchoOfTheLamb/Content/StarterContent/Textures/T_Tech_Dot_M.uasset" 3020
"C:/Users/fury8/OneDrive/Documents/Unreal Projects/EchoOfTheLamb/Content/StarterContent/Textures/T_Tech_Dot_M.uexp" 3021
"C:/Users/fury8/OneDrive/Documents/Unreal Projects/EchoOfTheLamb/Content/StarterContent/Textures/T_Tech_Dot_N.ubulk" 3022
"C:/Users/fury8/OneDrive/Documents/Unreal Projects/EchoOfTheLamb/Content/StarterContent/Textures/T_Tech_Dot_N.uasset" 3023
"C:/Users/fury8/OneDrive/Documents/Unreal Projects/EchoOfTheLamb/Content/StarterContent/Textures/T_Tech_Dot_N.uexp" 3024
"C:/Users/fury8/OneDrive/Documents/Unreal Projects/EchoOfTheLamb/Content/StarterContent/Textures/T_Single_Tile_N.ubulk" 3025
"C:/Users/fury8/OneDrive/Documents/Unreal Projects/EchoOfTheLamb/Content/StarterContent/Textures/T_Single_Tile_N.uasset" 3026
"C:/Users/fury8/OneDrive/Documents/Unreal Projects/EchoOfTheLamb/Content/StarterContent/Textures/T_Single_Tile_N.uexp" 3027
"C:/Users/fury8/OneDrive/Documents/Unreal Projects/EchoOfTheLamb/Content/StarterContent/Materials/M_Tech_Checker_Dot.uasset" 3028
"C:/Users/fury8/OneDrive/Documents/Unreal Projects/EchoOfTheLamb/Content/StarterContent/Materials/M_Tech_Checker_Dot.uexp" 3029
"C:/Users/fury8/OneDrive/Documents/Unreal Projects/EchoOfTheLamb/Content/StarterContent/Architecture/Floor_400x400.ubulk" 3030
"C:/Users/fury8/OneDrive/Documents/Unreal Projects/EchoOfTheLamb/Content/StarterContent/Architecture/Floor_400x400.uasset" 3031
"C:/Users/fury8/OneDrive/Documents/Unreal Projects/EchoOfTheLamb/Content/StarterContent/Architecture/Floor_400x400.uexp" 3032
"C:/Users/fury8/OneDrive/Documents/Unreal Projects/EchoOfTheLamb/Content/StarterContent/Props/SM_GlassWindow.ubulk" 3033
"C:/Users/fury8/OneDrive/Documents/Unreal Projects/EchoOfTheLamb/Content/StarterContent/Props/SM_GlassWindow.uasset" 3034
"C:/Users/fury8/OneDrive/Documents/Unreal Projects/EchoOfTheLamb/Content/StarterContent/Props/SM_GlassWindow.uexp" 3035
"C:/Users/fury8/OneDrive/Documents/Unreal Projects/EchoOfTheLamb/Content/StarterContent/Textures/T_Metal_Gold_N.ubulk" 3036
"C:/Users/fury8/OneDrive/Documents/Unreal Projects/EchoOfTheLamb/Content/StarterContent/Textures/T_Metal_Gold_N.uasset" 3037
"C:/Users/fury8/OneDrive/Documents/Unreal Projects/EchoOfTheLamb/Content/StarterContent/Textures/T_Metal_Gold_N.uexp" 3038
"C:/Users/fury8/OneDrive/Documents/Unreal Projects/EchoOfTheLamb/Content/StarterContent/Textures/T_Rock_Marble_Polished_D.ubulk" 3039
"C:/Users/fury8/OneDrive/Documents/Unreal Projects/EchoOfTheLamb/Content/StarterContent/Textures/T_Rock_Marble_Polished_D.uasset" 3040
"C:/Users/fury8/OneDrive/Documents/Unreal Projects/EchoOfTheLamb/Content/StarterContent/Textures/T_Rock_Marble_Polished_D.uexp" 3041
"C:/Users/fury8/OneDrive/Documents/Unreal Projects/EchoOfTheLamb/Content/StarterContent/Materials/M_Rock_Marble_Polished.uasset" 3042
"C:/Users/fury8/OneDrive/Documents/Unreal Projects/EchoOfTheLamb/Content/StarterContent/Materials/M_Rock_Marble_Polished.uexp" 3043
"C:/Users/fury8/OneDrive/Documents/Unreal Projects/EchoOfTheLamb/Content/StarterContent/Textures/T_Concrete_Grime_D.ubulk" 3044
"C:/Users/fury8/OneDrive/Documents/Unreal Projects/EchoOfTheLamb/Content/StarterContent/Textures/T_Concrete_Grime_D.uasset" 3045
"C:/Users/fury8/OneDrive/Documents/Unreal Projects/EchoOfTheLamb/Content/StarterContent/Textures/T_Concrete_Grime_D.uexp" 3046
"C:/Users/fury8/OneDrive/Documents/Unreal Projects/EchoOfTheLamb/Content/StarterContent/Materials/M_Concrete_Grime.uasset" 3047
"C:/Users/fury8/OneDrive/Documents/Unreal Projects/EchoOfTheLamb/Content/StarterContent/Materials/M_Concrete_Grime.uexp" 3048
"C:/Users/fury8/OneDrive/Documents/Unreal Projects/EchoOfTheLamb/Content/StarterContent/Textures/T_Ceramic_Tile_M.ubulk" 3049
"C:/Users/fury8/OneDrive/Documents/Unreal Projects/EchoOfTheLamb/Content/StarterContent/Textures/T_Ceramic_Tile_M.uasset" 3050
"C:/Users/fury8/OneDrive/Documents/Unreal Projects/EchoOfTheLamb/Content/StarterContent/Textures/T_Ceramic_Tile_M.uexp" 3051
"C:/Users/fury8/OneDrive/Documents/Unreal Projects/EchoOfTheLamb/Content/StarterContent/Textures/T_Ceramic_Tile_N.ubulk" 3052
"C:/Users/fury8/OneDrive/Documents/Unreal Projects/EchoOfTheLamb/Content/StarterContent/Textures/T_Ceramic_Tile_N.uasset" 3053
"C:/Users/fury8/OneDrive/Documents/Unreal Projects/EchoOfTheLamb/Content/StarterContent/Textures/T_Ceramic_Tile_N.uexp" 3054
"C:/Users/fury8/OneDrive/Documents/Unreal Projects/EchoOfTheLamb/Content/StarterContent/Materials/M_Ceramic_Tile_Checker.uasset" 3055
"C:/Users/fury8/OneDrive/Documents/Unreal Projects/EchoOfTheLamb/Content/StarterContent/Materials/M_Ceramic_Tile_Checker.uexp" 3056
"C:/Users/fury8/OneDrive/Documents/Unreal Projects/EchoOfTheLamb/Content/StarterContent/Textures/T_Rock_Sandstone_N.ubulk" 3057
"C:/Users/fury8/OneDrive/Documents/Unreal Projects/EchoOfTheLamb/Content/StarterContent/Textures/T_Rock_Sandstone_N.uasset" 3058
"C:/Users/fury8/OneDrive/Documents/Unreal Projects/EchoOfTheLamb/Content/StarterContent/Textures/T_Rock_Sandstone_N.uexp" 3059
"C:/Users/fury8/OneDrive/Documents/Unreal Projects/EchoOfTheLamb/Content/StarterContent/Textures/T_Rock_Sandstone_D.ubulk" 3060
"C:/Users/fury8/OneDrive/Documents/Unreal Projects/EchoOfTheLamb/Content/StarterContent/Textures/T_Rock_Sandstone_D.uasset" 3061
"C:/Users/fury8/OneDrive/Documents/Unreal Projects/EchoOfTheLamb/Content/StarterContent/Textures/T_Rock_Sandstone_D.uexp" 3062
"C:/Users/fury8/OneDrive/Documents/Unreal Projects/EchoOfTheLamb/Content/StarterContent/Materials/M_Rock_Sandstone.uasset" 3063
"C:/Users/fury8/OneDrive/Documents/Unreal Projects/EchoOfTheLamb/Content/StarterContent/Materials/M_Rock_Sandstone.uexp" 3064
"C:/Users/fury8/OneDrive/Documents/Unreal Projects/EchoOfTheLamb/Content/StarterContent/Textures/T_Wood_Walnut_N.ubulk" 3065
"C:/Users/fury8/OneDrive/Documents/Unreal Projects/EchoOfTheLamb/Content/StarterContent/Textures/T_Wood_Walnut_N.uasset" 3066
"C:/Users/fury8/OneDrive/Documents/Unreal Projects/EchoOfTheLamb/Content/StarterContent/Textures/T_Wood_Walnut_N.uexp" 3067
"C:/Users/fury8/OneDrive/Documents/Unreal Projects/EchoOfTheLamb/Content/StarterContent/Textures/T_Wood_Walnut_D.ubulk" 3068
"C:/Users/fury8/OneDrive/Documents/Unreal Projects/EchoOfTheLamb/Content/StarterContent/Textures/T_Wood_Walnut_D.uasset" 3069
"C:/Users/fury8/OneDrive/Documents/Unreal Projects/EchoOfTheLamb/Content/StarterContent/Textures/T_Wood_Walnut_D.uexp" 3070
"C:/Users/fury8/OneDrive/Documents/Unreal Projects/EchoOfTheLamb/Content/StarterContent/Materials/M_Wood_Walnut.uasset" 3071
"C:/Users/fury8/OneDrive/Documents/Unreal Projects/EchoOfTheLamb/Content/StarterContent/Materials/M_Wood_Walnut.uexp" 3072
"C:/Users/fury8/OneDrive/Documents/Unreal Projects/EchoOfTheLamb/Content/StarterContent/Audio/Collapse_Cue.uasset" 3073
"C:/Users/fury8/OneDrive/Documents/Unreal Projects/EchoOfTheLamb/Content/StarterContent/Audio/Collapse_Cue.uexp" 3074
"C:/Users/fury8/OneDrive/Documents/Unreal Projects/EchoOfTheLamb/Content/StarterContent/Textures/T_Brick_Cut_Stone_N.ubulk" 3075
"C:/Users/fury8/OneDrive/Documents/Unreal Projects/EchoOfTheLamb/Content/StarterContent/Textures/T_Brick_Cut_Stone_N.uasset" 3076
"C:/Users/fury8/OneDrive/Documents/Unreal Projects/EchoOfTheLamb/Content/StarterContent/Textures/T_Brick_Cut_Stone_N.uexp" 3077
"C:/Users/fury8/OneDrive/Documents/Unreal Projects/EchoOfTheLamb/Content/StarterContent/Textures/T_Brick_Cut_Stone_D.ubulk" 3078
"C:/Users/fury8/OneDrive/Documents/Unreal Projects/EchoOfTheLamb/Content/StarterContent/Textures/T_Brick_Cut_Stone_D.uasset" 3079
"C:/Users/fury8/OneDrive/Documents/Unreal Projects/EchoOfTheLamb/Content/StarterContent/Textures/T_Brick_Cut_Stone_D.uexp" 3080
"C:/Users/fury8/OneDrive/Documents/Unreal Projects/EchoOfTheLamb/Content/StarterContent/Materials/M_Brick_Cut_Stone.uasset" 3081
"C:/Users/fury8/OneDrive/Documents/Unreal Projects/EchoOfTheLamb/Content/StarterContent/Materials/M_Brick_Cut_Stone.uexp" 3082
"C:/Users/fury8/OneDrive/Documents/Unreal Projects/EchoOfTheLamb/Content/StarterContent/Textures/T_Dust_Particle_D.ubulk" 3083
"C:/Users/fury8/OneDrive/Documents/Unreal Projects/EchoOfTheLamb/Content/StarterContent/Textures/T_Dust_Particle_D.uasset" 3084
"C:/Users/fury8/OneDrive/Documents/Unreal Projects/EchoOfTheLamb/Content/StarterContent/Textures/T_Dust_Particle_D.uexp" 3085
"C:/Users/fury8/OneDrive/Documents/Unreal Projects/EchoOfTheLamb/Content/StarterContent/Particles/Materials/M_Dust_Particle.uasset" 3086
"C:/Users/fury8/OneDrive/Documents/Unreal Projects/EchoOfTheLamb/Content/StarterContent/Particles/Materials/M_Dust_Particle.uexp" 3087
"C:/Users/fury8/OneDrive/Documents/Unreal Projects/EchoOfTheLamb/Content/StarterContent/Particles/P_Ambient_Dust.uasset" 3088
"C:/Users/fury8/OneDrive/Documents/Unreal Projects/EchoOfTheLamb/Content/StarterContent/Particles/P_Ambient_Dust.uexp" 3089
"C:/Users/fury8/OneDrive/Documents/Unreal Projects/EchoOfTheLamb/Content/StarterContent/Props/SM_WindowFrame.ubulk" 3090
"C:/Users/fury8/OneDrive/Documents/Unreal Projects/EchoOfTheLamb/Content/StarterContent/Props/SM_WindowFrame.uasset" 3091
"C:/Users/fury8/OneDrive/Documents/Unreal Projects/EchoOfTheLamb/Content/StarterContent/Props/SM_WindowFrame.uexp" 3092
"C:/Users/fury8/OneDrive/Documents/Unreal Projects/EchoOfTheLamb/Content/StarterContent/Textures/T_Metal_Copper_D.ubulk" 3093
"C:/Users/fury8/OneDrive/Documents/Unreal Projects/EchoOfTheLamb/Content/StarterContent/Textures/T_Metal_Copper_D.uasset" 3094
"C:/Users/fury8/OneDrive/Documents/Unreal Projects/EchoOfTheLamb/Content/StarterContent/Textures/T_Metal_Copper_D.uexp" 3095
"C:/Users/fury8/OneDrive/Documents/Unreal Projects/EchoOfTheLamb/Content/StarterContent/Materials/M_Metal_Copper.uasset" 3096
"C:/Users/fury8/OneDrive/Documents/Unreal Projects/EchoOfTheLamb/Content/StarterContent/Materials/M_Metal_Copper.uexp" 3097
"C:/Users/fury8/OneDrive/Documents/Unreal Projects/EchoOfTheLamb/Content/StarterContent/Textures/T_Water_M.ubulk" 3098
"C:/Users/fury8/OneDrive/Documents/Unreal Projects/EchoOfTheLamb/Content/StarterContent/Textures/T_Water_M.uasset" 3099
"C:/Users/fury8/OneDrive/Documents/Unreal Projects/EchoOfTheLamb/Content/StarterContent/Textures/T_Water_M.uexp" 3100
"C:/Users/fury8/OneDrive/Documents/Unreal Projects/EchoOfTheLamb/Content/StarterContent/Materials/M_Water_Ocean.uasset" 3101
"C:/Users/fury8/OneDrive/Documents/Unreal Projects/EchoOfTheLamb/Content/StarterContent/Materials/M_Water_Ocean.uexp" 3102
"C:/Users/fury8/OneDrive/Documents/Unreal Projects/EchoOfTheLamb/Content/StarterContent/Textures/T_CobbleStone_Pebble_N.ubulk" 3103
"C:/Users/fury8/OneDrive/Documents/Unreal Projects/EchoOfTheLamb/Content/StarterContent/Textures/T_CobbleStone_Pebble_N.uasset" 3104
"C:/Users/fury8/OneDrive/Documents/Unreal Projects/EchoOfTheLamb/Content/StarterContent/Textures/T_CobbleStone_Pebble_N.uexp" 3105
"C:/Users/fury8/OneDrive/Documents/Unreal Projects/EchoOfTheLamb/Content/StarterContent/Textures/T_CobbleStone_Pebble_M.ubulk" 3106
"C:/Users/fury8/OneDrive/Documents/Unreal Projects/EchoOfTheLamb/Content/StarterContent/Textures/T_CobbleStone_Pebble_M.uasset" 3107
"C:/Users/fury8/OneDrive/Documents/Unreal Projects/EchoOfTheLamb/Content/StarterContent/Textures/T_CobbleStone_Pebble_M.uexp" 3108
"C:/Users/fury8/OneDrive/Documents/Unreal Projects/EchoOfTheLamb/Content/StarterContent/Textures/T_CobbleStone_Pebble_D.ubulk" 3109
"C:/Users/fury8/OneDrive/Documents/Unreal Projects/EchoOfTheLamb/Content/StarterContent/Textures/T_CobbleStone_Pebble_D.uasset" 3110
"C:/Users/fury8/OneDrive/Documents/Unreal Projects/EchoOfTheLamb/Content/StarterContent/Textures/T_CobbleStone_Pebble_D.uexp" 3111
"C:/Users/fury8/OneDrive/Documents/Unreal Projects/EchoOfTheLamb/Content/StarterContent/Materials/M_CobbleStone_Pebble.uasset" 3112
"C:/Users/fury8/OneDrive/Documents/Unreal Projects/EchoOfTheLamb/Content/StarterContent/Materials/M_CobbleStone_Pebble.uexp" 3113
"C:/Users/fury8/OneDrive/Documents/Unreal Projects/EchoOfTheLamb/Content/StarterContent/Textures/T_Brick_Clay_Old_N.ubulk" 3114
"C:/Users/fury8/OneDrive/Documents/Unreal Projects/EchoOfTheLamb/Content/StarterContent/Textures/T_Brick_Clay_Old_N.uasset" 3115
"C:/Users/fury8/OneDrive/Documents/Unreal Projects/EchoOfTheLamb/Content/StarterContent/Textures/T_Brick_Clay_Old_N.uexp" 3116
"C:/Users/fury8/OneDrive/Documents/Unreal Projects/EchoOfTheLamb/Content/StarterContent/Textures/T_Brick_Clay_Old_D.ubulk" 3117
"C:/Users/fury8/OneDrive/Documents/Unreal Projects/EchoOfTheLamb/Content/StarterContent/Textures/T_Brick_Clay_Old_D.uasset" 3118
"C:/Users/fury8/OneDrive/Documents/Unreal Projects/EchoOfTheLamb/Content/StarterContent/Textures/T_Brick_Clay_Old_D.uexp" 3119
"C:/Users/fury8/OneDrive/Documents/Unreal Projects/EchoOfTheLamb/Content/StarterContent/Materials/M_Brick_Clay_Old.uasset" 3120
"C:/Users/fury8/OneDrive/Documents/Unreal Projects/EchoOfTheLamb/Content/StarterContent/Materials/M_Brick_Clay_Old.uexp" 3121
"C:/Users/fury8/OneDrive/Documents/Unreal Projects/EchoOfTheLamb/Content/StarterContent/Materials/M_Wood_Floor_Walnut_Polished.uasset" 3122
"C:/Users/fury8/OneDrive/Documents/Unreal Projects/EchoOfTheLamb/Content/StarterContent/Materials/M_Wood_Floor_Walnut_Polished.uexp" 3123
"C:/Users/fury8/OneDrive/Documents/Unreal Projects/EchoOfTheLamb/Content/StarterContent/Props/SM_Lamp_Wall.ubulk" 3124
"C:/Users/fury8/OneDrive/Documents/Unreal Projects/EchoOfTheLamb/Content/StarterContent/Props/SM_Lamp_Wall.uasset" 3125
"C:/Users/fury8/OneDrive/Documents/Unreal Projects/EchoOfTheLamb/Content/StarterContent/Props/SM_Lamp_Wall.uexp" 3126
"C:/Users/fury8/OneDrive/Documents/Unreal Projects/EchoOfTheLamb/Content/StarterContent/Blueprints/Blueprint_WallSconce.uasset" 3127
"C:/Users/fury8/OneDrive/Documents/Unreal Projects/EchoOfTheLamb/Content/StarterContent/Blueprints/Blueprint_WallSconce.uexp" 3128
"C:/Users/fury8/OneDrive/Documents/Unreal Projects/EchoOfTheLamb/Content/StarterContent/Textures/T_Tech_Panel_N.ubulk" 3129
"C:/Users/fury8/OneDrive/Documents/Unreal Projects/EchoOfTheLamb/Content/StarterContent/Textures/T_Tech_Panel_N.uasset" 3130
"C:/Users/fury8/OneDrive/Documents/Unreal Projects/EchoOfTheLamb/Content/StarterContent/Textures/T_Tech_Panel_N.uexp" 3131
"C:/Users/fury8/OneDrive/Documents/Unreal Projects/EchoOfTheLamb/Content/StarterContent/Textures/T_Tech_Panel_M.ubulk" 3132
"C:/Users/fury8/OneDrive/Documents/Unreal Projects/EchoOfTheLamb/Content/StarterContent/Textures/T_Tech_Panel_M.uasset" 3133
"C:/Users/fury8/OneDrive/Documents/Unreal Projects/EchoOfTheLamb/Content/StarterContent/Textures/T_Tech_Panel_M.uexp" 3134
"C:/Users/fury8/OneDrive/Documents/Unreal Projects/EchoOfTheLamb/Content/StarterContent/Materials/M_Tech_Panel.uasset" 3135
"C:/Users/fury8/OneDrive/Documents/Unreal Projects/EchoOfTheLamb/Content/StarterContent/Materials/M_Tech_Panel.uexp" 3136
"C:/Users/fury8/OneDrive/Documents/Unreal Projects/EchoOfTheLamb/Content/StarterContent/Materials/M_Tech_Hex_Tile_Pulse.uasset" 3137
"C:/Users/fury8/OneDrive/Documents/Unreal Projects/EchoOfTheLamb/Content/StarterContent/Materials/M_Tech_Hex_Tile_Pulse.uexp" 3138
"C:/Users/fury8/OneDrive/Documents/Unreal Projects/EchoOfTheLamb/Content/StarterContent/Props/SM_PillarFrame.ubulk" 3139
"C:/Users/fury8/OneDrive/Documents/Unreal Projects/EchoOfTheLamb/Content/StarterContent/Props/SM_PillarFrame.uasset" 3140
"C:/Users/fury8/OneDrive/Documents/Unreal Projects/EchoOfTheLamb/Content/StarterContent/Props/SM_PillarFrame.uexp" 3141
"C:/Users/fury8/OneDrive/Documents/Unreal Projects/EchoOfTheLamb/Content/StarterContent/Textures/T_TableRound_N.ubulk" 3142
"C:/Users/fury8/OneDrive/Documents/Unreal Projects/EchoOfTheLamb/Content/StarterContent/Textures/T_TableRound_N.uasset" 3143
"C:/Users/fury8/OneDrive/Documents/Unreal Projects/EchoOfTheLamb/Content/StarterContent/Textures/T_TableRound_N.uexp" 3144
"C:/Users/fury8/OneDrive/Documents/Unreal Projects/EchoOfTheLamb/Content/StarterContent/Textures/T_TableRound_M.ubulk" 3145
"C:/Users/fury8/OneDrive/Documents/Unreal Projects/EchoOfTheLamb/Content/StarterContent/Textures/T_TableRound_M.uasset" 3146
"C:/Users/fury8/OneDrive/Documents/Unreal Projects/EchoOfTheLamb/Content/StarterContent/Textures/T_TableRound_M.uexp" 3147
"C:/Users/fury8/OneDrive/Documents/Unreal Projects/EchoOfTheLamb/Content/StarterContent/Props/Materials/M_TableRound.uasset" 3148
"C:/Users/fury8/OneDrive/Documents/Unreal Projects/EchoOfTheLamb/Content/StarterContent/Props/Materials/M_TableRound.uexp" 3149
"C:/Users/fury8/OneDrive/Documents/Unreal Projects/EchoOfTheLamb/Content/StarterContent/Props/SM_TableRound.ubulk" 3150
"C:/Users/fury8/OneDrive/Documents/Unreal Projects/EchoOfTheLamb/Content/StarterContent/Props/SM_TableRound.uasset" 3151
"C:/Users/fury8/OneDrive/Documents/Unreal Projects/EchoOfTheLamb/Content/StarterContent/Props/SM_TableRound.uexp" 3152
"C:/Users/fury8/OneDrive/Documents/Unreal Projects/EchoOfTheLamb/Content/StarterContent/Textures/T_Fire_Tiled_D.ubulk" 3153
"C:/Users/fury8/OneDrive/Documents/Unreal Projects/EchoOfTheLamb/Content/StarterContent/Textures/T_Fire_Tiled_D.uasset" 3154
"C:/Users/fury8/OneDrive/Documents/Unreal Projects/EchoOfTheLamb/Content/StarterContent/Textures/T_Fire_Tiled_D.uexp" 3155
"C:/Users/fury8/OneDrive/Documents/Unreal Projects/EchoOfTheLamb/Content/StarterContent/Textures/T_Fire_SubUV.ubulk" 3156
"C:/Users/fury8/OneDrive/Documents/Unreal Projects/EchoOfTheLamb/Content/StarterContent/Textures/T_Fire_SubUV.uasset" 3157
"C:/Users/fury8/OneDrive/Documents/Unreal Projects/EchoOfTheLamb/Content/StarterContent/Textures/T_Fire_SubUV.uexp" 3158
"C:/Users/fury8/OneDrive/Documents/Unreal Projects/EchoOfTheLamb/Content/StarterContent/Particles/Materials/M_Fire_SubUV.uasset" 3159
"C:/Users/fury8/OneDrive/Documents/Unreal Projects/EchoOfTheLamb/Content/StarterContent/Particles/Materials/M_Fire_SubUV.uexp" 3160
"C:/Users/fury8/OneDrive/Documents/Unreal Projects/EchoOfTheLamb/Content/StarterContent/Particles/Materials/M_Heat_Distortion.uasset" 3161
"C:/Users/fury8/OneDrive/Documents/Unreal Projects/EchoOfTheLamb/Content/StarterContent/Particles/Materials/M_Heat_Distortion.uexp" 3162
"C:/Users/fury8/OneDrive/Documents/Unreal Projects/EchoOfTheLamb/Content/StarterContent/Particles/P_Fire.uasset" 3163
"C:/Users/fury8/OneDrive/Documents/Unreal Projects/EchoOfTheLamb/Content/StarterContent/Particles/P_Fire.uexp" 3164
"C:/Users/fury8/OneDrive/Documents/Unreal Projects/EchoOfTheLamb/Content/StarterContent/Audio/Fire01_Cue.uasset" 3165
"C:/Users/fury8/OneDrive/Documents/Unreal Projects/EchoOfTheLamb/Content/StarterContent/Audio/Fire01_Cue.uexp" 3166
"C:/Users/fury8/OneDrive/Documents/Unreal Projects/EchoOfTheLamb/Content/StarterContent/Blueprints/Blueprint_Effect_Fire.uasset" 3167
"C:/Users/fury8/OneDrive/Documents/Unreal Projects/EchoOfTheLamb/Content/StarterContent/Blueprints/Blueprint_Effect_Fire.uexp" 3168
"C:/Users/fury8/OneDrive/Documents/Unreal Projects/EchoOfTheLamb/Content/StarterContent/Textures/T_Wood_Oak_N.ubulk" 3169
"C:/Users/fury8/OneDrive/Documents/Unreal Projects/EchoOfTheLamb/Content/StarterContent/Textures/T_Wood_Oak_N.uasset" 3170
"C:/Users/fury8/OneDrive/Documents/Unreal Projects/EchoOfTheLamb/Content/StarterContent/Textures/T_Wood_Oak_N.uexp" 3171
"C:/Users/fury8/OneDrive/Documents/Unreal Projects/EchoOfTheLamb/Content/StarterContent/Textures/T_Wood_Oak_D.ubulk" 3172
"C:/Users/fury8/OneDrive/Documents/Unreal Projects/EchoOfTheLamb/Content/StarterContent/Textures/T_Wood_Oak_D.uasset" 3173
"C:/Users/fury8/OneDrive/Documents/Unreal Projects/EchoOfTheLamb/Content/StarterContent/Textures/T_Wood_Oak_D.uexp" 3174
"C:/Users/fury8/OneDrive/Documents/Unreal Projects/EchoOfTheLamb/Content/StarterContent/Materials/M_Wood_Oak.uasset" 3175
"C:/Users/fury8/OneDrive/Documents/Unreal Projects/EchoOfTheLamb/Content/StarterContent/Materials/M_Wood_Oak.uexp" 3176
"C:/Users/fury8/OneDrive/Documents/Unreal Projects/EchoOfTheLamb/Content/StarterContent/Architecture/Wall_Window_400x300.ubulk" 3177
"C:/Users/fury8/OneDrive/Documents/Unreal Projects/EchoOfTheLamb/Content/StarterContent/Architecture/Wall_Window_400x300.uasset" 3178
"C:/Users/fury8/OneDrive/Documents/Unreal Projects/EchoOfTheLamb/Content/StarterContent/Architecture/Wall_Window_400x300.uexp" 3179
"C:/Users/fury8/OneDrive/Documents/Unreal Projects/EchoOfTheLamb/Content/StarterContent/Textures/T_Brick_Hewn_Stone_N.ubulk" 3180
"C:/Users/fury8/OneDrive/Documents/Unreal Projects/EchoOfTheLamb/Content/StarterContent/Textures/T_Brick_Hewn_Stone_N.uasset" 3181
"C:/Users/fury8/OneDrive/Documents/Unreal Projects/EchoOfTheLamb/Content/StarterContent/Textures/T_Brick_Hewn_Stone_N.uexp" 3182
"C:/Users/fury8/OneDrive/Documents/Unreal Projects/EchoOfTheLamb/Content/StarterContent/Textures/T_Brick_Hewn_Stone_D.ubulk" 3183
"C:/Users/fury8/OneDrive/Documents/Unreal Projects/EchoOfTheLamb/Content/StarterContent/Textures/T_Brick_Hewn_Stone_D.uasset" 3184
"C:/Users/fury8/OneDrive/Documents/Unreal Projects/EchoOfTheLamb/Content/StarterContent/Textures/T_Brick_Hewn_Stone_D.uexp" 3185
"C:/Users/fury8/OneDrive/Documents/Unreal Projects/EchoOfTheLamb/Content/StarterContent/Textures/T_Brick_Hewn_Stone_M.ubulk" 3186
"C:/Users/fury8/OneDrive/Documents/Unreal Projects/EchoOfTheLamb/Content/StarterContent/Textures/T_Brick_Hewn_Stone_M.uasset" 3187
"C:/Users/fury8/OneDrive/Documents/Unreal Projects/EchoOfTheLamb/Content/StarterContent/Textures/T_Brick_Hewn_Stone_M.uexp" 3188
"C:/Users/fury8/OneDrive/Documents/Unreal Projects/EchoOfTheLamb/Content/StarterContent/Materials/M_Brick_Hewn_Stone.uasset" 3189
"C:/Users/fury8/OneDrive/Documents/Unreal Projects/EchoOfTheLamb/Content/StarterContent/Materials/M_Brick_Hewn_Stone.uexp" 3190
"C:/Users/fury8/OneDrive/Documents/Unreal Projects/EchoOfTheLamb/Content/StarterContent/Audio/Smoke01_Cue.uasset" 3191
"C:/Users/fury8/OneDrive/Documents/Unreal Projects/EchoOfTheLamb/Content/StarterContent/Audio/Smoke01_Cue.uexp" 3192
"C:/Users/fury8/OneDrive/Documents/Unreal Projects/EchoOfTheLamb/Content/StarterContent/Particles/P_Smoke.uasset" 3193
"C:/Users/fury8/OneDrive/Documents/Unreal Projects/EchoOfTheLamb/Content/StarterContent/Particles/P_Smoke.uexp" 3194
"C:/Users/fury8/OneDrive/Documents/Unreal Projects/EchoOfTheLamb/Content/StarterContent/Blueprints/Blueprint_Effect_Smoke.uasset" 3195
"C:/Users/fury8/OneDrive/Documents/Unreal Projects/EchoOfTheLamb/Content/StarterContent/Blueprints/Blueprint_Effect_Smoke.uexp" 3196
"C:/Users/fury8/OneDrive/Documents/Unreal Projects/EchoOfTheLamb/Content/StarterContent/Textures/T_CobbleStone_Rough_N.ubulk" 3197
"C:/Users/fury8/OneDrive/Documents/Unreal Projects/EchoOfTheLamb/Content/StarterContent/Textures/T_CobbleStone_Rough_N.uasset" 3198
"C:/Users/fury8/OneDrive/Documents/Unreal Projects/EchoOfTheLamb/Content/StarterContent/Textures/T_CobbleStone_Rough_N.uexp" 3199
"C:/Users/fury8/OneDrive/Documents/Unreal Projects/EchoOfTheLamb/Content/StarterContent/Textures/T_CobbleStone_Rough_D.ubulk" 3200
"C:/Users/fury8/OneDrive/Documents/Unreal Projects/EchoOfTheLamb/Content/StarterContent/Textures/T_CobbleStone_Rough_D.uasset" 3201
"C:/Users/fury8/OneDrive/Documents/Unreal Projects/EchoOfTheLamb/Content/StarterContent/Textures/T_CobbleStone_Rough_D.uexp" 3202
"C:/Users/fury8/OneDrive/Documents/Unreal Projects/EchoOfTheLamb/Content/StarterContent/Materials/M_CobbleStone_Rough.uasset" 3203
"C:/Users/fury8/OneDrive/Documents/Unreal Projects/EchoOfTheLamb/Content/StarterContent/Materials/M_CobbleStone_Rough.uexp" 3204
"C:/Users/fury8/OneDrive/Documents/Unreal Projects/EchoOfTheLamb/Content/StarterContent/Textures/T_Statue_M.ubulk" 3205
"C:/Users/fury8/OneDrive/Documents/Unreal Projects/EchoOfTheLamb/Content/StarterContent/Textures/T_Statue_M.uasset" 3206
"C:/Users/fury8/OneDrive/Documents/Unreal Projects/EchoOfTheLamb/Content/StarterContent/Textures/T_Statue_M.uexp" 3207
"C:/Users/fury8/OneDrive/Documents/Unreal Projects/EchoOfTheLamb/Content/StarterContent/Textures/T_Statue_N.ubulk" 3208
"C:/Users/fury8/OneDrive/Documents/Unreal Projects/EchoOfTheLamb/Content/StarterContent/Textures/T_Statue_N.uasset" 3209
"C:/Users/fury8/OneDrive/Documents/Unreal Projects/EchoOfTheLamb/Content/StarterContent/Textures/T_Statue_N.uexp" 3210
"C:/Users/fury8/OneDrive/Documents/Unreal Projects/EchoOfTheLamb/Content/StarterContent/Props/Materials/M_Statue.uasset" 3211
"C:/Users/fury8/OneDrive/Documents/Unreal Projects/EchoOfTheLamb/Content/StarterContent/Props/Materials/M_Statue.uexp" 3212
"C:/Users/fury8/OneDrive/Documents/Unreal Projects/EchoOfTheLamb/Content/StarterContent/Props/Materials/M_StatueGlass.uasset" 3213
"C:/Users/fury8/OneDrive/Documents/Unreal Projects/EchoOfTheLamb/Content/StarterContent/Props/Materials/M_StatueGlass.uexp" 3214
"C:/Users/fury8/OneDrive/Documents/Unreal Projects/EchoOfTheLamb/Content/StarterContent/Props/SM_Statue.ubulk" 3215
"C:/Users/fury8/OneDrive/Documents/Unreal Projects/EchoOfTheLamb/Content/StarterContent/Props/SM_Statue.uasset" 3216
"C:/Users/fury8/OneDrive/Documents/Unreal Projects/EchoOfTheLamb/Content/StarterContent/Props/SM_Statue.uexp" 3217
"C:/Users/fury8/OneDrive/Documents/Unreal Projects/EchoOfTheLamb/Content/StarterContent/Textures/T_ground_Moss_D.ubulk" 3218
"C:/Users/fury8/OneDrive/Documents/Unreal Projects/EchoOfTheLamb/Content/StarterContent/Textures/T_ground_Moss_D.uasset" 3219
"C:/Users/fury8/OneDrive/Documents/Unreal Projects/EchoOfTheLamb/Content/StarterContent/Textures/T_ground_Moss_D.uexp" 3220
"C:/Users/fury8/OneDrive/Documents/Unreal Projects/EchoOfTheLamb/Content/StarterContent/Textures/T_Ground_Moss_N.ubulk" 3221
"C:/Users/fury8/OneDrive/Documents/Unreal Projects/EchoOfTheLamb/Content/StarterContent/Textures/T_Ground_Moss_N.uasset" 3222
"C:/Users/fury8/OneDrive/Documents/Unreal Projects/EchoOfTheLamb/Content/StarterContent/Textures/T_Ground_Moss_N.uexp" 3223
"C:/Users/fury8/OneDrive/Documents/Unreal Projects/EchoOfTheLamb/Content/StarterContent/Materials/M_Ground_Moss.uasset" 3224
"C:/Users/fury8/OneDrive/Documents/Unreal Projects/EchoOfTheLamb/Content/StarterContent/Materials/M_Ground_Moss.uexp" 3225
"C:/Users/fury8/OneDrive/Documents/Unreal Projects/EchoOfTheLamb/Content/StarterContent/Props/SM_PillarFrame300.ubulk" 3226
"C:/Users/fury8/OneDrive/Documents/Unreal Projects/EchoOfTheLamb/Content/StarterContent/Props/SM_PillarFrame300.uasset" 3227
"C:/Users/fury8/OneDrive/Documents/Unreal Projects/EchoOfTheLamb/Content/StarterContent/Props/SM_PillarFrame300.uexp" 3228
"C:/Users/fury8/OneDrive/Documents/Unreal Projects/EchoOfTheLamb/Content/StarterContent/Materials/M_Metal_Chrome.uasset" 3229
"C:/Users/fury8/OneDrive/Documents/Unreal Projects/EchoOfTheLamb/Content/StarterContent/Materials/M_Metal_Chrome.uexp" 3230
"C:/Users/fury8/OneDrive/Documents/Unreal Projects/EchoOfTheLamb/Content/StarterContent/Textures/T_Metal_Gold_D.ubulk" 3231
"C:/Users/fury8/OneDrive/Documents/Unreal Projects/EchoOfTheLamb/Content/StarterContent/Textures/T_Metal_Gold_D.uasset" 3232
"C:/Users/fury8/OneDrive/Documents/Unreal Projects/EchoOfTheLamb/Content/StarterContent/Textures/T_Metal_Gold_D.uexp" 3233
"C:/Users/fury8/OneDrive/Documents/Unreal Projects/EchoOfTheLamb/Content/StarterContent/Materials/M_Metal_Gold.uasset" 3234
"C:/Users/fury8/OneDrive/Documents/Unreal Projects/EchoOfTheLamb/Content/StarterContent/Materials/M_Metal_Gold.uexp" 3235
"C:/Users/fury8/OneDrive/Documents/Unreal Projects/EchoOfTheLamb/Content/StarterContent/Textures/T_Ground_Grass_D.ubulk" 3236
"C:/Users/fury8/OneDrive/Documents/Unreal Projects/EchoOfTheLamb/Content/StarterContent/Textures/T_Ground_Grass_D.uasset" 3237
"C:/Users/fury8/OneDrive/Documents/Unreal Projects/EchoOfTheLamb/Content/StarterContent/Textures/T_Ground_Grass_D.uexp" 3238
"C:/Users/fury8/OneDrive/Documents/Unreal Projects/EchoOfTheLamb/Content/StarterContent/Textures/T_Ground_Grass_N.ubulk" 3239
"C:/Users/fury8/OneDrive/Documents/Unreal Projects/EchoOfTheLamb/Content/StarterContent/Textures/T_Ground_Grass_N.uasset" 3240
"C:/Users/fury8/OneDrive/Documents/Unreal Projects/EchoOfTheLamb/Content/StarterContent/Textures/T_Ground_Grass_N.uexp" 3241
"C:/Users/fury8/OneDrive/Documents/Unreal Projects/EchoOfTheLamb/Content/StarterContent/Materials/M_Ground_Grass.uasset" 3242
"C:/Users/fury8/OneDrive/Documents/Unreal Projects/EchoOfTheLamb/Content/StarterContent/Materials/M_Ground_Grass.uexp" 3243
"C:/Users/fury8/OneDrive/Documents/Unreal Projects/EchoOfTheLamb/Content/StarterContent/Audio/Starter_Background_Cue.uasset" 3244
"C:/Users/fury8/OneDrive/Documents/Unreal Projects/EchoOfTheLamb/Content/StarterContent/Audio/Starter_Background_Cue.uexp" 3245
"C:/Users/fury8/OneDrive/Documents/Unreal Projects/EchoOfTheLamb/Content/StarterContent/Maps/StarterMap_BuiltData.ubulk" 3246
"C:/Users/fury8/OneDrive/Documents/Unreal Projects/EchoOfTheLamb/Content/StarterContent/Maps/StarterMap_BuiltData.uasset" 3247
"C:/Users/fury8/OneDrive/Documents/Unreal Projects/EchoOfTheLamb/Content/StarterContent/Maps/StarterMap_BuiltData.uexp" 3248
"C:/Users/fury8/OneDrive/Documents/Unreal Projects/EchoOfTheLamb/Content/StarterContent/Props/SM_CornerFrame.ubulk" 3249
"C:/Users/fury8/OneDrive/Documents/Unreal Projects/EchoOfTheLamb/Content/StarterContent/Props/SM_CornerFrame.uasset" 3250
"C:/Users/fury8/OneDrive/Documents/Unreal Projects/EchoOfTheLamb/Content/StarterContent/Props/SM_CornerFrame.uexp" 3251
"C:/Users/fury8/OneDrive/Documents/Unreal Projects/EchoOfTheLamb/Content/StarterContent/Shapes/Shape_Sphere.ubulk" 3252
"C:/Users/fury8/OneDrive/Documents/Unreal Projects/EchoOfTheLamb/Content/StarterContent/Shapes/Shape_Sphere.uasset" 3253
"C:/Users/fury8/OneDrive/Documents/Unreal Projects/EchoOfTheLamb/Content/StarterContent/Shapes/Shape_Sphere.uexp" 3254
"C:/Users/fury8/OneDrive/Documents/Unreal Projects/EchoOfTheLamb/Content/StarterContent/Audio/Starter_Music_Cue.uasset" 3255
"C:/Users/fury8/OneDrive/Documents/Unreal Projects/EchoOfTheLamb/Content/StarterContent/Audio/Starter_Music_Cue.uexp" 3256
"../../../Engine/Content/EngineSky/M_SimpleSkyDome.uasset" 3257
"../../../Engine/Content/EngineSky/M_SimpleSkyDome.uexp" 3258
"C:/Users/fury8/OneDrive/Documents/Unreal Projects/EchoOfTheLamb/Content/StarterContent/Shapes/Shape_QuadPyramid.ubulk" 3259
"C:/Users/fury8/OneDrive/Documents/Unreal Projects/EchoOfTheLamb/Content/StarterContent/Shapes/Shape_QuadPyramid.uasset" 3260
"C:/Users/fury8/OneDrive/Documents/Unreal Projects/EchoOfTheLamb/Content/StarterContent/Shapes/Shape_QuadPyramid.uexp" 3261
"C:/Users/fury8/OneDrive/Documents/Unreal Projects/EchoOfTheLamb/Content/StarterContent/Textures/T_Metal_Aluminum_D.ubulk" 3262
"C:/Users/fury8/OneDrive/Documents/Unreal Projects/EchoOfTheLamb/Content/StarterContent/Textures/T_Metal_Aluminum_D.uasset" 3263
"C:/Users/fury8/OneDrive/Documents/Unreal Projects/EchoOfTheLamb/Content/StarterContent/Textures/T_Metal_Aluminum_D.uexp" 3264
"C:/Users/fury8/OneDrive/Documents/Unreal Projects/EchoOfTheLamb/Content/StarterContent/Materials/M_Metal_Burnished_Steel.uasset" 3265
"C:/Users/fury8/OneDrive/Documents/Unreal Projects/EchoOfTheLamb/Content/StarterContent/Materials/M_Metal_Burnished_Steel.uexp" 3266
"C:/Users/fury8/OneDrive/Documents/Unreal Projects/EchoOfTheLamb/Content/StarterContent/Props/SM_Chair.ubulk" 3267
"C:/Users/fury8/OneDrive/Documents/Unreal Projects/EchoOfTheLamb/Content/StarterContent/Props/SM_Chair.uasset" 3268
"C:/Users/fury8/OneDrive/Documents/Unreal Projects/EchoOfTheLamb/Content/StarterContent/Props/SM_Chair.uexp" 3269
"C:/Users/fury8/OneDrive/Documents/Unreal Projects/EchoOfTheLamb/Content/StarterContent/Textures/T_Concrete_Panels_D.ubulk" 3270
"C:/Users/fury8/OneDrive/Documents/Unreal Projects/EchoOfTheLamb/Content/StarterContent/Textures/T_Concrete_Panels_D.uasset" 3271
"C:/Users/fury8/OneDrive/Documents/Unreal Projects/EchoOfTheLamb/Content/StarterContent/Textures/T_Concrete_Panels_D.uexp" 3272
"C:/Users/fury8/OneDrive/Documents/Unreal Projects/EchoOfTheLamb/Content/StarterContent/Textures/T_Concrete_Panels_N.ubulk" 3273
"C:/Users/fury8/OneDrive/Documents/Unreal Projects/EchoOfTheLamb/Content/StarterContent/Textures/T_Concrete_Panels_N.uasset" 3274
"C:/Users/fury8/OneDrive/Documents/Unreal Projects/EchoOfTheLamb/Content/StarterContent/Textures/T_Concrete_Panels_N.uexp" 3275
"C:/Users/fury8/OneDrive/Documents/Unreal Projects/EchoOfTheLamb/Content/StarterContent/Materials/M_Concrete_Panels.uasset" 3276
"C:/Users/fury8/OneDrive/Documents/Unreal Projects/EchoOfTheLamb/Content/StarterContent/Materials/M_Concrete_Panels.uexp" 3277
"C:/Users/fury8/OneDrive/Documents/Unreal Projects/EchoOfTheLamb/Content/StarterContent/Maps/StarterMap.uexp" 3278
"C:/Users/fury8/OneDrive/Documents/Unreal Projects/EchoOfTheLamb/Content/StarterContent/Maps/StarterMap.umap" 3279
"C:/Users/fury8/OneDrive/Documents/Unreal Projects/EchoOfTheLamb/Content/StarterContent/Maps/Minimal_Default_BuiltData.ubulk" 3280
"C:/Users/fury8/OneDrive/Documents/Unreal Projects/EchoOfTheLamb/Content/StarterContent/Maps/Minimal_Default_BuiltData.uasset" 3281
"C:/Users/fury8/OneDrive/Documents/Unreal Projects/EchoOfTheLamb/Content/StarterContent/Maps/Minimal_Default_BuiltData.uexp" 3282
"C:/Users/fury8/OneDrive/Documents/Unreal Projects/EchoOfTheLamb/Content/StarterContent/Maps/Minimal_Default.uexp" 3283
"C:/Users/fury8/OneDrive/Documents/Unreal Projects/EchoOfTheLamb/Content/StarterContent/Maps/Minimal_Default.umap" 3284
"C:/Users/fury8/OneDrive/Documents/Unreal Projects/EchoOfTheLamb/Content/StarterContent/Maps/Advanced_Lighting_BuiltData.ubulk" 3285
"C:/Users/fury8/OneDrive/Documents/Unreal Projects/EchoOfTheLamb/Content/StarterContent/Maps/Advanced_Lighting_BuiltData.uasset" 3286
"C:/Users/fury8/OneDrive/Documents/Unreal Projects/EchoOfTheLamb/Content/StarterContent/Maps/Advanced_Lighting_BuiltData.uexp" 3287
"C:/Users/fury8/OneDrive/Documents/Unreal Projects/EchoOfTheLamb/Content/StarterContent/Materials/M_AssetPlatform.uasset" 3288
"C:/Users/fury8/OneDrive/Documents/Unreal Projects/EchoOfTheLamb/Content/StarterContent/Materials/M_AssetPlatform.uexp" 3289
"C:/Users/fury8/OneDrive/Documents/Unreal Projects/EchoOfTheLamb/Content/StarterContent/Architecture/SM_AssetPlatform.ubulk" 3290
"C:/Users/fury8/OneDrive/Documents/Unreal Projects/EchoOfTheLamb/Content/StarterContent/Architecture/SM_AssetPlatform.uasset" 3291
"C:/Users/fury8/OneDrive/Documents/Unreal Projects/EchoOfTheLamb/Content/StarterContent/Architecture/SM_AssetPlatform.uexp" 3292
"../../../Engine/Content/MapTemplates/Sky/DaylightAmbientCubemap.uasset" 3293
"../../../Engine/Content/MapTemplates/Sky/DaylightAmbientCubemap.uexp" 3294
"C:/Users/fury8/OneDrive/Documents/Unreal Projects/EchoOfTheLamb/Content/StarterContent/Blueprints/Assets/M_LightStage_Skybox_Master.uasset" 3295
"C:/Users/fury8/OneDrive/Documents/Unreal Projects/EchoOfTheLamb/Content/StarterContent/Blueprints/Assets/M_LightStage_Skybox_Master.uexp" 3296
"C:/Users/fury8/OneDrive/Documents/Unreal Projects/EchoOfTheLamb/Content/StarterContent/Blueprints/Assets/M_LightStage_Skybox_HDRI.uasset" 3297
"C:/Users/fury8/OneDrive/Documents/Unreal Projects/EchoOfTheLamb/Content/StarterContent/Blueprints/Assets/M_LightStage_Skybox_HDRI.uexp" 3298
"C:/Users/fury8/OneDrive/Documents/Unreal Projects/EchoOfTheLamb/Content/StarterContent/Blueprints/Assets/SunlightColorLUT.uasset" 3299
"C:/Users/fury8/OneDrive/Documents/Unreal Projects/EchoOfTheLamb/Content/StarterContent/Blueprints/Assets/SunlightColorLUT.uexp" 3300
"C:/Users/fury8/OneDrive/Documents/Unreal Projects/EchoOfTheLamb/Content/StarterContent/Blueprints/Assets/M_LightStage_Skybox_Black.uasset" 3301
"C:/Users/fury8/OneDrive/Documents/Unreal Projects/EchoOfTheLamb/Content/StarterContent/Blueprints/Assets/M_LightStage_Skybox_Black.uexp" 3302
"C:/Users/fury8/OneDrive/Documents/Unreal Projects/EchoOfTheLamb/Content/StarterContent/Blueprints/Assets/FogBrightnessLUT.uasset" 3303
"C:/Users/fury8/OneDrive/Documents/Unreal Projects/EchoOfTheLamb/Content/StarterContent/Blueprints/Assets/FogBrightnessLUT.uexp" 3304
"C:/Users/fury8/OneDrive/Documents/Unreal Projects/EchoOfTheLamb/Content/StarterContent/Blueprints/Assets/SM_Arrows.ubulk" 3305
"C:/Users/fury8/OneDrive/Documents/Unreal Projects/EchoOfTheLamb/Content/StarterContent/Blueprints/Assets/SM_Arrows.uasset" 3306
"C:/Users/fury8/OneDrive/Documents/Unreal Projects/EchoOfTheLamb/Content/StarterContent/Blueprints/Assets/SM_Arrows.uexp" 3307
"C:/Users/fury8/OneDrive/Documents/Unreal Projects/EchoOfTheLamb/Content/StarterContent/Blueprints/Assets/M_LightStage_Arrows.uasset" 3308
"C:/Users/fury8/OneDrive/Documents/Unreal Projects/EchoOfTheLamb/Content/StarterContent/Blueprints/Assets/M_LightStage_Arrows.uexp" 3309
"../../../Engine/Content/ArtTools/RenderToTexture/MaterialFunctions/CheckerPattern.uasset" 3310
"../../../Engine/Content/ArtTools/RenderToTexture/MaterialFunctions/CheckerPattern.uexp" 3311
"../../../Engine/Content/Functions/Engine_MaterialFunctions02/ScreenResolution.uasset" 3312
"../../../Engine/Content/Functions/Engine_MaterialFunctions02/ScreenResolution.uexp" 3313
"../../../Engine/Content/Functions/Engine_MaterialFunctions02/Texturing/ScreenAlignedUVs.uasset" 3314
"../../../Engine/Content/Functions/Engine_MaterialFunctions02/Texturing/ScreenAlignedUVs.uexp" 3315
"../../../Engine/Content/EditorMaterials/Thumbnails/SkySphereMaterial.uasset" 3316
"../../../Engine/Content/EditorMaterials/Thumbnails/SkySphereMaterial.uexp" 3317
"C:/Users/fury8/OneDrive/Documents/Unreal Projects/EchoOfTheLamb/Content/StarterContent/Blueprints/Assets/Skybox.ubulk" 3318
"C:/Users/fury8/OneDrive/Documents/Unreal Projects/EchoOfTheLamb/Content/StarterContent/Blueprints/Assets/Skybox.uasset" 3319
"C:/Users/fury8/OneDrive/Documents/Unreal Projects/EchoOfTheLamb/Content/StarterContent/Blueprints/Assets/Skybox.uexp" 3320
"C:/Users/fury8/OneDrive/Documents/Unreal Projects/EchoOfTheLamb/Content/StarterContent/Blueprints/BP_LightStudio.uasset" 3321
"C:/Users/fury8/OneDrive/Documents/Unreal Projects/EchoOfTheLamb/Content/StarterContent/Blueprints/BP_LightStudio.uexp" 3322
"../../../Engine/Content/EditorMeshes/ColorCalibrator/M_GreyBall.uasset" 3323
"../../../Engine/Content/EditorMeshes/ColorCalibrator/M_GreyBall.uexp" 3324
"../../../Engine/Content/EditorMeshes/ColorCalibrator/M_ClearCoat.uasset" 3325
"../../../Engine/Content/EditorMeshes/ColorCalibrator/M_ClearCoat.uexp" 3326
"../../../Engine/Content/EditorMeshes/ColorCalibrator/M_ChromeBall.uasset" 3327
"../../../Engine/Content/EditorMeshes/ColorCalibrator/M_ChromeBall.uexp" 3328
"../../../Engine/Content/EditorMeshes/ColorCalibrator/M_ClearCoatBlack.uasset" 3329
"../../../Engine/Content/EditorMeshes/ColorCalibrator/M_ClearCoatBlack.uexp" 3330
"../../../Engine/Content/EditorMeshes/ColorCalibrator/Color_checker.ubulk" 3331
"../../../Engine/Content/EditorMeshes/ColorCalibrator/Color_checker.uasset" 3332
"../../../Engine/Content/EditorMeshes/ColorCalibrator/Color_checker.uexp" 3333
"../../../Engine/Content/EditorMeshes/ColorCalibrator/M_ColorGrid.uasset" 3334
"../../../Engine/Content/EditorMeshes/ColorCalibrator/M_ColorGrid.uexp" 3335
"../../../Engine/Content/EditorMeshes/ColorCalibrator/SM_ColorCalibrator.ubulk" 3336
"../../../Engine/Content/EditorMeshes/ColorCalibrator/SM_ColorCalibrator.uasset" 3337
"../../../Engine/Content/EditorMeshes/ColorCalibrator/SM_ColorCalibrator.uexp" 3338
"C:/Users/fury8/OneDrive/Documents/Unreal Projects/EchoOfTheLamb/Content/StarterContent/Maps/Advanced_Lighting.uexp" 3339
"C:/Users/fury8/OneDrive/Documents/Unreal Projects/EchoOfTheLamb/Content/StarterContent/Maps/Advanced_Lighting.umap" 3340
